"TAIR","SYMBOL","interaction_direction","log2FoldChange","population","n_cells","detection_rate","average_normalized_expression","expression_z"
"AT1G04180","YUC9; YUCCA9","Negative",-1.72444126887544,"Mature",81,0.382716049382716,0.330440690287596,1.0379257929171
"AT4G39400","ATBRI1; BIN1; BRI1; CBB2; DWF2","Negative",-2.98604888635343,"Mature",81,0.481481481481481,0.333300617526094,0.219618110268688
"AT1G56600","AtGolS2; GolS2","Positive",2.04698210819202,"Mature",81,0.567901234567901,0.727684002928611,2.42102180228479
"AT5G66985","HUP44","Negative",-2.54543998303942,"Mature",81,0.0864197530864197,0.0670038066274389,1.45421320374582
"AT1G14960",NA,"Negative",-2.70940826566846,"Mature",81,0.0864197530864197,0.0496953750466181,-0.564428442121354
"AT1G77380","AAP3; ATAAP3","Positive",1.74668743756508,"Mature",81,0.0123456790123457,0.00747521689261571,1.09113019627662
"AT1G72470","ATEXO70D1; EXO70D1","Negative",-1.0259510636015,"Mature",81,0.308641975308642,0.205681113924233,-0.611526004552439
"AT1G69810","ATWRKY36; WRKY36","Negative",-1.19358562700619,"Mature",81,0.37037037037037,0.256639149707567,0.271275009702516
"AT2G36640","ATECP63; ECP63","Positive",1.99115016290122,"Mature",81,0.0617283950617284,0.0826887726151618,2.48712948395539
"AT2G44130","KFB39; KMD3","Positive",2.06978503389309,"Mature",81,0.185185185185185,0.235681495809895,1.76884104166694
"AT3G27170","ATCLC-B; CLC-B","Negative",-2.09861229382896,"Mature",81,0,0,-0.386400512205485
"AT3G11340","UGT76B1","Negative",-1.00096049712863,"Mature",81,0.283950617283951,0.234726444670644,-0.597662052478558
"AT2G44340","VQ18","Negative",-2.82755926578352,"Mature",81,0,0,-0.493637492773086
"AT4G11210",NA,"Negative",-1.6049516467354,"Mature",81,0.0493827160493827,0.0602297248686759,-0.475490120112508
"AT5G28510","BGLU24","Positive",2.44781364481874,"Mature",81,0,0,-0.31716035847184
"AT5G09640","SCPL19; SNG2","Positive",2.49406633150789,"Mature",81,0.123456790123457,0.0704237211073379,3.01407887601304
"AT4G01720","AtWRKY47; WRKY47","Negative",-1.24700444964257,"Mature",81,0.185185185185185,0.115800162896236,1.46707729724352
"AT1G72300","PSY1R","Negative",-1.58180374786453,"Mature",81,0.037037037037037,0.016441071847656,-0.196158395137897
"AT5G42500",NA,"Negative",-1.56864995721748,"Mature",81,0,0,-0.486611385047851
"AT1G70890","MLP43","Negative",-1.44642788019455,"Mature",81,0,0,-0.335462366120468
"AT4G01140",NA,"Negative",-2.00945325466858,"Mature",81,0.0493827160493827,0.0294520319767501,-0.904675676756082
"AT1G29050","TBL38","Negative",-1.036786264475,"Mature",81,0.0246913580246914,0.0141802245422897,-0.757563670919397
"AT5G36180","scpl1","Negative",-1.61168250916166,"Mature",81,0.0246913580246914,0.0177230650848252,-0.338748183852277
"AT5G52400","CYP715A1","Positive",2.42051842957844,"Mature",81,0.567901234567901,0.566912911526388,2.93849048262163
"AT5G48290",NA,"Negative",-1.16748300896808,"Mature",81,0,0,-0.372790919373179
"AT2G35910","ATL70","Negative",-1.52068850855787,"Mature",81,0.493827160493827,0.378275423152351,2.51209219551905
"AT2G20350",NA,"Positive",2.57297330752297,"Mature",81,0.0123456790123457,0.00752785730033377,2.98069150054114
"AT5G20710","BGAL7","Negative",-2.53455956374412,"Mature",81,0,0,-0.46976752541973
"AT5G24030","SLAH3","Negative",-1.34409110888543,"Mature",81,0.0987654320987654,0.0754940499830446,0.107962268981442
"AT2G25150",NA,"Negative",-1.64996424146849,"Mature",81,0,0,-0.439972605938062
"AT4G15390",NA,"Negative",-1.38879120045859,"Mature",81,0.82716049382716,1.13363331747897,1.9392138876514
"AT5G05790",NA,"Negative",-1.00315655566098,"Mature",81,0,0,-0.36813463638027
"AT4G23220","CRK14","Positive",2.82992118569744,"Mature",81,0.037037037037037,0.0165475491661051,3.01143788214769
"AT3G12580","ATHSP70; HSC70-4; HSP70; HSP70-4","Positive",1.12814765520209,"Mature",81,0.962962962962963,1.86167944244395,0.727989082429586
"AT4G17250",NA,"Positive",1.7784453004215,"Mature",81,0.135802469135802,0.095651896963527,2.95457383899772
"AT1G28660","GGL2; GGL4","Negative",-1.71456459678125,"Mature",81,0,0,-0.835419352428655
"AT4G23550","ATWRKY29; WRKY29","Negative",-1.8365609541852,"Mature",81,0,0,-0.335899307011233
"AT5G43350","ATPT1; PHT1;1; PT1","Negative",-1.22803934235111,"Mature",81,0.0246913580246914,0.0116093062068077,-0.588583450275005
"AT5G04960","PME46; PMEI-PME46","Negative",-1.35719708816369,"Mature",81,0.0123456790123457,0.00652252363308155,-0.301723397817048
"AT1G63720",NA,"Positive",1.14984778400462,"Mature",81,0.580246913580247,0.49391867132536,2.83587903318858
"AT4G28890","ATL42","Negative",-1.39804306627639,"Mature",81,0,0,-0.491110479331309
"AT3G50970","LTI30; XERO2","Positive",1.1213419588549,"Mature",81,0.876543209876543,1.56345324595601,-0.260467272570467
"AT4G10310","ATHKT1; HKT1; HKT1;1","Positive",1.52708955133207,"Mature",81,0,0,-0.307453513623841
"AT1G70690","HWI1; PDLP5","Negative",-1.22616087305977,"Mature",81,0.469135802469136,0.3782248983093,1.69704168309562
"AT1G78280","JMJ21","Positive",1.82568231002151,"Mature",81,0.567901234567901,0.413338496419234,2.83614565808587
"AT5G63770","ATDGK2; DGK2","Positive",1.66389571460326,"Mature",81,0.17283950617284,0.10518111159694,0.604400018745905
"AT4G01090",NA,"Positive",1.59257235202094,"Mature",81,0.740740740740741,0.681272198946916,2.91289080590386
"AT4G01680","AtMYB55; MYB55","Negative",-2.49712806100537,"Mature",81,0.0740740740740741,0.0376618069286664,-0.349608891139688
"AT1G17420","ATLOX3; LOX3","Positive",2.21404146389508,"Mature",81,0.641975308641975,0.739867305259043,2.93491229476734
"AT5G02350",NA,"Negative",-1.21600938788874,"Mature",81,0.037037037037037,0.0221762398446205,-0.503836808886681
"AT1G09090","ATRBOHB; ATRBOHB-BETA; RBOHB","Negative",-1.08867639815058,"Mature",81,0,0,-0.418285970620079
"AT5G14340","AtMYB40; MYB40","Negative",-1.88752530766593,"Mature",81,0,0,-0.609342339387383
"AT1G72430","SAUR78","Negative",-1.14338710104547,"Mature",81,0.0123456790123457,0.00516635926659089,-0.584069312020091
"AT2G44070",NA,"Positive",2.57289296233075,"Mature",81,0.234567901234568,0.164597782800022,2.99916183116432
"AT1G56060","AthCYSTM3","Positive",1.94512669123876,"Mature",81,0.358024691358025,0.292904041568081,2.9216696697187
"AT5G27100","ATGLR2.1; GLR2.1","Negative",-1.47938200481162,"Mature",81,0.0123456790123457,0.0048192317584149,-0.283762968604195
"AT3G14560",NA,"Positive",1.77396540582496,"Mature",81,0.185185185185185,0.189014225415598,1.56763529515509
"AT3G47660","PRAF2","Positive",5.27746696756133,"Mature",81,0,0,-0.549903608979384
"AT5G38100",NA,"Negative",-1.37469090396726,"Mature",81,0.148148148148148,0.0977396184876561,0.366201591736708
"AT5G48430",NA,"Negative",-1.39968565107729,"Mature",81,0.0987654320987654,0.0572164672887644,0.994859226399994
"AT5G52870","MAKR5","Negative",-1.01139711479932,"Mature",81,0.222222222222222,0.155479638051269,0.726608556481922
"AT2G44940","ERF34","Negative",-1.13679801947236,"Mature",81,0.111111111111111,0.0702230217522743,-0.262372190808718
"AT3G09220","LAC7","Negative",-1.40061975574422,"Mature",81,0,0,-0.364974086542509
"AT2G39430",NA,"Negative",-1.06352038769506,"Mature",81,0.0246913580246914,0.0117368268109711,-0.0365802841042471
"AT4G08620","SULTR1;1","Negative",-1.88659649266484,"Mature",81,0,0,-0.370670959315003
"AT4G12545",NA,"Negative",-2.0267872267625,"Mature",81,0.148148148148148,0.0817822233774712,-0.56318578796375
"AT5G44310",NA,"Positive",3.57169096407992,"Mature",81,0,0,-0.436674223053497
"AT5G15960","KIN1","Positive",1.28268935107574,"Mature",81,0.395061728395062,0.427906801249045,0.758832903259386
"AT2G21510",NA,"Positive",1.75684913329933,"Mature",81,0.123456790123457,0.0899754279267441,2.71786988203548
"AT4G36220","CYP84A1; F5H; FAH1","Negative",-1.24783623311178,"Mature",81,0.0123456790123457,0.00533404325153576,0.515759383617692
"AT3G07600",NA,"Negative",-1.64878645824955,"Mature",81,0.592592592592593,0.657665450833881,2.97918264901893
"AT3G62990",NA,"Positive",2.08838035316228,"Mature",81,0.0123456790123457,0.00318431377661773,-0.32479001760297
"AT5G10100","TPPI","Positive",1.70467520381942,"Mature",81,0.0123456790123457,0.00595881874594258,-0.678959104485013
"AT4G04745",NA,"Negative",-1.91310329099706,"Mature",81,0.283950617283951,0.210742913971294,0.284560014642891
"AT5G57030","LUT2","Positive",1.91943434617527,"Mature",81,0.037037037037037,0.0226191838717009,1.2803224283722
"AT2G28650","ATEXO70H8; EXO70H8","Negative",-1.10743054521859,"Mature",81,0.0246913580246914,0.0329486662650587,-0.000243066808902948
"AT2G43060","AtIBH1; IBH1","Negative",-1.05256696817149,"Mature",81,0.0987654320987654,0.0581698082427224,0.907447860073002
"AT4G27410","ANAC072; ANAC72; AtRD26; RD26","Positive",1.40788682844608,"Mature",81,0.17283950617284,0.0941657123416819,-0.348002618562978
"AT5G03620",NA,"Positive",3.25463681600375,"Mature",81,0,0,-0.524323268023963
"AT3G20940","CYP705A30","Negative",-1.09240967140652,"Mature",81,0.580246913580247,0.515257529107325,0.243052960563958
"AT1G66090","TN3","Positive",2.20410368097024,"Mature",81,0.395061728395062,0.365677744804344,2.89088253302171
"AT1G66440",NA,"Negative",-1.71128330914388,"Mature",81,0,0,-0.411379290932736
"AT5G43650","BHLH92","Positive",2.30539455957688,"Mature",81,0.962962962962963,2.05528129268132,2.97023456879645
"AT5G53250","AGP22; ATAGP22","Negative",-1.138894860995,"Mature",81,0.592592592592593,0.559574794871065,-0.803358144420647
"AT3G09290","TAC1","Negative",-2.88485967121794,"Mature",81,0,0,-0.449369816876603
"AT4G18430","AtRABA1e; RABA1e","Negative",-1.31163356369142,"Mature",81,0.0246913580246914,0.0111037698499263,-0.33630901081568
"AT1G32960","ATSBT3.3; SBT3.3","Positive",2.29335120801622,"Mature",81,0,0,-0.301511344577764
"AT2G31690","DALL5","Positive",1.71187588960037,"Mature",81,0.111111111111111,0.101132057790389,3.0057636785668
"AT2G23600","ACL; ATME8; ATMES2; ME8; MES2","Positive",1.19584804590202,"Mature",81,0,0,-0.387792255625874
"AT1G65310","ATXTH17; XTH17","Negative",-1.47996729637104,"Mature",81,0.0123456790123457,0.00845074670157227,-0.599766767640366
"AT1G49310",NA,"Positive",1.08743138840695,"Mature",81,0,0,-0.491194694475944
"AT3G22240","AthCYSTM9","Negative",-1.1890605983947,"Mature",81,0,0,-0.353895798417935
"AT2G41380",NA,"Negative",-1.62860208922019,"Mature",81,0.185185185185185,0.124754174874802,0.20812863994061
"AT5G20230","ATBCB; BCB; SAG14","Positive",1.7574067361109,"Mature",81,0.925925925925926,3.04527021857794,2.15931440186975
"AT3G22910","ACA13","Positive",1.27407457950215,"Mature",81,0.864197530864197,1.41231001383382,2.34717802148049
"AT5G20045",NA,"Negative",-1.79040617492877,"Mature",81,0.506172839506173,0.534617654114739,1.70939488433612
"AT1G26970","PBL4","Negative",-1.60672066418207,"Mature",81,0.0123456790123457,0.00542742999288851,-0.827435136796567
"AT1G06180","ATMYB13; ATMYBLFGN; MYB13","Negative",-1.17919366081855,"Mature",81,0.0493827160493827,0.0288246569877473,-0.989497032363174
"AT5G04370","NAMT1","Positive",1.04650165006307,"Mature",81,0,0,-0.305605458152852
"AT2G32560",NA,"Negative",-1.1873332596431,"Mature",81,0.271604938271605,0.182246058114071,0.117299298490663
"AT4G17340","DELTA-TIP2; TIP2;2","Negative",-1.10325288077999,"Mature",81,0.135802469135802,0.0773823074111822,-0.729077979903187
"AT5G57480",NA,"Negative",-1.09600758300743,"Mature",81,0.0864197530864197,0.0589770294780969,-0.422173096170598
"AT1G52890","ANAC019; ANAC19; NAC019","Positive",1.4735045454021,"Mature",81,0.0246913580246914,0.0146721812133982,-0.330797606384543
"AT4G35060","AtHMP39; HIPP25","Negative",-1.32498070067296,"Mature",81,0.0493827160493827,0.0326589255814081,-0.660086412487816
"AT4G17670",NA,"Negative",-1.23044033768659,"Mature",81,0,0,-0.708314037825686
"AT1G11925",NA,"Positive",2.03926122876378,"Mature",81,0,0,-0.301511344577764
"AT5G13910","LEP","Negative",-1.33443462092489,"Mature",81,0.037037037037037,0.0221362821079251,-0.5315925056684
"AT1G44050",NA,"Negative",-1.24877244600657,"Mature",81,0,0,-0.418151317281332
"AT5G42590","CYP71A16; MRO","Negative",-1.44488263368016,"Mature",81,0.802469135802469,0.98025394475467,0.961177858093128
"AT5G22690",NA,"Positive",1.52585937558067,"Mature",81,0.37037037037037,0.253214031764744,3.00474906516692
"AT5G51500","PMEI-PME60","Negative",-1.17505068535868,"Mature",81,0.111111111111111,0.0692527773805129,-0.158997015173478
"AT4G08040","ACS11","Negative",-2.51565847516007,"Mature",81,0,0,-0.446192201318405
"AT5G01040","LAC8","Positive",1.45248411028131,"Mature",81,0.975308641975309,1.58141372067941,1.44742666981039
"AT1G18860","ATWRKY61; WRKY61","Negative",-1.78488937208167,"Mature",81,0.0246913580246914,0.0138010246939087,-0.127840116147971
"AT5G14700",NA,"Positive",1.87865812025226,"Mature",81,0.814814814814815,1.20248577053318,2.94613003470694
"AT5G09978","PEP7","Negative",-1.21117622460744,"Mature",81,0.0987654320987654,0.0664825958439567,-0.114258486617661
"AT3G21320",NA,"Positive",2.01801920633086,"Mature",81,0.0246913580246914,0.0200995433698745,2.99577360044272
"AT5G22540",NA,"Positive",1.6839930189871,"Mature",81,0.123456790123457,0.0632219879842526,2.68939194855408
"AT3G59620",NA,"Positive",5.69629670436994,"Mature",81,0,0,-0.356171738277576
"AT3G48520","CYP94B3","Positive",1.63975511113845,"Mature",81,0.17283950617284,0.248380584269348,-0.285517141514608
"AT1G65500","STMP6","Positive",1.38928413584717,"Mature",81,0.0740740740740741,0.083515644878345,3.01491873554198
"AT1G66930","LRK10L2","Negative",-1.72008297926752,"Mature",81,0.0123456790123457,0.00655478097080635,0.686274037418622
"AT1G09930","ATOPT2; OPT2","Positive",2.29700145851768,"Mature",81,0.0123456790123457,0.00655478097080635,1.2490248137214
"AT5G57540","AtXTH13; XTH13","Negative",-1.343442975401,"Mature",81,0,0,-0.368398907708235
"AT3G02240","GLV4; RGF7","Negative",-2.58232156115238,"Mature",81,0,0,-0.700221241874281
"AT3G27540",NA,"Positive",1.19651550278847,"Mature",81,0.320987654320988,0.214544969158432,2.79180463448918
"AT4G01870",NA,"Positive",1.16965896343649,"Mature",81,0.888888888888889,1.87712381650357,1.70130558947232
"AT5G46900",NA,"Negative",-1.14621712862678,"Mature",81,0.765432098765432,0.729625677042936,-0.514403938030311
"AT3G51810","AT3; ATEM1; EM1; GEA1","Positive",2.14908891736074,"Mature",81,0.0246913580246914,0.0193895109631049,1.79386236808894
"AT2G47360",NA,"Negative",-1.06216999738096,"Mature",81,0,0,-0.535820825534995
"AT2G33110","ATVAMP723; VAMP723","Positive",1.10888735127785,"Mature",81,0.407407407407407,0.304895619005305,2.97565493023535
"AT1G30190",NA,"Positive",1.40238508250906,"Mature",81,0.037037037037037,0.0294378135438646,1.98857504261615
"AT3G55230",NA,"Negative",-1.05864280865325,"Mature",81,0,0,-0.411409554068984
"AT2G40250",NA,"Negative",-2.86084454634663,"Mature",81,0,0,-0.771851880561859
"AT5G11570","NPF1.3","Negative",-1.38806061147263,"Mature",81,0,0,-0.506441276121989
"AT1G04180","YUC9; YUCCA9","Negative",-1.72444126887544,"Mature-like",1041,0.135446685878963,0.108788856576278,-0.378711492441035
"AT4G39400","ATBRI1; BIN1; BRI1; CBB2; DWF2","Negative",-2.98604888635343,"Mature-like",1041,0.387127761767531,0.289135448724857,-0.0702740077968577
"AT1G56600","AtGolS2; GolS2","Positive",2.04698210819202,"Mature-like",1041,0.215177713736792,0.210155764522374,-0.168492252228932
"AT5G66985","HUP44","Negative",-2.54543998303942,"Mature-like",1041,0.0163304514889529,0.0126868494800906,-0.560249934260555
"AT1G14960",NA,"Negative",-2.70940826566846,"Mature-like",1041,0.0999039385206532,0.0705697942098183,-0.35472209100933
"AT1G77380","AAP3; ATAAP3","Positive",1.74668743756508,"Mature-like",1041,0.000960614793467819,0.000436673173293288,-0.485370261879486
"AT1G72470","ATEXO70D1; EXO70D1","Negative",-1.0259510636015,"Mature-like",1041,0.419788664745437,0.319935812768325,0.326165631829654
"AT1G69810","ATWRKY36; WRKY36","Negative",-1.19358562700619,"Mature-like",1041,0.43611911623439,0.345769011783732,0.836654492521242
"AT2G36640","ATECP63; ECP63","Positive",1.99115016290122,"Mature-like",1041,0.0278578290105668,0.0209341200900408,-0.0995510078315228
"AT2G44130","KFB39; KMD3","Positive",2.06978503389309,"Mature-like",1041,0.0268972142170989,0.0202638481457333,-0.640148050161685
"AT3G27170","ATCLC-B; CLC-B","Negative",-2.09861229382896,"Mature-like",1041,0.00192122958693564,0.00111470464073331,-0.375386324802153
"AT3G11340","UGT76B1","Negative",-1.00096049712863,"Mature-like",1041,0.487031700288184,0.467373829431759,0.00797256971410269
"AT2G44340","VQ18","Negative",-2.82755926578352,"Mature-like",1041,0,0,-0.493637492773086
"AT4G11210",NA,"Negative",-1.6049516467354,"Mature-like",1041,0.037463976945245,0.0315718264196261,-0.503440242669443
"AT5G28510","BGLU24","Positive",2.44781364481874,"Mature-like",1041,0,0,-0.31716035847184
"AT5G09640","SCPL19; SNG2","Positive",2.49406633150789,"Mature-like",1041,0.000960614793467819,0.000636207366061742,-0.289953978545971
"AT4G01720","AtWRKY47; WRKY47","Negative",-1.24700444964257,"Mature-like",1041,0.0614793467819404,0.0460804573170227,0.032452781341277
"AT1G72300","PSY1R","Negative",-1.58180374786453,"Mature-like",1041,0.0115273775216138,0.00652312999615428,-0.575312769948611
"AT5G42500",NA,"Negative",-1.56864995721748,"Mature-like",1041,0.00576368876080692,0.00506436786504461,-0.467953286127675
"AT1G70890","MLP43","Negative",-1.44642788019455,"Mature-like",1041,0,0,-0.335462366120468
"AT4G01140",NA,"Negative",-2.00945325466858,"Mature-like",1041,0.0730067243035543,0.0458470001445597,-0.849375654416323
"AT1G29050","TBL38","Negative",-1.036786264475,"Mature-like",1041,0.0230547550432277,0.013670028067148,-0.758853657838134
"AT5G36180","scpl1","Negative",-1.61168250916166,"Mature-like",1041,0.00288184438040346,0.0017160953251644,-0.411795364987327
"AT5G52400","CYP715A1","Positive",2.42051842957844,"Mature-like",1041,0.0441882804995197,0.0283865805766681,-0.456478580935443
"AT5G48290",NA,"Negative",-1.16748300896808,"Mature-like",1041,0,0,-0.372790919373179
"AT2G35910","ATL70","Negative",-1.52068850855787,"Mature-like",1041,0.300672430355427,0.21602148088713,1.11240597747969
"AT2G20350",NA,"Positive",2.57297330752297,"Mature-like",1041,0,0,-0.355631947272235
"AT5G20710","BGAL7","Negative",-2.53455956374412,"Mature-like",1041,0.00192122958693564,0.00109311069157475,-0.333745391490157
"AT5G24030","SLAH3","Negative",-1.34409110888543,"Mature-like",1041,0.121037463976945,0.102414836932845,0.540972390189113
"AT2G25150",NA,"Negative",-1.64996424146849,"Mature-like",1041,0.00192122958693564,0.00148045055029653,-0.383021070418244
"AT4G15390",NA,"Negative",-1.38879120045859,"Mature-like",1041,0.632084534101825,0.823373430417251,1.11389003027049
"AT5G05790",NA,"Negative",-1.00315655566098,"Mature-like",1041,0.0096061479346782,0.00625141448185414,-0.343908133087178
"AT4G23220","CRK14","Positive",2.82992118569744,"Mature-like",1041,0,0,-0.317597788121037
"AT3G12580","ATHSP70; HSC70-4; HSP70; HSP70-4","Positive",1.12814765520209,"Mature-like",1041,0.914505283381364,1.88669674098629,0.778201604859375
"AT4G17250",NA,"Positive",1.7784453004215,"Mature-like",1041,0.00288184438040346,0.00131414383319603,-0.422354168581596
"AT1G28660","GGL2; GGL4","Negative",-1.71456459678125,"Mature-like",1041,0.00864553314121038,0.00528956902546496,-0.521368657187422
"AT4G23550","ATWRKY29; WRKY29","Negative",-1.8365609541852,"Mature-like",1041,0.000960614793467819,0.000520990473466705,-0.158895393257302
"AT5G43350","ATPT1; PHT1;1; PT1","Negative",-1.22803934235111,"Mature-like",1041,0.10566762728146,0.0783248335277758,-0.200515833173105
"AT5G04960","PME46; PMEI-PME46","Negative",-1.35719708816369,"Mature-like",1041,0.0096061479346782,0.00556286633277852,-0.310180503522225
"AT1G63720",NA,"Positive",1.14984778400462,"Mature-like",1041,0.20268972142171,0.145959150847188,0.175890735233951
"AT4G28890","ATL42","Negative",-1.39804306627639,"Mature-like",1041,0.000960614793467819,0.000721285912632131,-0.483346343693157
"AT3G50970","LTI30; XERO2","Positive",1.1213419588549,"Mature-like",1041,0.97790585975024,3.52844461237552,2.52691629552076
"AT4G10310","ATHKT1; HKT1; HKT1;1","Positive",1.52708955133207,"Mature-like",1041,0.000960614793467819,0.000378772455461691,-0.247544820953876
"AT1G70690","HWI1; PDLP5","Negative",-1.22616087305977,"Mature-like",1041,0.463016330451489,0.402454291667449,1.85746025790615
"AT1G78280","JMJ21","Positive",1.82568231002151,"Mature-like",1041,0.273775216138329,0.184806598992506,0.471162191258535
"AT5G63770","ATDGK2; DGK2","Positive",1.66389571460326,"Mature-like",1041,0.10566762728146,0.0646894294163843,-0.77735895525358
"AT4G01090",NA,"Positive",1.59257235202094,"Mature-like",1041,0.186359269932757,0.124913375250294,-0.131682506898475
"AT4G01680","AtMYB55; MYB55","Negative",-2.49712806100537,"Mature-like",1041,0.0979827089337176,0.0924396724918181,0.326557383370386
"AT1G17420","ATLOX3; LOX3","Positive",2.21404146389508,"Mature-like",1041,0.124879923150817,0.0986620545143058,-0.272592446541483
"AT5G02350",NA,"Negative",-1.21600938788874,"Mature-like",1041,0.031700288184438,0.0194616115307614,-0.531464241260548
"AT1G09090","ATRBOHB; ATRBOHB-BETA; RBOHB","Negative",-1.08867639815058,"Mature-like",1041,0.000960614793467819,0.000610578795675246,-0.411425453545542
"AT5G14340","AtMYB40; MYB40","Negative",-1.88752530766593,"Mature-like",1041,0.00576368876080692,0.0038256344780825,-0.590060360763204
"AT1G72430","SAUR78","Negative",-1.14338710104547,"Mature-like",1041,0.0182516810758886,0.0135270566880627,-0.565514999682972
"AT2G44070",NA,"Positive",2.57289296233075,"Mature-like",1041,0.00864553314121038,0.00543982156717879,-0.245432503101248
"AT1G56060","AthCYSTM3","Positive",1.94512669123876,"Mature-like",1041,0.0326609029779059,0.0200849937772944,-0.494050244423068
"AT5G27100","ATGLR2.1; GLR2.1","Negative",-1.47938200481162,"Mature-like",1041,0.00576368876080692,0.00405000038785684,-0.306195818983007
"AT3G14560",NA,"Positive",1.77396540582496,"Mature-like",1041,0.245917387127762,0.210893128119171,1.8822387850467
"AT3G47660","PRAF2","Positive",5.27746696756133,"Mature-like",1041,0,0,-0.549903608979384
"AT5G38100",NA,"Negative",-1.37469090396726,"Mature-like",1041,0.273775216138329,0.233257669920177,1.97469834729395
"AT5G48430",NA,"Negative",-1.39968565107729,"Mature-like",1041,0.0393852065321806,0.032791152177761,0.178901561671152
"AT5G52870","MAKR5","Negative",-1.01139711479932,"Mature-like",1041,0.103746397694524,0.0733936793024447,-0.149141349078732
"AT2G44940","ERF34","Negative",-1.13679801947236,"Mature-like",1041,0.0826128722382325,0.0544826971588587,-0.377318331781747
"AT3G09220","LAC7","Negative",-1.40061975574422,"Mature-like",1041,0.000960614793467819,0.000573204635943006,-0.31789721735822
"AT2G39430",NA,"Negative",-1.06352038769506,"Mature-like",1041,0.00576368876080692,0.00286514994561721,-0.501882754406632
"AT4G08620","SULTR1;1","Negative",-1.88659649266484,"Mature-like",1041,0,0,-0.370670959315003
"AT4G12545",NA,"Negative",-2.0267872267625,"Mature-like",1041,0.142170989433237,0.100029283181418,-0.490034124361635
"AT5G44310",NA,"Positive",3.57169096407992,"Mature-like",1041,0,0,-0.436674223053497
"AT5G15960","KIN1","Positive",1.28268935107574,"Mature-like",1041,0.240153698366955,0.338370082799491,0.201695467966738
"AT2G21510",NA,"Positive",1.75684913329933,"Mature-like",1041,0.0268972142170989,0.0152932753309299,-0.218630732037947
"AT4G36220","CYP84A1; F5H; FAH1","Negative",-1.24783623311178,"Mature-like",1041,0.00576368876080692,0.00353933630185265,-0.0297808325266989
"AT3G07600",NA,"Negative",-1.64878645824955,"Mature-like",1041,0.0259365994236311,0.0188358162514742,-0.302323739700132
"AT3G62990",NA,"Positive",2.08838035316228,"Mature-like",1041,0.00192122958693564,0.00111453344018451,-0.364395434436862
"AT5G10100","TPPI","Positive",1.70467520381942,"Mature-like",1041,0.00672430355427474,0.0032457646680261,-0.696669350775763
"AT4G04745",NA,"Negative",-1.91310329099706,"Mature-like",1041,0.267050912584054,0.26087376117424,0.608169566594505
"AT5G57030","LUT2","Positive",1.91943434617527,"Mature-like",1041,0.00576368876080692,0.00275510072053453,-1.48699649770497
"AT2G28650","ATEXO70H8; EXO70H8","Negative",-1.10743054521859,"Mature-like",1041,0.000960614793467819,0.000378258756201786,-0.374942726657856
"AT2G43060","AtIBH1; IBH1","Negative",-1.05256696817149,"Mature-like",1041,0.0854947166186359,0.0668018297027148,1.17694450512084
"AT4G27410","ANAC072; ANAC72; AtRD26; RD26","Positive",1.40788682844608,"Mature-like",1041,0.0326609029779059,0.0199988026919723,-0.760693060306883
"AT5G03620",NA,"Positive",3.25463681600375,"Mature-like",1041,0,0,-0.524323268023963
"AT3G20940","CYP705A30","Negative",-1.09240967140652,"Mature-like",1041,0.724303554274736,0.848912017373218,1.3879313710671
"AT1G66090","TN3","Positive",2.20410368097024,"Mature-like",1041,0.0365033621517771,0.0252575936209474,-0.28442344340437
"AT1G66440",NA,"Negative",-1.71128330914388,"Mature-like",1041,0.000960614793467819,0.00073276767238052,-0.145307506065939
"AT5G43650","BHLH92","Positive",2.30539455957688,"Mature-like",1041,0.323727185398655,0.319299589522861,-0.0365087582446568
"AT5G53250","AGP22; ATAGP22","Negative",-1.138894860995,"Mature-like",1041,0.49759846301633,0.458606049399069,-0.895045944723012
"AT3G09290","TAC1","Negative",-2.88485967121794,"Mature-like",1041,0,0,-0.449369816876603
"AT4G18430","AtRABA1e; RABA1e","Negative",-1.31163356369142,"Mature-like",1041,0.0172910662824208,0.0121453399529752,-0.325397777992087
"AT1G32960","ATSBT3.3; SBT3.3","Positive",2.29335120801622,"Mature-like",1041,0,0,-0.301511344577764
"AT2G31690","DALL5","Positive",1.71187588960037,"Mature-like",1041,0.00192122958693564,0.00135086599472289,-0.303315071635519
"AT2G23600","ACL; ATME8; ATMES2; ME8; MES2","Positive",1.19584804590202,"Mature-like",1041,0.00288184438040346,0.00194372834672,-0.369891472941079
"AT1G65310","ATXTH17; XTH17","Negative",-1.47996729637104,"Mature-like",1041,0.021133525456292,0.0139637961003552,-0.549459127559296
"AT1G49310",NA,"Positive",1.08743138840695,"Mature-like",1041,0.00576368876080692,0.0033181811888143,-0.46232604054781
"AT3G22240","AthCYSTM9","Negative",-1.1890605983947,"Mature-like",1041,0.00576368876080692,0.00488948066109757,-0.331850546127707
"AT2G41380",NA,"Negative",-1.62860208922019,"Mature-like",1041,0.285302593659942,0.278505217993934,1.93557332893332
"AT5G20230","ATBCB; BCB; SAG14","Positive",1.7574067361109,"Mature-like",1041,0.835734870317003,2.67162990763795,1.79761779495388
"AT3G22910","ACA13","Positive",1.27407457950215,"Mature-like",1041,0.664745437079731,0.951261483169948,1.29590751631841
"AT5G20045",NA,"Negative",-1.79040617492877,"Mature-like",1041,0.509125840537944,0.677282284426187,2.29872629261929
"AT1G26970","PBL4","Negative",-1.60672066418207,"Mature-like",1041,0.0153698366954851,0.012423323869019,-0.719361791899364
"AT1G06180","ATMYB13; ATMYBLFGN; MYB13","Negative",-1.17919366081855,"Mature-like",1041,0.0144092219020173,0.0080695120858027,-1.25431354181296
"AT5G04370","NAMT1","Positive",1.04650165006307,"Mature-like",1041,0,0,-0.305605458152852
"AT2G32560",NA,"Negative",-1.1873332596431,"Mature-like",1041,0.258405379442843,0.209408912428706,0.332930674826131
"AT4G17340","DELTA-TIP2; TIP2;2","Negative",-1.10325288077999,"Mature-like",1041,0.183477425552353,0.135178369342107,-0.574293203751477
"AT5G57480",NA,"Negative",-1.09600758300743,"Mature-like",1041,0.0509125840537944,0.0354361396695018,-0.586096213148455
"AT1G52890","ANAC019; ANAC19; NAC019","Positive",1.4735045454021,"Mature-like",1041,0.0115273775216138,0.00726244465203059,-0.487917261592658
"AT4G35060","AtHMP39; HIPP25","Negative",-1.32498070067296,"Mature-like",1041,0.0259365994236311,0.0185302021316748,-0.705544846464188
"AT4G17670",NA,"Negative",-1.23044033768659,"Mature-like",1041,0.0096061479346782,0.00528311237097453,-0.680021693021836
"AT1G11925",NA,"Positive",2.03926122876378,"Mature-like",1041,0,0,-0.301511344577764
"AT5G13910","LEP","Negative",-1.33443462092489,"Mature-like",1041,0.0192122958693564,0.0117932421076045,-0.568073279010541
"AT1G44050",NA,"Negative",-1.24877244600657,"Mature-like",1041,0.00576368876080692,0.00412555036647365,0.00713628731708184
"AT5G42590","CYP71A16; MRO","Negative",-1.44488263368016,"Mature-like",1041,0.645533141210375,0.66090680863058,0.292265458157619
"AT5G22690",NA,"Positive",1.52585937558067,"Mature-like",1041,0.037463976945245,0.0246223420921363,-0.231185021724106
"AT5G51500","PMEI-PME60","Negative",-1.17505068535868,"Mature-like",1041,0.0883765609990394,0.0700217372727231,-0.15438550423562
"AT4G08040","ACS11","Negative",-2.51565847516007,"Mature-like",1041,0.000960614793467819,0.000735594733072736,-0.430474352266029
"AT5G01040","LAC8","Positive",1.45248411028131,"Mature-like",1041,0.899135446685879,1.47400930029356,1.21279951992229
"AT1G18860","ATWRKY61; WRKY61","Negative",-1.78488937208167,"Mature-like",1041,0.0643611911623439,0.0449877038419958,1.44821952089534
"AT5G14700",NA,"Positive",1.87865812025226,"Mature-like",1041,0.210374639769452,0.162343787449184,-0.0725177968177196
"AT5G09978","PEP7","Negative",-1.21117622460744,"Mature-like",1041,0.0883765609990394,0.0718507794169278,-0.0716931580707223
"AT3G21320",NA,"Positive",2.01801920633086,"Mature-like",1041,0,0,-0.346445669448733
"AT5G22540",NA,"Positive",1.6839930189871,"Mature-like",1041,0.0441882804995197,0.0266717346428788,0.795107899878435
"AT3G59620",NA,"Positive",5.69629670436994,"Mature-like",1041,0,0,-0.356171738277576
"AT3G48520","CYP94B3","Positive",1.63975511113845,"Mature-like",1041,0.165225744476465,0.234589346103195,-0.333638212869064
"AT1G65500","STMP6","Positive",1.38928413584717,"Mature-like",1041,0.000960614793467819,0.000682858638802446,-0.280794873564406
"AT1G66930","LRK10L2","Negative",-1.72008297926752,"Mature-like",1041,0.010566762728146,0.00703853659075332,0.809354866113177
"AT1G09930","ATOPT2; OPT2","Positive",2.29700145851768,"Mature-like",1041,0.00192122958693564,0.00079565524320732,-0.355437787487834
"AT5G57540","AtXTH13; XTH13","Negative",-1.343442975401,"Mature-like",1041,0.00192122958693564,0.000980834919068497,-0.337232532462649
"AT3G02240","GLV4; RGF7","Negative",-2.58232156115238,"Mature-like",1041,0.00384245917387128,0.00224307489925039,-0.642654250195042
"AT3G27540",NA,"Positive",1.19651550278847,"Mature-like",1041,0.0557156580211335,0.0340305633075496,-0.535406179881382
"AT4G01870",NA,"Positive",1.16965896343649,"Mature-like",1041,0.84149855907781,1.90244104666406,1.7417284208073
"AT5G46900",NA,"Negative",-1.14621712862678,"Mature-like",1041,0.717579250720461,0.72178076966142,-0.524066501188286
"AT3G51810","AT3; ATEM1; EM1; GEA1","Positive",2.14908891736074,"Mature-like",1041,0,0,-0.616404199255191
"AT2G47360",NA,"Negative",-1.06216999738096,"Mature-like",1041,0.0384245917387128,0.0244380807515071,-0.39990012782955
"AT2G33110","ATVAMP723; VAMP723","Positive",1.10888735127785,"Mature-like",1041,0.0499519692603266,0.0334814659834458,-0.341832695760175
"AT1G30190",NA,"Positive",1.40238508250906,"Mature-like",1041,0.0048030739673391,0.00274786552586462,-1.078490983637
"AT3G55230",NA,"Negative",-1.05864280865325,"Mature-like",1041,0.000960614793467819,0.00053317645503972,-0.37866074617738
"AT2G40250",NA,"Negative",-2.86084454634663,"Mature-like",1041,0,0,-0.771851880561859
"AT5G11570","NPF1.3","Negative",-1.38806061147263,"Mature-like",1041,0,0,-0.506441276121989
"AT1G04180","YUC9; YUCCA9","Negative",-1.72444126887544,"Meristem",715,0.356643356643357,0.30601898419642,0.881840012612308
"AT4G39400","ATBRI1; BIN1; BRI1; CBB2; DWF2","Negative",-2.98604888635343,"Meristem",715,0.602797202797203,0.409240495883812,0.718073630315112
"AT1G56600","AtGolS2; GolS2","Positive",2.04698210819202,"Meristem",715,0.318881118881119,0.287964483659193,0.220832922352836
"AT5G66985","HUP44","Negative",-2.54543998303942,"Meristem",715,0.0223776223776224,0.012754465642728,-0.55774224100379
"AT1G14960",NA,"Negative",-2.70940826566846,"Meristem",715,0.0937062937062937,0.0459619118304893,-0.601935159886492
"AT1G77380","AAP3; ATAAP3","Positive",1.74668743756508,"Meristem",715,0.0027972027972028,0.000247299384423776,-0.5277864031753
"AT1G72470","ATEXO70D1; EXO70D1","Negative",-1.0259510636015,"Meristem",715,0.461538461538462,0.284919096470311,0.0387824227502835
"AT1G69810","ATWRKY36; WRKY36","Negative",-1.19358562700619,"Meristem",715,0.351048951048951,0.207307532853081,-0.0416513583419711
"AT2G36640","ATECP63; ECP63","Positive",1.99115016290122,"Meristem",715,0.0111888111888112,0.00549475740311053,-0.746250432650721
"AT2G44130","KFB39; KMD3","Positive",2.06978503389309,"Meristem",715,0.0657342657342657,0.0508599326590715,-0.297995795485661
"AT3G27170","ATCLC-B; CLC-B","Negative",-2.09861229382896,"Meristem",715,0,0,-0.386400512205485
"AT3G11340","UGT76B1","Negative",-1.00096049712863,"Meristem",715,0.21958041958042,0.122114980401503,-0.890815580454955
"AT2G44340","VQ18","Negative",-2.82755926578352,"Meristem",715,0.0013986013986014,0.000126575311006634,-0.460968232175319
"AT4G11210",NA,"Negative",-1.6049516467354,"Meristem",715,0.0377622377622378,0.0191312582474771,-0.515573561018228
"AT5G28510","BGLU24","Positive",2.44781364481874,"Meristem",715,0.0013986013986014,0.000729724137745063,-0.285331182733837
"AT5G09640","SCPL19; SNG2","Positive",2.49406633150789,"Meristem",715,0.0027972027972028,0.00178710147527463,-0.235465836683586
"AT4G01720","AtWRKY47; WRKY47","Negative",-1.24700444964257,"Meristem",715,0.0447552447552448,0.0131529158191748,-0.6450982480091
"AT1G72300","PSY1R","Negative",-1.58180374786453,"Meristem",715,0.013986013986014,0.00663545485097427,-0.571018687492528
"AT5G42500",NA,"Negative",-1.56864995721748,"Meristem",715,0.00839160839160839,0.00342294491045706,-0.474000601937399
"AT1G70890","MLP43","Negative",-1.44642788019455,"Meristem",715,0.0027972027972028,0.00135355754915684,-0.244548247155037
"AT4G01140",NA,"Negative",-2.00945325466858,"Meristem",715,0.0755244755244755,0.0417650618597666,-0.863143981138773
"AT1G29050","TBL38","Negative",-1.036786264475,"Meristem",715,0.0181818181818182,0.00934946379336297,-0.769777824637206
"AT5G36180","scpl1","Negative",-1.61168250916166,"Meristem",715,0.00839160839160839,0.00513811874953701,-0.396179094782426
"AT5G52400","CYP715A1","Positive",2.42051842957844,"Meristem",715,0.134265734265734,0.0832417494928137,-0.110661504325498
"AT5G48290",NA,"Negative",-1.16748300896808,"Meristem",715,0,0,-0.372790919373179
"AT2G35910","ATL70","Negative",-1.52068850855787,"Meristem",715,0.184615384615385,0.0946455126041879,0.065354253281096
"AT2G20350",NA,"Positive",2.57297330752297,"Meristem",715,0.0013986013986014,0.0011398310495497,0.149537705317988
"AT5G20710","BGAL7","Negative",-2.53455956374412,"Meristem",715,0.0027972027972028,0.000406147498035834,-0.419228225238332
"AT5G24030","SLAH3","Negative",-1.34409110888543,"Meristem",715,0.0391608391608392,0.019965347617186,-0.78519476193231
"AT2G25150",NA,"Negative",-1.64996424146849,"Meristem",715,0.00699300699300699,0.00125528571840042,-0.391682949005798
"AT4G15390",NA,"Negative",-1.38879120045859,"Meristem",715,0.71048951048951,0.917595333504321,1.36453017986264
"AT5G05790",NA,"Negative",-1.00315655566098,"Meristem",715,0.0027972027972028,0.00158606932354908,-0.361988041269425
"AT4G23220","CRK14","Positive",2.82992118569744,"Meristem",715,0.0013986013986014,0.000817874602124879,-0.153057789058358
"AT3G12580","ATHSP70; HSC70-4; HSP70; HSP70-4","Positive",1.12814765520209,"Meristem",715,0.878321678321678,1.86195979470155,0.72855178083602
"AT4G17250",NA,"Positive",1.7784453004215,"Meristem",715,0.0195804195804196,0.0096306609121107,-0.124654906966798
"AT1G28660","GGL2; GGL4","Negative",-1.71456459678125,"Meristem",715,0.00839160839160839,0.00416297528185369,-0.588256440810671
"AT4G23550","ATWRKY29; WRKY29","Negative",-1.8365609541852,"Meristem",715,0,0,-0.335899307011233
"AT5G43350","ATPT1; PHT1;1; PT1","Negative",-1.22803934235111,"Meristem",715,0.041958041958042,0.0181895397051483,-0.550307869818451
"AT5G04960","PME46; PMEI-PME46","Negative",-1.35719708816369,"Meristem",715,0.0153846153846154,0.00636944825577034,-0.303072394637446
"AT1G63720",NA,"Positive",1.14984778400462,"Meristem",715,0.195804195804196,0.110335285425656,-0.0964371062890114
"AT4G28890","ATL42","Negative",-1.39804306627639,"Meristem",715,0.0027972027972028,0.00084125556347216,-0.482054954765035
"AT3G50970","LTI30; XERO2","Positive",1.1213419588549,"Meristem",715,0.86993006993007,1.73192605282554,-0.021484882335341
"AT4G10310","ATHKT1; HKT1; HKT1;1","Positive",1.52708955133207,"Meristem",715,0,0,-0.307453513623841
"AT1G70690","HWI1; PDLP5","Negative",-1.22616087305977,"Meristem",715,0.166433566433566,0.113829885331422,-0.0534714453999053
"AT1G78280","JMJ21","Positive",1.82568231002151,"Meristem",715,0.241958041958042,0.137481184692465,-0.0185892335561755
"AT5G63770","ATDGK2; DGK2","Positive",1.66389571460326,"Meristem",715,0.165034965034965,0.0750408365453685,-0.424122218132679
"AT4G01090",NA,"Positive",1.59257235202094,"Meristem",715,0.345454545454545,0.221465912719959,0.396683839320893
"AT4G01680","AtMYB55; MYB55","Negative",-2.49712806100537,"Meristem",715,0.0041958041958042,0.00210679148836156,-0.788492408839057
"AT1G17420","ATLOX3; LOX3","Positive",2.21404146389508,"Meristem",715,0.187412587412587,0.128436949532795,-0.123649316657794
"AT5G02350",NA,"Negative",-1.21600938788874,"Meristem",715,0.100699300699301,0.0376229617496199,-0.346631764406163
"AT1G09090","ATRBOHB; ATRBOHB-BETA; RBOHB","Negative",-1.08867639815058,"Meristem",715,0.0013986013986014,0.000164006290798805,-0.416443181505346
"AT5G14340","AtMYB40; MYB40","Negative",-1.88752530766593,"Meristem",715,0.00839160839160839,0.00232871453441775,-0.597605142817322
"AT1G72430","SAUR78","Negative",-1.14338710104547,"Meristem",715,0.0195804195804196,0.00906917821813417,-0.575408058278724
"AT2G44070",NA,"Positive",2.57289296233075,"Meristem",715,0.0013986013986014,0.000840287749271374,-0.33919860345995
"AT1G56060","AthCYSTM3","Positive",1.94512669123876,"Meristem",715,0.134265734265734,0.0688495675912606,0.116486766206529
"AT5G27100","ATGLR2.1; GLR2.1","Negative",-1.47938200481162,"Meristem",715,0.0293706293706294,0.00987450902605788,-0.13633752171144
"AT3G14560",NA,"Positive",1.77396540582496,"Meristem",715,0.116083916083916,0.0726011105956941,-0.106304787110278
"AT3G47660","PRAF2","Positive",5.27746696756133,"Meristem",715,0,0,-0.549903608979384
"AT5G38100",NA,"Negative",-1.37469090396726,"Meristem",715,0.0909090909090909,0.0409659146048599,-0.307659325913197
"AT5G48430",NA,"Negative",-1.39968565107729,"Meristem",715,0.034965034965035,0.017939517694421,-0.317235537701349
"AT5G52870","MAKR5","Negative",-1.01139711479932,"Meristem",715,0.0797202797202797,0.0405996330356094,-0.49901096574498
"AT2G44940","ERF34","Negative",-1.13679801947236,"Meristem",715,0.100699300699301,0.0547431353754456,-0.375416441653567
"AT3G09220","LAC7","Negative",-1.40061975574422,"Meristem",715,0,0,-0.364974086542509
"AT2G39430",NA,"Negative",-1.06352038769506,"Meristem",715,0.0041958041958042,0.0014891181854792,-0.574052986362123
"AT4G08620","SULTR1;1","Negative",-1.88659649266484,"Meristem",715,0.0013986013986014,0.000776496173287629,-0.2758348170736
"AT4G12545",NA,"Negative",-2.0267872267625,"Meristem",715,0.155244755244755,0.0912562801765199,-0.525204709184064
"AT5G44310",NA,"Positive",3.57169096407992,"Meristem",715,0.0027972027972028,0.00106174836113037,1.43535328171524
"AT5G15960","KIN1","Positive",1.28268935107574,"Meristem",715,0.33006993006993,0.352844287087844,0.291760428965486
"AT2G21510",NA,"Positive",1.75684913329933,"Meristem",715,0.0223776223776224,0.011056404815484,-0.385224388459328
"AT4G36220","CYP84A1; F5H; FAH1","Negative",-1.24783623311178,"Meristem",715,0.0167832167832168,0.00981354436274218,1.87740118528235
"AT3G07600",NA,"Negative",-1.64878645824955,"Meristem",715,0.0153846153846154,0.00903377412528671,-0.352674352943996
"AT3G62990",NA,"Positive",2.08838035316228,"Meristem",715,0.00979020979020979,0.00196966590149849,-0.348032404514134
"AT5G10100","TPPI","Positive",1.70467520381942,"Meristem",715,0.0167832167832168,0.00910375429554284,-0.658429626799582
"AT4G04745",NA,"Negative",-1.91310329099706,"Meristem",715,0.202797202797203,0.109165210642743,-0.37115431887619
"AT5G57030","LUT2","Positive",1.91943434617527,"Meristem",715,0.0335664335664336,0.0126293880580501,-0.111382933127916
"AT2G28650","ATEXO70H8; EXO70H8","Negative",-1.10743054521859,"Meristem",715,0.0041958041958042,0.00192214197159656,-0.357181434739798
"AT2G43060","AtIBH1; IBH1","Negative",-1.05256696817149,"Meristem",715,0.0013986013986014,0.00101629851667133,-0.876917389164157
"AT4G27410","ANAC072; ANAC72; AtRD26; RD26","Positive",1.40788682844608,"Meristem",715,0.048951048951049,0.0208889895442665,-0.755739751519406
"AT5G03620",NA,"Positive",3.25463681600375,"Meristem",715,0.0027972027972028,0.00161933057599505,0.196378361077896
"AT3G20940","CYP705A30","Negative",-1.09240967140652,"Meristem",715,0.786013986013986,0.752736740103915,1.0579223274542
"AT1G66090","TN3","Positive",2.20410368097024,"Meristem",715,0.103496503496503,0.0733626335526583,0.164281547355963
"AT1G66440",NA,"Negative",-1.71128330914388,"Meristem",715,0.0013986013986014,0.000126115030833945,-0.365586261822284
"AT5G43650","BHLH92","Positive",2.30539455957688,"Meristem",715,0.309090909090909,0.302181424354809,-0.0661576472833966
"AT5G53250","AGP22; ATAGP22","Negative",-1.138894860995,"Meristem",715,0.517482517482518,0.41901151320176,-0.931000991118339
"AT3G09290","TAC1","Negative",-2.88485967121794,"Meristem",715,0,0,-0.449369816876603
"AT4G18430","AtRABA1e; RABA1e","Negative",-1.31163356369142,"Meristem",715,0.0153846153846154,0.00880904095399834,-0.360348027658813
"AT1G32960","ATSBT3.3; SBT3.3","Positive",2.29335120801622,"Meristem",715,0.0013986013986014,0.00029546199425206,3.01511344577764
"AT2G31690","DALL5","Positive",1.71187588960037,"Meristem",715,0.013986013986014,0.00715389018312006,-0.110867339922125
"AT2G23600","ACL; ATME8; ATMES2; ME8; MES2","Positive",1.19584804590202,"Meristem",715,0.0013986013986014,0.0003443726806526,-0.384620752504389
"AT1G65310","ATXTH17; XTH17","Negative",-1.47996729637104,"Meristem",715,0.0335664335664336,0.0188441076629054,-0.504925342386528
"AT1G49310",NA,"Positive",1.08743138840695,"Meristem",715,0.00559440559440559,0.00128949576143069,-0.479975895754515
"AT3G22240","AthCYSTM9","Negative",-1.1890605983947,"Meristem",715,0.00699300699300699,0.00331088160509156,-0.338967992103443
"AT2G41380",NA,"Negative",-1.62860208922019,"Meristem",715,0.202797202797203,0.135466100191682,0.328480724207071
"AT5G20230","ATBCB; BCB; SAG14","Positive",1.7574067361109,"Meristem",715,0.422377622377622,0.78206864448483,-0.0315421683347251
"AT3G22910","ACA13","Positive",1.27407457950215,"Meristem",715,0.527272727272727,0.637957610237981,0.581520420686281
"AT5G20045",NA,"Negative",-1.79040617492877,"Meristem",715,0.0363636363636364,0.0235099302779697,-0.401933158329812
"AT1G26970","PBL4","Negative",-1.60672066418207,"Meristem",715,0.00699300699300699,0.00282721022965326,-0.867603620232179
"AT1G06180","ATMYB13; ATMYBLFGN; MYB13","Negative",-1.17919366081855,"Meristem",715,0.127272727272727,0.0520148743347242,-0.693611244033509
"AT5G04370","NAMT1","Positive",1.04650165006307,"Meristem",715,0.0013986013986014,0.000131106310569996,-0.264434327439059
"AT2G32560",NA,"Negative",-1.1873332596431,"Meristem",715,0.158041958041958,0.108224149755394,-0.470321052208629
"AT4G17340","DELTA-TIP2; TIP2;2","Negative",-1.10325288077999,"Meristem",715,0.195804195804196,0.118265639295308,-0.619587520473899
"AT5G57480",NA,"Negative",-1.09600758300743,"Meristem",715,0.0531468531468531,0.0286149934866855,-0.633594143462058
"AT1G52890","ANAC019; ANAC19; NAC019","Positive",1.4735045454021,"Meristem",715,0.0111888111888112,0.00655481387682307,-0.502922208461476
"AT4G35060","AtHMP39; HIPP25","Negative",-1.32498070067296,"Meristem",715,0.0181818181818182,0.010952058334941,-0.72992713058723
"AT4G17670",NA,"Negative",-1.23044033768659,"Meristem",715,0.0223776223776224,0.0104754859888565,-0.652215276191745
"AT1G11925",NA,"Positive",2.03926122876378,"Meristem",715,0,0,-0.301511344577764
"AT5G13910","LEP","Negative",-1.33443462092489,"Meristem",715,0.0433566433566434,0.0259675066717202,-0.518079453903123
"AT1G44050",NA,"Negative",-1.24877244600657,"Meristem",715,0.0041958041958042,0.000924378486234467,-0.322860585807608
"AT5G42590","CYP71A16; MRO","Negative",-1.44488263368016,"Meristem",715,0.72027972027972,0.687234129976456,0.347411315794182
"AT5G22690",NA,"Positive",1.52585937558067,"Meristem",715,0.0475524475524476,0.0255434350114992,-0.218146070136542
"AT5G51500","PMEI-PME60","Negative",-1.17505068535868,"Meristem",715,0.204195804195804,0.131236552040634,0.21272439411002
"AT4G08040","ACS11","Negative",-2.51565847516007,"Meristem",715,0,0,-0.446192201318405
"AT5G01040","LAC8","Positive",1.45248411028131,"Meristem",715,0.883916083916084,1.33521640715433,0.909603610247507
"AT1G18860","ATWRKY61; WRKY61","Negative",-1.78488937208167,"Meristem",715,0.013986013986014,0.0055427974433257,-0.545180435755978
"AT5G14700",NA,"Positive",1.87865812025226,"Meristem",715,0.331468531468531,0.262610478989675,0.218471160377763
"AT5G09978","PEP7","Negative",-1.21117622460744,"Meristem",715,0.041958041958042,0.0209173450759404,-0.47555385643878
"AT3G21320",NA,"Positive",2.01801920633086,"Meristem",715,0.0013986013986014,0.000429327087401306,-0.275055725996103
"AT5G22540",NA,"Positive",1.6839930189871,"Meristem",715,0.0363636363636364,0.0191915160459587,0.407431824519662
"AT3G59620",NA,"Positive",5.69629670436994,"Meristem",715,0.0041958041958042,0.00256058970144003,-0.208656634321362
"AT3G48520","CYP94B3","Positive",1.63975511113845,"Meristem",715,0.100699300699301,0.0785514705960115,-0.878093297381168
"AT1G65500","STMP6","Positive",1.38928413584717,"Meristem",715,0.0013986013986014,0.000762389293827053,-0.277630543665521
"AT1G66930","LRK10L2","Negative",-1.72008297926752,"Meristem",715,0.00979020979020979,0.00251622308628924,-0.34124694768495
"AT1G09930","ATOPT2; OPT2","Positive",2.29700145851768,"Meristem",715,0.0013986013986014,0.000641648010005976,-0.398343405054596
"AT5G57540","AtXTH13; XTH13","Negative",-1.343442975401,"Meristem",715,0.00559440559440559,0.00268408440819913,-0.283111179640594
"AT3G02240","GLV4; RGF7","Negative",-2.58232156115238,"Meristem",715,0.0027972027972028,0.00213449577757895,-0.645440859503491
"AT3G27540",NA,"Positive",1.19651550278847,"Meristem",715,0.113286713286713,0.056992793045868,-0.112170268335872
"AT4G01870",NA,"Positive",1.16965896343649,"Meristem",715,0.657342657342657,0.858330250244782,0.0746457916596629
"AT5G46900",NA,"Negative",-1.14621712862678,"Meristem",715,0.682517482517483,0.555600342972736,-0.728750736502771
"AT3G51810","AT3; ATEM1; EM1; GEA1","Positive",2.14908891736074,"Meristem",715,0.00979020979020979,0.00276935024434317,-0.272152489147193
"AT2G47360",NA,"Negative",-1.06216999738096,"Meristem",715,0.0265734265734266,0.0116013924493714,-0.471295735692332
"AT2G33110","ATVAMP723; VAMP723","Positive",1.10888735127785,"Meristem",715,0.121678321678322,0.0629162866367114,0.0179482965108562
"AT1G30190",NA,"Positive",1.40238508250906,"Meristem",715,0.0335664335664336,0.0203652717150433,0.946007076722316
"AT3G55230",NA,"Negative",-1.05864280865325,"Meristem",715,0,0,-0.411409554068984
"AT2G40250",NA,"Negative",-2.86084454634663,"Meristem",715,0,0,-0.771851880561859
"AT5G11570","NPF1.3","Negative",-1.38806061147263,"Meristem",715,0,0,-0.506441276121989
"AT1G04180","YUC9; YUCCA9","Negative",-1.72444126887544,"Meristem-like",814,0.0737100737100737,0.0264926099637189,-0.904689236203891
"AT4G39400","ATBRI1; BIN1; BRI1; CBB2; DWF2","Negative",-2.98604888635343,"Meristem-like",814,0.563882063882064,0.270260555206333,-0.194165368542508
"AT1G56600","AtGolS2; GolS2","Positive",2.04698210819202,"Meristem-like",814,0.214987714987715,0.114319777513083,-0.648019004340093
"AT5G66985","HUP44","Negative",-2.54543998303942,"Meristem-like",814,0.0282555282555283,0.0083236555839962,-0.722068521480252
"AT1G14960",NA,"Negative",-2.70940826566846,"Meristem-like",814,0.0823095823095823,0.0355278222471251,-0.706756991650832
"AT1G77380","AAP3; ATAAP3","Positive",1.74668743756508,"Meristem-like",814,0.00122850122850123,0.000288955958465865,-0.518456119713071
"AT1G72470","ATEXO70D1; EXO70D1","Negative",-1.0259510636015,"Meristem-like",814,0.444717444717445,0.178868283728358,-0.831579681790813
"AT1G69810","ATWRKY36; WRKY36","Negative",-1.19358562700619,"Meristem-like",814,0.214987714987715,0.0773632645682296,-0.865929793052956
"AT2G36640","ATECP63; ECP63","Positive",1.99115016290122,"Meristem-like",814,0.0147420147420147,0.00561987060215279,-0.741009890311081
"AT2G44130","KFB39; KMD3","Positive",2.06978503389309,"Meristem-like",814,0.0368550368550369,0.0173657340070268,-0.67255730456921
"AT3G27170","ATCLC-B; CLC-B","Negative",-2.09861229382896,"Meristem-like",814,0.00368550368550369,0.00127945156359882,-0.373758491368743
"AT3G11340","UGT76B1","Negative",-1.00096049712863,"Meristem-like",814,0.33046683046683,0.157463925787273,-0.798794149800997
"AT2G44340","VQ18","Negative",-2.82755926578352,"Meristem-like",814,0,0,-0.493637492773086
"AT4G11210",NA,"Negative",-1.6049516467354,"Meristem-like",814,0.0810810810810811,0.0373439618451962,-0.497810664043965
"AT5G28510","BGLU24","Positive",2.44781364481874,"Meristem-like",814,0.00368550368550369,0.000437344940833218,-0.298084205909691
"AT5G09640","SCPL19; SNG2","Positive",2.49406633150789,"Meristem-like",814,0.00122850122850123,0.000337170832587094,-0.304111619051357
"AT4G01720","AtWRKY47; WRKY47","Negative",-1.24700444964257,"Meristem-like",814,0.0307125307125307,0.00813561197072989,-0.748339462883878
"AT1G72300","PSY1R","Negative",-1.58180374786453,"Meristem-like",814,0.00982800982800983,0.00241560693349807,-0.73233983888693
"AT5G42500",NA,"Negative",-1.56864995721748,"Meristem-like",814,0.0171990171990172,0.00413437554844899,-0.471379555526036
"AT1G70890","MLP43","Negative",-1.44642788019455,"Meristem-like",814,0,0,-0.335462366120468
"AT4G01140",NA,"Negative",-2.00945325466858,"Meristem-like",814,0.0773955773955774,0.0299177233964256,-0.903104905428691
"AT1G29050","TBL38","Negative",-1.036786264475,"Meristem-like",814,0.0233415233415233,0.00650067463110853,-0.77698073750039
"AT5G36180","scpl1","Negative",-1.61168250916166,"Meristem-like",814,0.00982800982800983,0.00243853803164423,-0.408498525920827
"AT5G52400","CYP715A1","Positive",2.42051842957844,"Meristem-like",814,0.0761670761670762,0.0233542017721788,-0.488203622730914
"AT5G48290",NA,"Negative",-1.16748300896808,"Meristem-like",814,0.00368550368550369,0.00138213727102696,-0.34478062693539
"AT2G35910","ATL70","Negative",-1.52068850855787,"Meristem-like",814,0.13022113022113,0.0411509823811194,-0.39611716398239
"AT2G20350",NA,"Positive",2.57297330752297,"Meristem-like",814,0.00122850122850123,0.000158977444423089,-0.285173627681255
"AT5G20710","BGAL7","Negative",-2.53455956374412,"Meristem-like",814,0.00122850122850123,0.00014787551767555,-0.451366512946609
"AT5G24030","SLAH3","Negative",-1.34409110888543,"Meristem-like",814,0.0147420147420147,0.00419710012541908,-1.03882073395068
"AT2G25150",NA,"Negative",-1.64996424146849,"Meristem-like",814,0,0,-0.439972605938062
"AT4G15390",NA,"Negative",-1.38879120045859,"Meristem-like",814,0.438574938574939,0.331144181906132,-0.195491423916968
"AT5G05790",NA,"Negative",-1.00315655566098,"Meristem-like",814,0.00368550368550369,0.000996385117868985,-0.364273281896528
"AT4G23220","CRK14","Positive",2.82992118569744,"Meristem-like",814,0,0,-0.317597788121037
"AT3G12580","ATHSP70; HSC70-4; HSP70; HSP70-4","Positive",1.12814765520209,"Meristem-like",814,0.821867321867322,1.26676042551736,-0.466080070591894
"AT4G17250",NA,"Positive",1.7784453004215,"Meristem-like",814,0.0110565110565111,0.0073662325948254,-0.205712714176093
"AT1G28660","GGL2; GGL4","Negative",-1.71456459678125,"Meristem-like",814,0.015970515970516,0.00617716085822793,-0.468670822859577
"AT4G23550","ATWRKY29; WRKY29","Negative",-1.8365609541852,"Meristem-like",814,0.00122850122850123,0.00051311674897978,-0.161570451863906
"AT5G43350","ATPT1; PHT1;1; PT1","Negative",-1.22803934235111,"Meristem-like",814,0.0393120393120393,0.0156846892178652,-0.564877961652095
"AT5G04960","PME46; PMEI-PME46","Negative",-1.35719708816369,"Meristem-like",814,0.00737100737100737,0.00215769534789755,-0.340189019014417
"AT1G63720",NA,"Positive",1.14984778400462,"Meristem-like",814,0.217444717444717,0.0772292386896458,-0.349517397893939
"AT4G28890","ATL42","Negative",-1.39804306627639,"Meristem-like",814,0.00245700245700246,0.000510612270550041,-0.485614097303566
"AT3G50970","LTI30; XERO2","Positive",1.1213419588549,"Meristem-like",814,0.800982800982801,0.932095348120991,-1.15606236783881
"AT4G10310","ATHKT1; HKT1; HKT1;1","Positive",1.52708955133207,"Meristem-like",814,0,0,-0.307453513623841
"AT1G70690","HWI1; PDLP5","Negative",-1.22616087305977,"Meristem-like",814,0.027027027027027,0.0119377542873623,-0.728081420354069
"AT1G78280","JMJ21","Positive",1.82568231002151,"Meristem-like",814,0.212530712530713,0.0654213366932838,-0.764307232046059
"AT5G63770","ATDGK2; DGK2","Positive",1.66389571460326,"Meristem-like",814,0.164619164619165,0.0535023555649514,-1.159112413114
"AT4G01090",NA,"Positive",1.59257235202094,"Meristem-like",814,0.228501228501229,0.0766685620043331,-0.395693545518906
"AT4G01680","AtMYB55; MYB55","Negative",-2.49712806100537,"Meristem-like",814,0.0085995085995086,0.0023712974188446,-0.785227404119325
"AT1G17420","ATLOX3; LOX3","Positive",2.21404146389508,"Meristem-like",814,0.168304668304668,0.0720831464703296,-0.405548272263196
"AT5G02350",NA,"Negative",-1.21600938788874,"Meristem-like",814,0.0872235872235872,0.0219094050194982,-0.506552451779088
"AT1G09090","ATRBOHB; ATRBOHB-BETA; RBOHB","Negative",-1.08867639815058,"Meristem-like",814,0.00245700245700246,0.000316227598778168,-0.414732809494563
"AT5G14340","AtMYB40; MYB40","Negative",-1.88752530766593,"Meristem-like",814,0.015970515970516,0.00379190153502879,-0.590230381681465
"AT1G72430","SAUR78","Negative",-1.14338710104547,"Meristem-like",814,0.0331695331695332,0.00970876704666256,-0.573988663425207
"AT2G44070",NA,"Positive",2.57289296233075,"Meristem-like",814,0.00245700245700246,0.00186652521127867,-0.318277725678859
"AT1G56060","AthCYSTM3","Positive",1.94512669123876,"Meristem-like",814,0.156019656019656,0.064183052615916,0.0580615636409492
"AT5G27100","ATGLR2.1; GLR2.1","Negative",-1.47938200481162,"Meristem-like",814,0.0196560196560197,0.00512196241566462,-0.274934530504698
"AT3G14560",NA,"Positive",1.77396540582496,"Meristem-like",814,0.0601965601965602,0.026942005855272,-0.762851136407664
"AT3G47660","PRAF2","Positive",5.27746696756133,"Meristem-like",814,0.00122850122850123,8.44738868771255e-05,-0.458455411265532
"AT5G38100",NA,"Negative",-1.37469090396726,"Meristem-like",814,0.0356265356265356,0.0114418529872667,-0.658087603332886
"AT5G48430",NA,"Negative",-1.39968565107729,"Meristem-like",814,0.00368550368550369,0.00116162288415633,-0.877721730253373
"AT5G52870","MAKR5","Negative",-1.01139711479932,"Meristem-like",814,0.0737100737100737,0.0205564563939568,-0.71284546702397
"AT2G44940","ERF34","Negative",-1.13679801947236,"Meristem-like",814,0.0577395577395577,0.0187619871881306,-0.638174309660979
"AT3G09220","LAC7","Negative",-1.40061975574422,"Meristem-like",814,0,0,-0.364974086542509
"AT2G39430",NA,"Negative",-1.06352038769506,"Meristem-like",814,0.00245700245700246,0.000928060183791258,-0.603479404628982
"AT4G08620","SULTR1;1","Negative",-1.88659649266484,"Meristem-like",814,0,0,-0.370670959315003
"AT4G12545",NA,"Negative",-2.0267872267625,"Meristem-like",814,0.158476658476658,0.0643989326978338,-0.632874638976316
"AT5G44310",NA,"Positive",3.57169096407992,"Meristem-like",814,0,0,-0.436674223053497
"AT5G15960","KIN1","Positive",1.28268935107574,"Meristem-like",814,0.358722358722359,0.310014593507178,0.0252549544617921
"AT2G21510",NA,"Positive",1.75684913329933,"Meristem-like",814,0.0184275184275184,0.00686482732419189,-0.550037124157115
"AT4G36220","CYP84A1; F5H; FAH1","Negative",-1.24783623311178,"Meristem-like",814,0.0233415233415233,0.00586200954582991,0.676246223186145
"AT3G07600",NA,"Negative",-1.64878645824955,"Meristem-like",814,0.0085995085995086,0.00204563237641812,-0.388570671074536
"AT3G62990",NA,"Positive",2.08838035316228,"Meristem-like",814,0.0171990171990172,0.00468953124178834,-0.295987557706928
"AT5G10100","TPPI","Positive",1.70467520381942,"Meristem-like",814,0.0540540540540541,0.021345737777282,-0.578516533907827
"AT4G04745",NA,"Negative",-1.91310329099706,"Meristem-like",814,0.147420147420147,0.0636672040144606,-0.664857504861939
"AT5G57030","LUT2","Positive",1.91943434617527,"Meristem-like",814,0.0614250614250614,0.0162658751822391,0.395225882724387
"AT2G28650","ATEXO70H8; EXO70H8","Negative",-1.10743054521859,"Meristem-like",814,0.00245700245700246,0.000602193006846721,-0.372366520403072
"AT2G43060","AtIBH1; IBH1","Negative",-1.05256696817149,"Meristem-like",814,0.00245700245700246,0.00136486219873094,-0.866035031730737
"AT4G27410","ANAC072; ANAC72; AtRD26; RD26","Positive",1.40788682844608,"Meristem-like",814,0.0896805896805897,0.0272489946284604,-0.720350474548234
"AT5G03620",NA,"Positive",3.25463681600375,"Meristem-like",814,0.00368550368550369,0.000825984967967725,-0.156709192891595
"AT3G20940","CYP705A30","Negative",-1.09240967140652,"Meristem-like",814,0.636363636363636,0.398074574168979,-0.159040342257014
"AT1G66090","TN3","Positive",2.20410368097024,"Meristem-like",814,0.0737100737100737,0.0349239063292341,-0.194259860532067
"AT1G66440",NA,"Negative",-1.71128330914388,"Meristem-like",814,0.00122850122850123,0.000517304454256986,-0.223543330570902
"AT5G43650","BHLH92","Positive",2.30539455957688,"Meristem-like",814,0.189189189189189,0.112500188656138,-0.394688062473973
"AT5G53250","AGP22; ATAGP22","Negative",-1.138894860995,"Meristem-like",814,0.497542997542998,0.282045715481933,-1.05537703096002
"AT3G09290","TAC1","Negative",-2.88485967121794,"Meristem-like",814,0,0,-0.449369816876603
"AT4G18430","AtRABA1e; RABA1e","Negative",-1.31163356369142,"Meristem-like",814,0.0171990171990172,0.007279240550249,-0.376373841312714
"AT1G32960","ATSBT3.3; SBT3.3","Positive",2.29335120801622,"Meristem-like",814,0,0,-0.301511344577764
"AT2G31690","DALL5","Positive",1.71187588960037,"Meristem-like",814,0.00122850122850123,0.000181459957162671,-0.342096495264665
"AT2G23600","ACL; ATME8; ATMES2; ME8; MES2","Positive",1.19584804590202,"Meristem-like",814,0.00614250614250614,0.00296753537745282,-0.360462713413422
"AT1G65310","ATXTH17; XTH17","Negative",-1.47996729637104,"Meristem-like",814,0.0245700245700246,0.00939425333275084,-0.591157087482972
"AT1G49310",NA,"Positive",1.08743138840695,"Meristem-like",814,0.0110565110565111,0.00292454422806779,-0.465750738762429
"AT3G22240","AthCYSTM9","Negative",-1.1890605983947,"Meristem-like",814,0.00982800982800983,0.00435127907424772,-0.334277141217756
"AT2G41380",NA,"Negative",-1.62860208922019,"Meristem-like",814,0.156019656019656,0.0579431623312265,-0.542515560210925
"AT5G20230","ATBCB; BCB; SAG14","Positive",1.7574067361109,"Meristem-like",814,0.265356265356265,0.24348265880087,-0.552911832823662
"AT3G22910","ACA13","Positive",1.27407457950215,"Meristem-like",814,0.202702702702703,0.133589698811552,-0.568525775685539
"AT5G20045",NA,"Negative",-1.79040617492877,"Meristem-like",814,0.0294840294840295,0.0212602973676711,-0.41122613675237
"AT1G26970","PBL4","Negative",-1.60672066418207,"Meristem-like",814,0.0122850122850123,0.00360021259658854,-0.855662193891624
"AT1G06180","ATMYB13; ATMYBLFGN; MYB13","Negative",-1.17919366081855,"Meristem-like",814,0.45945945945946,0.206079684774623,1.27211366525943
"AT5G04370","NAMT1","Positive",1.04650165006307,"Meristem-like",814,0,0,-0.305605458152852
"AT2G32560",NA,"Negative",-1.1873332596431,"Meristem-like",814,0.0933660933660934,0.0324556400162059,-1.07180673735424
"AT4G17340","DELTA-TIP2; TIP2;2","Negative",-1.10325288077999,"Meristem-like",814,0.181818181818182,0.0819496569393937,-0.71684607082994
"AT5G57480",NA,"Negative",-1.09600758300743,"Meristem-like",814,0.0122850122850123,0.00257701595429956,-0.814905320380687
"AT1G52890","ANAC019; ANAC19; NAC019","Positive",1.4735045454021,"Meristem-like",814,0.027027027027027,0.00995464284602374,-0.430830582668403
"AT4G35060","AtHMP39; HIPP25","Negative",-1.32498070067296,"Meristem-like",814,0.0503685503685504,0.0149230404303368,-0.717150701913604
"AT4G17670",NA,"Negative",-1.23044033768659,"Meristem-like",814,0.0257985257985258,0.0103364310949251,-0.652959948788032
"AT1G11925",NA,"Positive",2.03926122876378,"Meristem-like",814,0.00122850122850123,0.00131149915570517,3.01511344577764
"AT5G13910","LEP","Negative",-1.33443462092489,"Meristem-like",814,0.0319410319410319,0.0108868446605146,-0.571270219158134
"AT1G44050",NA,"Negative",-1.24877244600657,"Meristem-like",814,0.00614250614250614,0.00102128278471664,-0.312871082998072
"AT5G42590","CYP71A16; MRO","Negative",-1.44488263368016,"Meristem-like",814,0.377149877149877,0.185038275477816,-0.704500526433261
"AT5G22690",NA,"Positive",1.52585937558067,"Meristem-like",814,0.0577395577395577,0.016922894265765,-0.340178072640686
"AT5G51500","PMEI-PME60","Negative",-1.17505068535868,"Meristem-like",814,0.126535626535627,0.0487951443363524,-0.28168299593987
"AT4G08040","ACS11","Negative",-2.51565847516007,"Meristem-like",814,0.00245700245700246,0.000281156219974439,-0.440184584859224
"AT5G01040","LAC8","Positive",1.45248411028131,"Meristem-like",814,0.748157248157248,0.674484565436984,-0.533778592324102
"AT1G18860","ATWRKY61; WRKY61","Negative",-1.78488937208167,"Meristem-like",814,0.00614250614250614,0.00171443212847103,-0.738651886177115
"AT5G14700",NA,"Positive",1.87865812025226,"Meristem-like",814,0.203931203931204,0.0782275608055066,-0.3166356858016
"AT5G09978","PEP7","Negative",-1.21117622460744,"Meristem-like",814,0.0233415233415233,0.00877314376700169,-0.571847493127705
"AT3G21320",NA,"Positive",2.01801920633086,"Meristem-like",814,0,0,-0.346445669448733
"AT5G22540",NA,"Positive",1.6839930189871,"Meristem-like",814,0.00982800982800983,0.00319255114658908,-0.421743933063704
"AT3G59620",NA,"Positive",5.69629670436994,"Meristem-like",814,0,0,-0.356171738277576
"AT3G48520","CYP94B3","Positive",1.63975511113845,"Meristem-like",814,0.21990171990172,0.142325555513286,-0.65556960125639
"AT1G65500","STMP6","Positive",1.38928413584717,"Meristem-like",814,0.00122850122850123,0.000181459957162671,-0.300744298589051
"AT1G66930","LRK10L2","Negative",-1.72008297926752,"Meristem-like",814,0.00491400491400491,0.00187037640410073,-0.505568232184146
"AT1G09930","ATOPT2; OPT2","Positive",2.29700145851768,"Meristem-like",814,0,0,-0.577103217548586
"AT5G57540","AtXTH13; XTH13","Negative",-1.343442975401,"Meristem-like",814,0.00122850122850123,0.000115447947566036,-0.364730508485058
"AT3G02240","GLV4; RGF7","Negative",-2.58232156115238,"Meristem-like",814,0.00614250614250614,0.00070355247691429,-0.682165046070044
"AT3G27540",NA,"Positive",1.19651550278847,"Meristem-like",814,0.113022113022113,0.0314336974583598,-0.583271169360569
"AT4G01870",NA,"Positive",1.16965896343649,"Meristem-like",814,0.5,0.363584785281793,-0.715291036230553
"AT5G46900",NA,"Negative",-1.14621712862678,"Meristem-like",814,0.637592137592138,0.401298306288346,-0.918804372875836
"AT3G51810","AT3; ATEM1; EM1; GEA1","Positive",2.14908891736074,"Meristem-like",814,0.00737100737100737,0.00175789025113914,-0.397884809599457
"AT2G47360",NA,"Negative",-1.06216999738096,"Meristem-like",814,0.0319410319410319,0.0124891272802138,-0.466358296504188
"AT2G33110","ATVAMP723; VAMP723","Positive",1.10888735127785,"Meristem-like",814,0.174447174447174,0.052478219376604,-0.109635908620578
"AT1G30190",NA,"Positive",1.40238508250906,"Meristem-like",814,0.0454545454545455,0.0135991832045067,0.168484385884051
"AT3G55230",NA,"Negative",-1.05864280865325,"Meristem-like",814,0.00245700245700246,0.000661557612081293,-0.370775308234433
"AT2G40250",NA,"Negative",-2.86084454634663,"Meristem-like",814,0.0122850122850123,0.00353734418685509,-0.478762491140414
"AT5G11570","NPF1.3","Negative",-1.38806061147263,"Meristem-like",814,0,0,-0.506441276121989
"AT1G04180","YUC9; YUCCA9","Negative",-1.72444126887544,"Atrichoblast",476,0.441176470588235,0.307990004495242,0.894437340587249
"AT4G39400","ATBRI1; BIN1; BRI1; CBB2; DWF2","Negative",-2.98604888635343,"Atrichoblast",476,0.705882352941177,0.38410636821644,0.553097797481426
"AT1G56600","AtGolS2; GolS2","Positive",2.04698210819202,"Atrichoblast",476,0.258403361344538,0.0895122501006322,-0.772146416382585
"AT5G66985","HUP44","Negative",-2.54543998303942,"Atrichoblast",476,0.0315126050420168,0.00910047853023484,-0.693258343735757
"AT1G14960",NA,"Negative",-2.70940826566846,"Atrichoblast",476,0.321428571428571,0.288137841573543,1.83098669324506
"AT1G77380","AAP3; ATAAP3","Positive",1.74668743756508,"Atrichoblast",476,0.00630252100840336,0.0029362150997441,0.0744797794596684
"AT1G72470","ATEXO70D1; EXO70D1","Negative",-1.0259510636015,"Atrichoblast",476,0.798319327731092,0.485218442599392,1.68264498191149
"AT1G69810","ATWRKY36; WRKY36","Negative",-1.19358562700619,"Atrichoblast",476,0.76890756302521,0.480596150807861,1.69190655233314
"AT2G36640","ATECP63; ECP63","Positive",1.99115016290122,"Atrichoblast",476,0.0294117647058824,0.010432310132863,-0.539434090869437
"AT2G44130","KFB39; KMD3","Positive",2.06978503389309,"Atrichoblast",476,0.0672268907563025,0.0221344023591591,-0.619229872172656
"AT3G27170","ATCLC-B; CLC-B","Negative",-2.09861229382896,"Atrichoblast",476,0.00420168067226891,0.00320606839438139,-0.354721951954416
"AT3G11340","UGT76B1","Negative",-1.00096049712863,"Atrichoblast",476,0.80672268907563,0.712989236489361,0.64736593495983
"AT2G44340","VQ18","Negative",-2.82755926578352,"Atrichoblast",476,0.00210084033613445,0.00181217368537088,-0.025912990222228
"AT4G11210",NA,"Negative",-1.6049516467354,"Atrichoblast",476,0.069327731092437,0.0190904735376482,-0.515613338451322
"AT5G28510","BGLU24","Positive",2.44781364481874,"Atrichoblast",476,0.00210084033613445,0.000731292913290931,-0.285262755735249
"AT5G09640","SCPL19; SNG2","Positive",2.49406633150789,"Atrichoblast",476,0.00210084033613445,0.000271340867922698,-0.307228284976324
"AT4G01720","AtWRKY47; WRKY47","Negative",-1.24700444964257,"Atrichoblast",476,0.25,0.0725901198650903,0.577942919083516
"AT1G72300","PSY1R","Negative",-1.58180374786453,"Atrichoblast",476,0.0420168067226891,0.015219236398687,-0.242868112003727
"AT5G42500",NA,"Negative",-1.56864995721748,"Atrichoblast",476,0.00630252100840336,0.00332809771834764,-0.474350037116643
"AT1G70890","MLP43","Negative",-1.44642788019455,"Atrichoblast",476,0,0,-0.335462366120468
"AT4G01140",NA,"Negative",-2.00945325466858,"Atrichoblast",476,0.292016806722689,0.188774880956644,-0.367281702114453
"AT1G29050","TBL38","Negative",-1.036786264475,"Atrichoblast",476,0.0651260504201681,0.0781980570241183,-0.595700211465777
"AT5G36180","scpl1","Negative",-1.61168250916166,"Atrichoblast",476,0.0420168067226891,0.0317831407162229,-0.274585578009948
"AT5G52400","CYP715A1","Positive",2.42051842957844,"Atrichoblast",476,0.0588235294117647,0.0157966502776541,-0.535847817723018
"AT5G48290",NA,"Negative",-1.16748300896808,"Atrichoblast",476,0.0273109243697479,0.0135435924192173,-0.0983174699750419
"AT2G35910","ATL70","Negative",-1.52068850855787,"Atrichoblast",476,0.338235294117647,0.112171915237649,0.216546044835626
"AT2G20350",NA,"Positive",2.57297330752297,"Atrichoblast",476,0,0,-0.355631947272235
"AT5G20710","BGAL7","Negative",-2.53455956374412,"Atrichoblast",476,0.0189075630252101,0.00886832682186691,0.633770065048266
"AT5G24030","SLAH3","Negative",-1.34409110888543,"Atrichoblast",476,0.180672268907563,0.0954745927533672,0.429341330555891
"AT2G25150",NA,"Negative",-1.64996424146849,"Atrichoblast",476,0.0168067226890756,0.00358989593190738,-0.301872697340966
"AT4G15390",NA,"Negative",-1.38879120045859,"Atrichoblast",476,0.615546218487395,0.38829707230722,-0.043458737987085
"AT5G05790",NA,"Negative",-1.00315655566098,"Atrichoblast",476,0.0105042016806723,0.00432200458476546,-0.351385297713076
"AT4G23220","CRK14","Positive",2.82992118569744,"Atrichoblast",476,0,0,-0.317597788121037
"AT3G12580","ATHSP70; HSC70-4; HSP70; HSP70-4","Positive",1.12814765520209,"Atrichoblast",476,0.884453781512605,1.13238880566753,-0.735778973701597
"AT4G17250",NA,"Positive",1.7784453004215,"Atrichoblast",476,0.0357142857142857,0.0183711794745306,0.188221973760107
"AT1G28660","GGL2; GGL4","Negative",-1.71456459678125,"Atrichoblast",476,0.0630252100840336,0.0277066135267686,0.809569341162872
"AT4G23550","ATWRKY29; WRKY29","Negative",-1.8365609541852,"Atrichoblast",476,0,0,-0.335899307011233
"AT5G43350","ATPT1; PHT1;1; PT1","Negative",-1.22803934235111,"Atrichoblast",476,0.504201680672269,0.352786095666797,1.39595701598318
"AT5G04960","PME46; PMEI-PME46","Negative",-1.35719708816369,"Atrichoblast",476,0.0147058823529412,0.00299748427968921,-0.332788269013394
"AT1G63720",NA,"Positive",1.14984778400462,"Atrichoblast",476,0.247899159663866,0.0804122449116594,-0.325184799403064
"AT4G28890","ATL42","Negative",-1.39804306627639,"Atrichoblast",476,0.0735294117647059,0.0320594121949208,-0.146013451368493
"AT3G50970","LTI30; XERO2","Positive",1.1213419588549,"Atrichoblast",476,0.949579831932773,2.30639606801271,0.793413497402378
"AT4G10310","ATHKT1; HKT1; HKT1;1","Positive",1.52708955133207,"Atrichoblast",476,0,0,-0.307453513623841
"AT1G70690","HWI1; PDLP5","Negative",-1.22616087305977,"Atrichoblast",476,0.0210084033613445,0.00510974115350423,-0.773288500842227
"AT1G78280","JMJ21","Positive",1.82568231002151,"Atrichoblast",476,0.378151260504202,0.116066015458955,-0.240206092064078
"AT5G63770","ATDGK2; DGK2","Positive",1.66389571460326,"Atrichoblast",476,0.342436974789916,0.125740098490623,1.30596545408673
"AT4G01090",NA,"Positive",1.59257235202094,"Atrichoblast",476,0.298319327731092,0.0903807496965762,-0.320656071626509
"AT4G01680","AtMYB55; MYB55","Negative",-2.49712806100537,"Atrichoblast",476,0.0399159663865546,0.015079515904703,-0.628359869013626
"AT1G17420","ATLOX3; LOX3","Positive",2.21404146389508,"Atrichoblast",476,0.237394957983193,0.0825664616508386,-0.353107523989437
"AT5G02350",NA,"Negative",-1.21600938788874,"Atrichoblast",476,0.55672268907563,0.25575018949139,1.87330206689165
"AT1G09090","ATRBOHB; ATRBOHB-BETA; RBOHB","Negative",-1.08867639815058,"Atrichoblast",476,0.0168067226890756,0.00391980537114445,-0.374242692556585
"AT5G14340","AtMYB40; MYB40","Negative",-1.88752530766593,"Atrichoblast",476,0.0126050420168067,0.00228811126183298,-0.59780979159873
"AT1G72430","SAUR78","Negative",-1.14338710104547,"Atrichoblast",476,0.0336134453781513,0.0151921972835035,-0.561819669361164
"AT2G44070",NA,"Positive",2.57289296233075,"Atrichoblast",476,0,0,-0.356328710237644
"AT1G56060","AthCYSTM3","Positive",1.94512669123876,"Atrichoblast",476,0.0609243697478992,0.0199178906423557,-0.496142391252066
"AT5G27100","ATGLR2.1; GLR2.1","Negative",-1.47938200481162,"Atrichoblast",476,0.0315126050420168,0.00630976160632675,-0.24029511960175
"AT3G14560",NA,"Positive",1.77396540582496,"Atrichoblast",476,0.243697478991597,0.111029018482592,0.446261952376037
"AT3G47660","PRAF2","Positive",5.27746696756133,"Atrichoblast",476,0.00210084033613445,0.00108534764321029,0.625052220967567
"AT5G38100",NA,"Negative",-1.37469090396726,"Atrichoblast",476,0.491596638655462,0.213488168968284,1.74004932597196
"AT5G48430",NA,"Negative",-1.39968565107729,"Atrichoblast",476,0.197478991596639,0.0855712499150868,1.94208558194639
"AT5G52870","MAKR5","Negative",-1.01139711479932,"Atrichoblast",476,0.117647058823529,0.0342170195145774,-0.567105110876152
"AT2G44940","ERF34","Negative",-1.13679801947236,"Atrichoblast",476,0.373949579831933,0.196640195157688,0.660808659079793
"AT3G09220","LAC7","Negative",-1.40061975574422,"Atrichoblast",476,0,0,-0.364974086542509
"AT2G39430",NA,"Negative",-1.06352038769506,"Atrichoblast",476,0.0126050420168067,0.00367934050636326,-0.459180017938456
"AT4G08620","SULTR1;1","Negative",-1.88659649266484,"Atrichoblast",476,0,0,-0.370670959315003
"AT4G12545",NA,"Negative",-2.0267872267625,"Atrichoblast",476,0.376050420168067,0.65067283389428,1.71747175435036
"AT5G44310",NA,"Positive",3.57169096407992,"Atrichoblast",476,0,0,-0.436674223053497
"AT5G15960","KIN1","Positive",1.28268935107574,"Atrichoblast",476,0.336134453781513,0.224087124676303,-0.50942411837686
"AT2G21510",NA,"Positive",1.75684913329933,"Atrichoblast",476,0.119747899159664,0.0296467396696958,0.345747173255982
"AT4G36220","CYP84A1; F5H; FAH1","Negative",-1.24783623311178,"Atrichoblast",476,0.0126050420168067,0.00206932512862089,-0.476622704577801
"AT3G07600",NA,"Negative",-1.64878645824955,"Atrichoblast",476,0.0315126050420168,0.0162329073670367,-0.315694224835999
"AT3G62990",NA,"Positive",2.08838035316228,"Atrichoblast",476,0.0147058823529412,0.00236167230704119,-0.340531329728667
"AT5G10100","TPPI","Positive",1.70467520381942,"Atrichoblast",476,0.0315126050420168,0.00892966752292532,-0.659566028629576
"AT4G04745",NA,"Negative",-1.91310329099706,"Atrichoblast",476,0.592436974789916,0.439469163588505,1.76105609017399
"AT5G57030","LUT2","Positive",1.91943434617527,"Atrichoblast",476,0.0273109243697479,0.00727817492204714,-0.856874848160711
"AT2G28650","ATEXO70H8; EXO70H8","Negative",-1.10743054521859,"Atrichoblast",476,0.0105042016806723,0.00343776227642744,-0.339745287754966
"AT2G43060","AtIBH1; IBH1","Negative",-1.05256696817149,"Atrichoblast",476,0.00630252100840336,0.00143633748309179,-0.86380353248941
"AT4G27410","ANAC072; ANAC72; AtRD26; RD26","Positive",1.40788682844608,"Atrichoblast",476,0.121848739495798,0.0376598108756277,-0.662421077513219
"AT5G03620",NA,"Positive",3.25463681600375,"Atrichoblast",476,0.00210084033613445,0.000472377268304408,-0.314086351692981
"AT3G20940","CYP705A30","Negative",-1.09240967140652,"Atrichoblast",476,0.878151260504202,0.784260135866913,1.16608947791688
"AT1G66090","TN3","Positive",2.20410368097024,"Atrichoblast",476,0.0147058823529412,0.00541215946131195,-0.469533888461167
"AT1G66440",NA,"Negative",-1.71128330914388,"Atrichoblast",476,0.00210084033613445,0.00182203932114227,0.250212742322332
"AT5G43650","BHLH92","Positive",2.30539455957688,"Atrichoblast",476,0.17436974789916,0.0713828773125684,-0.465903790890474
"AT5G53250","AGP22; ATAGP22","Negative",-1.138894860995,"Atrichoblast",476,0.913865546218487,1.29098898715477,-0.13917480642896
"AT3G09290","TAC1","Negative",-2.88485967121794,"Atrichoblast",476,0,0,-0.449369816876603
"AT4G18430","AtRABA1e; RABA1e","Negative",-1.31163356369142,"Atrichoblast",476,0.0273109243697479,0.0161650943921247,-0.283287816837438
"AT1G32960","ATSBT3.3; SBT3.3","Positive",2.29335120801622,"Atrichoblast",476,0,0,-0.301511344577764
"AT2G31690","DALL5","Positive",1.71187588960037,"Atrichoblast",476,0,0,-0.348114315631947
"AT2G23600","ACL; ATME8; ATMES2; ME8; MES2","Positive",1.19584804590202,"Atrichoblast",476,0.00420168067226891,0.00115466881656295,-0.377158323372387
"AT1G65310","ATXTH17; XTH17","Negative",-1.47996729637104,"Atrichoblast",476,0.352941176470588,0.382609507482251,2.81450415739236
"AT1G49310",NA,"Positive",1.08743138840695,"Atrichoblast",476,0.11344537815126,0.0518349167795743,-0.0402234578998396
"AT3G22240","AthCYSTM9","Negative",-1.1890605983947,"Atrichoblast",476,0.0756302521008403,0.031089407947058,-0.213722661585676
"AT2G41380",NA,"Negative",-1.62860208922019,"Atrichoblast",476,0.48109243697479,0.239233811222424,1.49434586354205
"AT5G20230","ATBCB; BCB; SAG14","Positive",1.7574067361109,"Atrichoblast",476,0.319327731092437,0.236314975670493,-0.559850395371111
"AT3G22910","ACA13","Positive",1.27407457950215,"Atrichoblast",476,0.283613445378151,0.131880927827474,-0.57242206949446
"AT5G20045",NA,"Negative",-1.79040617492877,"Atrichoblast",476,0.0210084033613445,0.00796503256431044,-0.466147367844877
"AT1G26970","PBL4","Negative",-1.60672066418207,"Atrichoblast",476,0.0651260504201681,0.0263845708363412,-0.503686899539649
"AT1G06180","ATMYB13; ATMYBLFGN; MYB13","Negative",-1.17919366081855,"Atrichoblast",476,0.220588235294118,0.0597007618039894,-0.595546407519457
"AT5G04370","NAMT1","Positive",1.04650165006307,"Atrichoblast",476,0,0,-0.305605458152852
"AT2G32560",NA,"Negative",-1.1873332596431,"Atrichoblast",476,0.138655462184874,0.0383071890771823,-1.02535441820187
"AT4G17340","DELTA-TIP2; TIP2;2","Negative",-1.10325288077999,"Atrichoblast",476,0.245798319327731,0.117844045360017,-0.620716599527398
"AT5G57480",NA,"Negative",-1.09600758300743,"Atrichoblast",476,0.0588235294117647,0.0195394018245576,-0.696790534327924
"AT1G52890","ANAC019; ANAC19; NAC019","Positive",1.4735045454021,"Atrichoblast",476,0.0105042016806723,0.00285096131170764,-0.58146049833898
"AT4G35060","AtHMP39; HIPP25","Negative",-1.32498070067296,"Atrichoblast",476,0.126050420168067,0.0753910831891113,-0.522597914522039
"AT4G17670",NA,"Negative",-1.23044033768659,"Atrichoblast",476,0.0252100840336134,0.00726154220909666,-0.669426722629403
"AT1G11925",NA,"Positive",2.03926122876378,"Atrichoblast",476,0,0,-0.301511344577764
"AT5G13910","LEP","Negative",-1.33443462092489,"Atrichoblast",476,0.105042016806723,0.0617201733337518,-0.391976786908285
"AT1G44050",NA,"Negative",-1.24877244600657,"Atrichoblast",476,0.00840336134453781,0.00271961968057393,-0.137795864886596
"AT5G42590","CYP71A16; MRO","Negative",-1.44488263368016,"Atrichoblast",476,0.876050420168067,0.749761360304233,0.478382397005387
"AT5G22690",NA,"Positive",1.52585937558067,"Atrichoblast",476,0.069327731092437,0.0219112611989848,-0.269562965764996
"AT5G51500","PMEI-PME60","Negative",-1.17505068535868,"Atrichoblast",476,0.747899159663866,0.579767007076847,2.90259563488005
"AT4G08040","ACS11","Negative",-2.51565847516007,"Atrichoblast",476,0.00630252100840336,0.000798682109452202,-0.429126330298959
"AT5G01040","LAC8","Positive",1.45248411028131,"Atrichoblast",476,0.892857142857143,1.0209559954864,0.223095322716903
"AT1G18860","ATWRKY61; WRKY61","Negative",-1.78488937208167,"Atrichoblast",476,0.0945378151260504,0.0303252951737098,0.707235513775206
"AT5G14700",NA,"Positive",1.87865812025226,"Atrichoblast",476,0.176470588235294,0.0560768576850883,-0.380920344077717
"AT5G09978","PEP7","Negative",-1.21117622460744,"Atrichoblast",476,0.451680672268908,0.310937366827151,1.82406897560943
"AT3G21320",NA,"Positive",2.01801920633086,"Atrichoblast",476,0,0,-0.346445669448733
"AT5G22540",NA,"Positive",1.6839930189871,"Atrichoblast",476,0.0273109243697479,0.00563608324678763,-0.295103391434588
"AT3G59620",NA,"Positive",5.69629670436994,"Atrichoblast",476,0,0,-0.356171738277576
"AT3G48520","CYP94B3","Positive",1.63975511113845,"Atrichoblast",476,0.317226890756303,0.231797355460546,-0.343380164919872
"AT1G65500","STMP6","Positive",1.38928413584717,"Atrichoblast",476,0,0,-0.307964145674714
"AT1G66930","LRK10L2","Negative",-1.72008297926752,"Atrichoblast",476,0.0252100840336134,0.00752162416964338,0.932265726659567
"AT1G09930","ATOPT2; OPT2","Positive",2.29700145851768,"Atrichoblast",476,0,0,-0.577103217548586
"AT5G57540","AtXTH13; XTH13","Negative",-1.343442975401,"Atrichoblast",476,0,0,-0.368398907708235
"AT3G02240","GLV4; RGF7","Negative",-2.58232156115238,"Atrichoblast",476,0.109243697478992,0.0925791786187969,1.67576041036573
"AT3G27540",NA,"Positive",1.19651550278847,"Atrichoblast",476,0.147058823529412,0.0386818615577795,-0.449674241945016
"AT4G01870",NA,"Positive",1.16965896343649,"Atrichoblast",476,0.821428571428571,1.04439484673359,0.37172638671683
"AT5G46900",NA,"Negative",-1.14621712862678,"Atrichoblast",476,0.781512605042017,1.02189597456681,-0.154414957704236
"AT3G51810","AT3; ATEM1; EM1; GEA1","Positive",2.14908891736074,"Atrichoblast",476,0,0,-0.616404199255191
"AT2G47360",NA,"Negative",-1.06216999738096,"Atrichoblast",476,0.0567226890756303,0.0281110848730029,-0.379471466186883
"AT2G33110","ATVAMP723; VAMP723","Positive",1.10888735127785,"Atrichoblast",476,0.126050420168067,0.0361583828964688,-0.309112814958466
"AT1G30190",NA,"Positive",1.40238508250906,"Atrichoblast",476,0.023109243697479,0.00677489659721107,-0.615726118854846
"AT3G55230",NA,"Negative",-1.05864280865325,"Atrichoblast",476,0,0,-0.411409554068984
"AT2G40250",NA,"Negative",-2.86084454634663,"Atrichoblast",476,0.0357142857142857,0.0221627623700938,1.06446094279345
"AT5G11570","NPF1.3","Negative",-1.38806061147263,"Atrichoblast",476,0,0,-0.506441276121989
"AT1G04180","YUC9; YUCCA9","Negative",-1.72444126887544,"Trichoblast",520,0.163461538461538,0.038560425739851,-0.827560536228562
"AT4G39400","ATBRI1; BIN1; BRI1; CBB2; DWF2","Negative",-2.98604888635343,"Trichoblast",520,0.701923076923077,0.360975518742565,0.401271117574134
"AT1G56600","AtGolS2; GolS2","Positive",2.04698210819202,"Trichoblast",520,0.173076923076923,0.0511849295510802,-0.963921720355489
"AT5G66985","HUP44","Negative",-2.54543998303942,"Trichoblast",520,0.00384615384615385,0.00105268212835059,-0.991728472498624
"AT1G14960",NA,"Negative",-2.70940826566846,"Trichoblast",520,0.459615384615385,0.308381042285684,2.03435176524932
"AT1G77380","AAP3; ATAAP3","Positive",1.74668743756508,"Trichoblast",520,0.00192307692307692,0.000147111666753102,-0.550226554022958
"AT1G72470","ATEXO70D1; EXO70D1","Negative",-1.0259510636015,"Trichoblast",520,0.655769230769231,0.329786335968994,0.40700916222887
"AT1G69810","ATWRKY36; WRKY36","Negative",-1.19358562700619,"Trichoblast",520,0.769230769230769,0.468678096948823,1.61630649001878
"AT2G36640","ATECP63; ECP63","Positive",1.99115016290122,"Trichoblast",520,0.0788461538461538,0.0195990987984393,-0.155470252615567
"AT2G44130","KFB39; KMD3","Positive",2.06978503389309,"Trichoblast",520,0.0980769230769231,0.0171624385053691,-0.674830733191337
"AT3G27170","ATCLC-B; CLC-B","Negative",-2.09861229382896,"Trichoblast",520,0.00769230769230769,0.00244884987886456,-0.362203886029517
"AT3G11340","UGT76B1","Negative",-1.00096049712863,"Trichoblast",520,0.686538461538462,0.559326884974013,0.247347510936745
"AT2G44340","VQ18","Negative",-2.82755926578352,"Trichoblast",520,0.0269230769230769,0.0110752770176732,2.36490662776135
"AT4G11210",NA,"Negative",-1.6049516467354,"Trichoblast",520,0.0980769230769231,0.0370728230097763,-0.498075106452169
"AT5G28510","BGLU24","Positive",2.44781364481874,"Trichoblast",520,0,0,-0.31716035847184
"AT5G09640","SCPL19; SNG2","Positive",2.49406633150789,"Trichoblast",520,0.00576923076923077,0.000910967746086818,-0.276945672703474
"AT4G01720","AtWRKY47; WRKY47","Negative",-1.24700444964257,"Trichoblast",520,0.417307692307692,0.123894659816579,1.63363800815511
"AT1G72300","PSY1R","Negative",-1.58180374786453,"Trichoblast",520,0.201923076923077,0.0800488953545377,2.23551391308099
"AT5G42500",NA,"Negative",-1.56864995721748,"Trichoblast",520,0.1,0.0477619089094197,-0.310647386223969
"AT1G70890","MLP43","Negative",-1.44642788019455,"Trichoblast",520,0.00384615384615385,0.000274592427090872,-0.31701887356332
"AT4G01140",NA,"Negative",-2.00945325466858,"Trichoblast",520,0.638461538461538,0.501395486844056,0.687183687052121
"AT1G29050","TBL38","Negative",-1.036786264475,"Trichoblast",520,0.228846153846154,0.14102995575907,-0.43683528119552
"AT5G36180","scpl1","Negative",-1.61168250916166,"Trichoblast",520,0.0461538461538462,0.0167892629867775,-0.34300955324477
"AT5G52400","CYP715A1","Positive",2.42051842957844,"Trichoblast",520,0.0961538461538462,0.0193242790162051,-0.513608997173659
"AT5G48290",NA,"Negative",-1.16748300896808,"Trichoblast",520,0.00576923076923077,0.0020011377833417,-0.33223600800894
"AT2G35910","ATL70","Negative",-1.52068850855787,"Trichoblast",520,0.25,0.0617842463301231,-0.218123983789692
"AT2G20350",NA,"Positive",2.57297330752297,"Trichoblast",520,0,0,-0.355631947272235
"AT5G20710","BGAL7","Negative",-2.53455956374412,"Trichoblast",520,0.0884615384615385,0.0264989896087007,2.82765618595246
"AT5G24030","SLAH3","Negative",-1.34409110888543,"Trichoblast",520,0.275,0.140577833533011,1.15480896986639
"AT2G25150",NA,"Negative",-1.64996424146849,"Trichoblast",520,0.00961538461538462,0.0015324979681471,-0.3810188553724
"AT4G15390",NA,"Negative",-1.38879120045859,"Trichoblast",520,0.438461538461538,0.194775030922204,-0.558247675727978
"AT5G05790",NA,"Negative",-1.00315655566098,"Trichoblast",520,0.00576923076923077,0.00033850954581278,-0.366822788853574
"AT4G23220","CRK14","Positive",2.82992118569744,"Trichoblast",520,0,0,-0.317597788121037
"AT3G12580","ATHSP70; HSC70-4; HSP70; HSP70-4","Positive",1.12814765520209,"Trichoblast",520,0.748076923076923,0.701460903055812,-1.60069957809436
"AT4G17250",NA,"Positive",1.7784453004215,"Trichoblast",520,0.0134615384615385,0.00136304143851858,-0.420603822750387
"AT1G28660","GGL2; GGL4","Negative",-1.71456459678125,"Trichoblast",520,0.2,0.0550874680215429,2.43521716785458
"AT4G23550","ATWRKY29; WRKY29","Negative",-1.8365609541852,"Trichoblast",520,0,0,-0.335899307011233
"AT5G43350","ATPT1; PHT1;1; PT1","Negative",-1.22803934235111,"Trichoblast",520,0.569230769230769,0.536298588572757,2.46340351142687
"AT5G04960","PME46; PMEI-PME46","Negative",-1.35719708816369,"Trichoblast",520,0.207692307692308,0.382643183773028,3.01288920368132
"AT1G63720",NA,"Positive",1.14984778400462,"Trichoblast",520,0.109615384615385,0.0242602036643235,-0.754440973853819
"AT4G28890","ATL42","Negative",-1.39804306627639,"Trichoblast",520,0.230769230769231,0.0726343436048119,0.290747152794018
"AT3G50970","LTI30; XERO2","Positive",1.1213419588549,"Trichoblast",520,0.915384615384615,1.41123490379963,-0.476392346308532
"AT4G10310","ATHKT1; HKT1; HKT1;1","Positive",1.52708955133207,"Trichoblast",520,0,0,-0.307453513623841
"AT1G70690","HWI1; PDLP5","Negative",-1.22616087305977,"Trichoblast",520,0.0442307692307692,0.0162363572978409,-0.699621121805765
"AT1G78280","JMJ21","Positive",1.82568231002151,"Trichoblast",520,0.453846153846154,0.143204598856681,0.0406400470151052
"AT5G63770","ATDGK2; DGK2","Positive",1.66389571460326,"Trichoblast",520,0.376923076923077,0.125526104485159,1.29866301265902
"AT4G01090",NA,"Positive",1.59257235202094,"Trichoblast",520,0.284615384615385,0.068709619912827,-0.439247420568351
"AT4G01680","AtMYB55; MYB55","Negative",-2.49712806100537,"Trichoblast",520,0.128846153846154,0.032580230665381,-0.412334783345607
"AT1G17420","ATLOX3; LOX3","Positive",2.21404146389508,"Trichoblast",520,0.0596153846153846,0.0170852390334496,-0.680664623323901
"AT5G02350",NA,"Negative",-1.21600938788874,"Trichoblast",520,0.6,0.282799455058289,2.14858901921475
"AT1G09090","ATRBOHB; ATRBOHB-BETA; RBOHB","Negative",-1.08867639815058,"Trichoblast",520,0.0153846153846154,0.00128391125365843,-0.403859830799464
"AT5G14340","AtMYB40; MYB40","Negative",-1.88752530766593,"Trichoblast",520,0.0365384615384615,0.0056008342314333,-0.581112991668257
"AT1G72430","SAUR78","Negative",-1.14338710104547,"Trichoblast",520,0.161538461538462,0.0958104293643607,-0.38290925283861
"AT2G44070",NA,"Positive",2.57289296233075,"Trichoblast",520,0.00769230769230769,0.0011830329873026,-0.332211398743337
"AT1G56060","AthCYSTM3","Positive",1.94512669123876,"Trichoblast",520,0.113461538461538,0.0271646260528886,-0.405412588275642
"AT5G27100","ATGLR2.1; GLR2.1","Negative",-1.47938200481162,"Trichoblast",520,0.401923076923077,0.117572745249472,3.00443196810945
"AT3G14560",NA,"Positive",1.77396540582496,"Trichoblast",520,0.182692307692308,0.0534631135787282,-0.381495948780808
"AT3G47660","PRAF2","Positive",5.27746696756133,"Trichoblast",520,0.00384615384615385,0.00174651019985256,1.3408015067648
"AT5G38100",NA,"Negative",-1.37469090396726,"Trichoblast",520,0.313461538461538,0.0905478323565731,0.280840530710321
"AT5G48430",NA,"Negative",-1.39968565107729,"Trichoblast",520,0.0826923076923077,0.0210492277852641,-0.213351850953537
"AT5G52870","MAKR5","Negative",-1.01139711479932,"Trichoblast",520,0.0961538461538462,0.0191719132339856,-0.727616733146348
"AT2G44940","ERF34","Negative",-1.13679801947236,"Trichoblast",520,0.121153846153846,0.0212261289829611,-0.62017953525559
"AT3G09220","LAC7","Negative",-1.40061975574422,"Trichoblast",520,0.0153846153846154,0.00599970412098382,0.127777137605086
"AT2G39430",NA,"Negative",-1.06352038769506,"Trichoblast",520,0.0173076923076923,0.00333621919789681,-0.477176073798686
"AT4G08620","SULTR1;1","Negative",-1.88659649266484,"Trichoblast",520,0.0461538461538462,0.0272463751796599,2.95702233910864
"AT4G12545",NA,"Negative",-2.0267872267625,"Trichoblast",520,0.590384615384615,0.77481899950628,2.21516829515839
"AT5G44310",NA,"Positive",3.57169096407992,"Trichoblast",520,0.00576923076923077,0.00166258102742434,2.49471472576624
"AT5G15960","KIN1","Positive",1.28268935107574,"Trichoblast",520,0.301923076923077,0.110106481538927,-1.21866256591212
"AT2G21510",NA,"Positive",1.75684913329933,"Trichoblast",520,0.138461538461538,0.0322582108550634,0.44843016340719
"AT4G36220","CYP84A1; F5H; FAH1","Negative",-1.24783623311178,"Trichoblast",520,0.00192307692307692,0.00014943106009143,-1.06021626858826
"AT3G07600",NA,"Negative",-1.64878645824955,"Trichoblast",520,0.155769230769231,0.103266169323167,0.131373646908548
"AT3G62990",NA,"Positive",2.08838035316228,"Trichoblast",520,0.0326923076923077,0.00324358184354273,-0.323655918271662
"AT5G10100","TPPI","Positive",1.70467520381942,"Trichoblast",520,0.0826923076923077,0.0141453737851849,-0.625518995348263
"AT4G04745",NA,"Negative",-1.91310329099706,"Trichoblast",520,0.592307692307692,0.449482473422442,1.82569498797269
"AT5G57030","LUT2","Positive",1.91943434617527,"Trichoblast",520,0.0365384615384615,0.00703065587376704,-0.891357393448986
"AT2G28650","ATEXO70H8; EXO70H8","Negative",-1.10743054521859,"Trichoblast",520,0.00769230769230769,0.00163522206211668,-0.360482246756251
"AT2G43060","AtIBH1; IBH1","Negative",-1.05256696817149,"Trichoblast",520,0.0134615384615385,0.0045611915448196,-0.766243802152444
"AT4G27410","ANAC072; ANAC72; AtRD26; RD26","Positive",1.40788682844608,"Trichoblast",520,0.284615384615385,0.168043132214014,0.0630770015264947
"AT5G03620",NA,"Positive",3.25463681600375,"Trichoblast",520,0.00192307692307692,0.00142480094710877,0.109800720585452
"AT3G20940","CYP705A30","Negative",-1.09240967140652,"Trichoblast",520,0.469230769230769,0.149067635764507,-1.01346513757876
"AT1G66090","TN3","Positive",2.20410368097024,"Trichoblast",520,0.00769230769230769,0.00171001151554728,-0.504066075985716
"AT1G66440",NA,"Negative",-1.71128330914388,"Trichoblast",520,0.0346153846153846,0.00926419941132292,2.95250010173321
"AT5G43650","BHLH92","Positive",2.30539455957688,"Trichoblast",520,0.167307692307692,0.052833451251857,-0.498031642772215
"AT5G53250","AGP22; ATAGP22","Negative",-1.138894860995,"Trichoblast",520,0.973076923076923,1.94028541270925,0.450438947064593
"AT3G09290","TAC1","Negative",-2.88485967121794,"Trichoblast",520,0,0,-0.449369816876603
"AT4G18430","AtRABA1e; RABA1e","Negative",-1.31163356369142,"Trichoblast",520,0.305769230769231,0.329494822453987,2.99907753085113
"AT1G32960","ATSBT3.3; SBT3.3","Positive",2.29335120801622,"Trichoblast",520,0,0,-0.301511344577764
"AT2G31690","DALL5","Positive",1.71187588960037,"Trichoblast",520,0.00576923076923077,0.000841205449172033,-0.320217123522738
"AT2G23600","ACL; ATME8; ATMES2; ME8; MES2","Positive",1.19584804590202,"Trichoblast",520,0.00576923076923077,0.00239741138640063,-0.365713275141575
"AT1G65310","ATXTH17; XTH17","Negative",-1.47996729637104,"Trichoblast",520,0.242307692307692,0.115758514300016,0.379437327907448
"AT1G49310",NA,"Positive",1.08743138840695,"Trichoblast",520,0.180769230769231,0.0783285943097275,0.190275349844554
"AT3G22240","AthCYSTM9","Negative",-1.1890605983947,"Trichoblast",520,0.0673076923076923,0.015153164362307,-0.285574568717568
"AT2G41380",NA,"Negative",-1.62860208922019,"Trichoblast",520,0.226923076923077,0.0560439454031923,-0.563853901265532
"AT5G20230","ATBCB; BCB; SAG14","Positive",1.7574067361109,"Trichoblast",520,0.346153846153846,0.212843549793296,-0.582571538809573
"AT3G22910","ACA13","Positive",1.27407457950215,"Trichoblast",520,0.261538461538462,0.136019239237565,-0.562986002709171
"AT5G20045",NA,"Negative",-1.79040617492877,"Trichoblast",520,0.0384615384615385,0.0196272883797353,-0.417971911682697
"AT1G26970","PBL4","Negative",-1.60672066418207,"Trichoblast",520,0.25,0.0901578935949532,0.481490467036446
"AT1G06180","ATMYB13; ATMYBLFGN; MYB13","Negative",-1.17919366081855,"Trichoblast",520,0.182692307692308,0.0362550469170599,-0.894692108850111
"AT5G04370","NAMT1","Positive",1.04650165006307,"Trichoblast",520,0,0,-0.305605458152852
"AT2G32560",NA,"Negative",-1.1873332596431,"Trichoblast",520,0.0884615384615385,0.0143848062039095,-1.2152614244552
"AT4G17340","DELTA-TIP2; TIP2;2","Negative",-1.10325288077999,"Trichoblast",520,0.561538461538462,1.13989325874459,2.11645360592419
"AT5G57480",NA,"Negative",-1.09600758300743,"Trichoblast",520,0.219230769230769,0.0748176723594447,-0.311869383050307
"AT1G52890","ANAC019; ANAC19; NAC019","Positive",1.4735045454021,"Trichoblast",520,0.025,0.00330831393588838,-0.571762571020691
"AT4G35060","AtHMP39; HIPP25","Negative",-1.32498070067296,"Trichoblast",520,0.426923076923077,0.332448141129527,0.304469820090977
"AT4G17670",NA,"Negative",-1.23044033768659,"Trichoblast",520,0.201923076923077,0.0592896979180923,-0.390803362483884
"AT1G11925",NA,"Positive",2.03926122876378,"Trichoblast",520,0,0,-0.301511344577764
"AT5G13910","LEP","Negative",-1.33443462092489,"Trichoblast",520,0.380769230769231,0.211262314738605,0.135470942726317
"AT1G44050",NA,"Negative",-1.24877244600657,"Trichoblast",520,0.111538461538462,0.0329783507898657,2.98146390133408
"AT5G42590","CYP71A16; MRO","Negative",-1.44488263368016,"Trichoblast",520,0.480769230769231,0.198366216555624,-0.676583491820834
"AT5G22690",NA,"Positive",1.52585937558067,"Trichoblast",520,0.0961538461538462,0.0260751923175003,-0.21061853667762
"AT5G51500","PMEI-PME60","Negative",-1.17505068535868,"Trichoblast",520,0.313461538461538,0.114400976320292,0.111760166500777
"AT4G08040","ACS11","Negative",-2.51565847516007,"Trichoblast",520,0.00192307692307692,0.000111203059187181,-0.443816065628628
"AT5G01040","LAC8","Positive",1.45248411028131,"Trichoblast",520,0.959615384615385,1.19014718622875,0.59269693433998
"AT1G18860","ATWRKY61; WRKY61","Negative",-1.78488937208167,"Trichoblast",520,0.180769230769231,0.0566690602766233,2.03855215282168
"AT5G14700",NA,"Positive",1.87865812025226,"Trichoblast",520,0.111538461538462,0.0227499869308496,-0.477639914838145
"AT5G09978","PEP7","Negative",-1.21117622460744,"Trichoblast",520,0.0961538461538462,0.0179674437558846,-0.498944174069018
"AT3G21320",NA,"Positive",2.01801920633086,"Trichoblast",520,0.00192307692307692,0.000103621819169425,-0.329215086920756
"AT5G22540",NA,"Positive",1.6839930189871,"Trichoblast",520,0.0153846153846154,0.00256514108842209,-0.454260612334407
"AT3G59620",NA,"Positive",5.69629670436994,"Trichoblast",520,0.00769230769230769,0.00219026720169842,-0.229990845739922
"AT3G48520","CYP94B3","Positive",1.63975511113845,"Trichoblast",520,0.278846153846154,0.257758725062943,-0.252794468114018
"AT1G65500","STMP6","Positive",1.38928413584717,"Trichoblast",520,0,0,-0.307964145674714
"AT1G66930","LRK10L2","Negative",-1.72008297926752,"Trichoblast",520,0.05,0.0121221372418817,2.10276367645766
"AT1G09930","ATOPT2; OPT2","Positive",2.29700145851768,"Trichoblast",520,0,0,-0.577103217548586
"AT5G57540","AtXTH13; XTH13","Negative",-1.343442975401,"Trichoblast",520,0.0923076923076923,0.106174036484573,3.0053185222945
"AT3G02240","GLV4; RGF7","Negative",-2.58232156115238,"Trichoblast",520,0.194230769230769,0.0931991918290985,1.69167262771093
"AT3G27540",NA,"Positive",1.19651550278847,"Trichoblast",520,0.207692307692308,0.0617247373777676,-0.0249518755439876
"AT4G01870",NA,"Positive",1.16965896343649,"Trichoblast",520,0.584615384615385,0.353704259003231,-0.731066808095298
"AT5G46900",NA,"Negative",-1.14621712862678,"Trichoblast",520,0.948076923076923,2.75780040836156,1.98369648351821
"AT3G51810","AT3; ATEM1; EM1; GEA1","Positive",2.14908891736074,"Trichoblast",520,0.00384615384615385,0.000423457555849611,-0.56376514139057
"AT2G47360",NA,"Negative",-1.06216999738096,"Trichoblast",520,0.598076923076923,0.623621190929441,2.9326605268643
"AT2G33110","ATVAMP723; VAMP723","Positive",1.10888735127785,"Trichoblast",520,0.146153846153846,0.0319314172495978,-0.360778898222272
"AT1G30190",NA,"Positive",1.40238508250906,"Trichoblast",520,0.0538461538461538,0.018908367017102,0.77858738375286
"AT3G55230",NA,"Negative",-1.05864280865325,"Trichoblast",520,0.00192307692307692,0.00124928562367983,-0.334675830167793
"AT2G40250",NA,"Negative",-2.86084454634663,"Trichoblast",520,0.0788461538461538,0.0358688934883008,2.20009304093457
"AT5G11570","NPF1.3","Negative",-1.38806061147263,"Trichoblast",520,0.00192307692307692,0.000154298997612444,-0.497782495745151
"AT1G04180","YUC9; YUCCA9","Negative",-1.72444126887544,"Stele",334,0.167664670658683,0.125814464591838,-0.269896190907604
"AT4G39400","ATBRI1; BIN1; BRI1; CBB2; DWF2","Negative",-2.98604888635343,"Stele",334,0.158682634730539,0.0760219656306763,-1.4691120668233
"AT1G56600","AtGolS2; GolS2","Positive",2.04698210819202,"Stele",334,0.344311377245509,0.45744825976396,1.06886514101382
"AT5G66985","HUP44","Negative",-2.54543998303942,"Stele",334,0.0269461077844311,0.0173674212765561,-0.386660693552652
"AT1G14960",NA,"Negative",-2.70940826566846,"Stele",334,0.0538922155688623,0.0385324991256898,-0.676571729031152
"AT1G77380","AAP3; ATAAP3","Positive",1.74668743756508,"Stele",334,0.0119760479041916,0.0141530076007261,2.58682881386226
"AT1G72470","ATEXO70D1; EXO70D1","Negative",-1.0259510636015,"Stele",334,0.272455089820359,0.134693746492439,-1.19412139365242
"AT1G69810","ATWRKY36; WRKY36","Negative",-1.19358562700619,"Stele",334,0.107784431137725,0.0668050484589611,-0.932903965617539
"AT2G36640","ATECP63; ECP63","Positive",1.99115016290122,"Stele",334,0.0778443113772455,0.0524223760193119,1.21937888655184
"AT2G44130","KFB39; KMD3","Positive",2.06978503389309,"Stele",334,0.197604790419162,0.228394352449386,1.6873498126223
"AT3G27170","ATCLC-B; CLC-B","Negative",-2.09861229382896,"Stele",334,0.00598802395209581,0.00259001438043533,-0.360809066076156
"AT3G11340","UGT76B1","Negative",-1.00096049712863,"Stele",334,0.38622754491018,0.415433534095786,-0.127239958785529
"AT2G44340","VQ18","Negative",-2.82755926578352,"Stele",334,0,0,-0.493637492773086
"AT4G11210",NA,"Negative",-1.6049516467354,"Stele",334,0.87125748502994,2.50789735520309,1.91172645712951
"AT5G28510","BGLU24","Positive",2.44781364481874,"Stele",334,0.0868263473053892,0.0763776800959607,3.01428844045036
"AT5G09640","SCPL19; SNG2","Positive",2.49406633150789,"Stele",334,0,0,-0.320074696810464
"AT4G01720","AtWRKY47; WRKY47","Negative",-1.24700444964257,"Stele",334,0.00598802395209581,0.00306816704960318,-0.852612432146104
"AT1G72300","PSY1R","Negative",-1.58180374786453,"Stele",334,0.12874251497006,0.063403463485524,1.59917338918544
"AT5G42500",NA,"Negative",-1.56864995721748,"Stele",334,0.431137724550898,0.481788233302206,1.28838852709824
"AT1G70890","MLP43","Negative",-1.44642788019455,"Stele",334,0,0,-0.335462366120468
"AT4G01140",NA,"Negative",-2.00945325466858,"Stele",334,0.55688622754491,0.469626378559818,0.580026882607573
"AT1G29050","TBL38","Negative",-1.036786264475,"Stele",334,0.655688622754491,0.740349201704104,1.07849072571566
"AT5G36180","scpl1","Negative",-1.61168250916166,"Stele",334,0.0658682634730539,0.0447459702220831,-0.2154302119941
"AT5G52400","CYP715A1","Positive",2.42051842957844,"Stele",334,0.116766467065868,0.102055990194846,0.00794693033557419
"AT5G48290",NA,"Negative",-1.16748300896808,"Stele",334,0.0029940119760479,0.00196256256419744,-0.333017770567358
"AT2G35910","ATL70","Negative",-1.52068850855787,"Stele",334,0.0029940119760479,0.000725764906691264,-0.744845946594717
"AT2G20350",NA,"Positive",2.57297330752297,"Stele",334,0,0,-0.355631947272235
"AT5G20710","BGAL7","Negative",-2.53455956374412,"Stele",334,0,0,-0.46976752541973
"AT5G24030","SLAH3","Negative",-1.34409110888543,"Stele",334,0.032934131736527,0.018819365757447,-0.803627423091609
"AT2G25150",NA,"Negative",-1.64996424146849,"Stele",334,0.00598802395209581,0.00337942126788205,-0.309969459034127
"AT4G15390",NA,"Negative",-1.38879120045859,"Stele",334,0.0479041916167665,0.0305760529534289,-0.99503418770217
"AT5G05790",NA,"Negative",-1.00315655566098,"Stele",334,0.688622754491018,0.863929795167859,2.97990732890413
"AT4G23220","CRK14","Positive",2.82992118569744,"Stele",334,0,0,-0.317597788121037
"AT3G12580","ATHSP70; HSC70-4; HSP70; HSP70-4","Positive",1.12814765520209,"Stele",334,0.850299401197605,1.70764365142448,0.41882198357333
"AT4G17250",NA,"Positive",1.7784453004215,"Stele",334,0.00898203592814371,0.0072524968120087,-0.209784016891211
"AT1G28660","GGL2; GGL4","Negative",-1.71456459678125,"Stele",334,0,0,-0.835419352428655
"AT4G23550","ATWRKY29; WRKY29","Negative",-1.8365609541852,"Stele",334,0,0,-0.335899307011233
"AT5G43350","ATPT1; PHT1;1; PT1","Negative",-1.22803934235111,"Stele",334,0.0449101796407186,0.0233838801225688,-0.520093684468365
"AT5G04960","PME46; PMEI-PME46","Negative",-1.35719708816369,"Stele",334,0.0149700598802395,0.0106225484059132,-0.26559139227014
"AT1G63720",NA,"Positive",1.14984778400462,"Stele",334,0.269461077844311,0.165018421268509,0.321589971221508
"AT4G28890","ATL42","Negative",-1.39804306627639,"Stele",334,0.0119760479041916,0.00393369552903024,-0.448767013152786
"AT3G50970","LTI30; XERO2","Positive",1.1213419588549,"Stele",334,0.874251497005988,1.9593178171104,0.301075347759622
"AT4G10310","ATHKT1; HKT1; HKT1;1","Positive",1.52708955133207,"Stele",334,0.032934131736527,0.0210038364475385,3.01462644356844
"AT1G70690","HWI1; PDLP5","Negative",-1.22616087305977,"Stele",334,0.0359281437125748,0.0151832409941762,-0.706593620623479
"AT1G78280","JMJ21","Positive",1.82568231002151,"Stele",334,0.18562874251497,0.0885380479118564,-0.525081809009109
"AT5G63770","ATDGK2; DGK2","Positive",1.66389571460326,"Stele",334,0.12874251497006,0.0555852361442242,-1.08803512570109
"AT4G01090",NA,"Positive",1.59257235202094,"Stele",334,0.119760479041916,0.0623135260644297,-0.474248890496737
"AT4G01680","AtMYB55; MYB55","Negative",-2.49712806100537,"Stele",334,0.380239520958084,0.281669924370224,2.66237520178674
"AT1G17420","ATLOX3; LOX3","Positive",2.21404146389508,"Stele",334,0.203592814371257,0.152805556213276,-0.00175009425443916
"AT5G02350",NA,"Negative",-1.21600938788874,"Stele",334,0.0239520958083832,0.015244691819661,-0.57438085844518
"AT1G09090","ATRBOHB; ATRBOHB-BETA; RBOHB","Negative",-1.08867639815058,"Stele",334,0.0029940119760479,0.000913894424141174,-0.408017372454611
"AT5G14340","AtMYB40; MYB40","Negative",-1.88752530766593,"Stele",334,0.55688622754491,0.619622862424728,2.51368335916675
"AT1G72430","SAUR78","Negative",-1.14338710104547,"Stele",334,0.790419161676647,1.13836205984983,1.93075282634649
"AT2G44070",NA,"Positive",2.57289296233075,"Stele",334,0,0,-0.356328710237644
"AT1G56060","AthCYSTM3","Positive",1.94512669123876,"Stele",334,0.0479041916167665,0.0310816931141922,-0.356370543467306
"AT5G27100","ATGLR2.1; GLR2.1","Negative",-1.47938200481162,"Stele",334,0,0,-0.424304695209693
"AT3G14560",NA,"Positive",1.77396540582496,"Stele",334,0.116766467065868,0.112412632985996,0.466157372056502
"AT3G47660","PRAF2","Positive",5.27746696756133,"Stele",334,0.00598802395209581,0.00267128465414238,2.34192694638886
"AT5G38100",NA,"Negative",-1.37469090396726,"Stele",334,0.0209580838323353,0.00855399410057117,-0.692364303747736
"AT5G48430",NA,"Negative",-1.39968565107729,"Stele",334,0.0029940119760479,0.00232731499100418,-0.838780353039863
"AT5G52870","MAKR5","Negative",-1.01139711479932,"Stele",334,0.31437125748503,0.284867751096329,2.10701063141663
"AT2G44940","ERF34","Negative",-1.13679801947236,"Stele",334,0.461077844311377,0.490133303074896,2.80408721455353
"AT3G09220","LAC7","Negative",-1.40061975574422,"Stele",334,0.0029940119760479,0.00155433716396649,-0.237317534679582
"AT2G39430",NA,"Negative",-1.06352038769506,"Stele",334,0.0239520958083832,0.0157495910464792,0.17388151921218
"AT4G08620","SULTR1;1","Negative",-1.88659649266484,"Stele",334,0,0,-0.370670959315003
"AT4G12545",NA,"Negative",-2.0267872267625,"Stele",334,0.140718562874251,0.0828710397742108,-0.558820770715243
"AT5G44310",NA,"Positive",3.57169096407992,"Stele",334,0,0,-0.436674223053497
"AT5G15960","KIN1","Positive",1.28268935107574,"Stele",334,0.374251497005988,0.621345471751656,1.96249467059302
"AT2G21510",NA,"Positive",1.75684913329933,"Stele",334,0.0029940119760479,0.00254574960793597,-0.719863165924519
"AT4G36220","CYP84A1; F5H; FAH1","Negative",-1.24783623311178,"Stele",334,0.0029940119760479,0.00114325161052528,-0.758122894520612
"AT3G07600",NA,"Negative",-1.64878645824955,"Stele",334,0.0029940119760479,0.00237551171460776,-0.3868761642809
"AT3G62990",NA,"Positive",2.08838035316228,"Stele",334,0.176646706586826,0.177038651619958,3.00192702452114
"AT5G10100","TPPI","Positive",1.70467520381942,"Stele",334,0.431137724550898,0.311063387402374,1.31269933657639
"AT4G04745",NA,"Negative",-1.91310329099706,"Stele",334,0.0838323353293413,0.0398799146314781,-0.818411543719635
"AT5G57030","LUT2","Positive",1.91943434617527,"Stele",334,0.0568862275449102,0.0209782635796145,1.05172140279664
"AT2G28650","ATEXO70H8; EXO70H8","Negative",-1.10743054521859,"Stele",334,0.254491017964072,0.293126217043793,2.99291689751194
"AT2G43060","AtIBH1; IBH1","Negative",-1.05256696817149,"Stele",334,0.161676646706587,0.0854013381793441,1.75763179340231
"AT4G27410","ANAC072; ANAC72; AtRD26; RD26","Positive",1.40788682844608,"Stele",334,0.416167664670659,0.506345272058676,1.94550759213354
"AT5G03620",NA,"Positive",3.25463681600375,"Stele",334,0.0209580838323353,0.00770471034568309,2.90474636124531
"AT3G20940","CYP705A30","Negative",-1.09240967140652,"Stele",334,0.0538922155688623,0.0297633012317729,-1.42283759228742
"AT1G66090","TN3","Positive",2.20410368097024,"Stele",334,0.0119760479041916,0.00635146968188603,-0.460772370240995
"AT1G66440",NA,"Negative",-1.71128330914388,"Stele",334,0,0,-0.411379290932736
"AT5G43650","BHLH92","Positive",2.30539455957688,"Stele",334,0.239520958083832,0.286707281618488,-0.0929590676724848
"AT5G53250","AGP22; ATAGP22","Negative",-1.138894860995,"Stele",334,0.87125748502994,2.22133530585588,0.705655017714653
"AT3G09290","TAC1","Negative",-2.88485967121794,"Stele",334,0,0,-0.449369816876603
"AT4G18430","AtRABA1e; RABA1e","Negative",-1.31163356369142,"Stele",334,0.0179640718562874,0.00940051450421717,-0.354151895879931
"AT1G32960","ATSBT3.3; SBT3.3","Positive",2.29335120801622,"Stele",334,0,0,-0.301511344577764
"AT2G31690","DALL5","Positive",1.71187588960037,"Stele",334,0,0,-0.348114315631947
"AT2G23600","ACL; ATME8; ATMES2; ME8; MES2","Positive",1.19584804590202,"Stele",334,0.431137724550898,0.359525021940248,2.9232564813845
"AT1G65310","ATXTH17; XTH17","Negative",-1.47996729637104,"Stele",334,0.0359281437125748,0.0243997244863884,-0.45422926633725
"AT1G49310",NA,"Positive",1.08743138840695,"Stele",334,0.362275449101796,0.391757665320508,2.91715337944968
"AT3G22240","AthCYSTM9","Negative",-1.1890605983947,"Stele",334,0.00598802395209581,0.00225618934293349,-0.343723294070955
"AT2G41380",NA,"Negative",-1.62860208922019,"Stele",334,0.0479041916167665,0.0309698274457095,-0.845570051075775
"AT5G20230","ATBCB; BCB; SAG14","Positive",1.7574067361109,"Stele",334,0.269461077844311,0.359508184779883,-0.440595153296602
"AT3G22910","ACA13","Positive",1.27407457950215,"Stele",334,0.25748502994012,0.256137384569742,-0.289095826460996
"AT5G20045",NA,"Negative",-1.79040617492877,"Stele",334,0.00898203592814371,0.00429426670807039,-0.481310885297052
"AT1G26970","PBL4","Negative",-1.60672066418207,"Stele",334,0.290419161676647,0.196821763155763,2.12924575995858
"AT1G06180","ATMYB13; ATMYBLFGN; MYB13","Negative",-1.17919366081855,"Stele",334,0.203592814371257,0.10831149929098,0.0246817760900292
"AT5G04370","NAMT1","Positive",1.04650165006307,"Stele",334,0.0209580838323353,0.0105738424618365,3.01488345081473
"AT2G32560",NA,"Negative",-1.1873332596431,"Stele",334,0.308383233532934,0.200258749569462,0.260292424509065
"AT4G17340","DELTA-TIP2; TIP2;2","Negative",-1.10325288077999,"Stele",334,0.5,0.67922460764925,0.882727783477633
"AT5G57480",NA,"Negative",-1.09600758300743,"Stele",334,0.535928143712575,0.476888457590992,2.48788444515145
"AT1G52890","ANAC019; ANAC19; NAC019","Positive",1.4735045454021,"Stele",334,0.188622754491018,0.156921809709443,2.68553265011999
"AT4G35060","AtHMP39; HIPP25","Negative",-1.32498070067296,"Stele",334,0.452095808383234,0.380388073441744,0.458714062721955
"AT4G17670",NA,"Negative",-1.23044033768659,"Stele",334,0.281437125748503,0.193692594696589,0.328956663667516
"AT1G11925",NA,"Positive",2.03926122876378,"Stele",334,0,0,-0.301511344577764
"AT5G13910","LEP","Negative",-1.33443462092489,"Stele",334,0.619760479041916,0.843968372000141,2.36707850360231
"AT1G44050",NA,"Negative",-1.24877244600657,"Stele",334,0,0,-0.418151317281332
"AT5G42590","CYP71A16; MRO","Negative",-1.44488263368016,"Stele",334,0.0688622754491018,0.0393918432838687,-1.00957514110913
"AT5G22690",NA,"Positive",1.52585937558067,"Stele",334,0.0389221556886228,0.0179685357906837,-0.325376016371716
"AT5G51500","PMEI-PME60","Negative",-1.17505068535868,"Stele",334,0.00598802395209581,0.00152098149916582,-0.565189744744611
"AT4G08040","ACS11","Negative",-2.51565847516007,"Stele",334,0.167664670658683,0.151845049295999,2.798362791912
"AT5G01040","LAC8","Positive",1.45248411028131,"Stele",334,0.377245508982036,0.248132317914835,-1.46515378456606
"AT1G18860","ATWRKY61; WRKY61","Negative",-1.78488937208167,"Stele",334,0,0,-0.825292957042757
"AT5G14700",NA,"Positive",1.87865812025226,"Stele",334,0.0449101796407186,0.0254077019216883,-0.46992682785158
"AT5G09978","PEP7","Negative",-1.21117622460744,"Stele",334,0.0179640718562874,0.00981090559736822,-0.563618886064892
"AT3G21320",NA,"Positive",2.01801920633086,"Stele",334,0,0,-0.346445669448733
"AT5G22540",NA,"Positive",1.6839930189871,"Stele",334,0,0,-0.587203763261903
"AT3G59620",NA,"Positive",5.69629670436994,"Stele",334,0.0029940119760479,0.000489579272180104,-0.327967166030082
"AT3G48520","CYP94B3","Positive",1.63975511113845,"Stele",334,0.476047904191617,0.904291358220764,2.00311922131306
"AT1G65500","STMP6","Positive",1.38928413584717,"Stele",334,0,0,-0.307964145674714
"AT1G66930","LRK10L2","Negative",-1.72008297926752,"Stele",334,0.0029940119760479,0.00179493050676953,-0.524763758152707
"AT1G09930","ATOPT2; OPT2","Positive",2.29700145851768,"Stele",334,0.0179640718562874,0.0107585177116205,2.4201640985686
"AT5G57540","AtXTH13; XTH13","Negative",-1.343442975401,"Stele",334,0.00898203592814371,0.00415419478933337,-0.236397904144271
"AT3G02240","GLV4; RGF7","Negative",-2.58232156115238,"Stele",334,0.00898203592814371,0.00585568535794079,-0.549939059861781
"AT3G27540",NA,"Positive",1.19651550278847,"Stele",334,0.0479041916167665,0.0201418967506233,-0.79139971872152
"AT4G01870",NA,"Positive",1.16965896343649,"Stele",334,0.374251497005988,0.389685455008582,-0.673617323766444
"AT5G46900",NA,"Negative",-1.14621712862678,"Stele",334,0.736526946107784,0.670821704858858,-0.586832721129422
"AT3G51810","AT3; ATEM1; EM1; GEA1","Positive",2.14908891736074,"Stele",334,0.032934131736527,0.0222287912641865,2.14680692651735
"AT2G47360",NA,"Negative",-1.06216999738096,"Stele",334,0.0988023952095808,0.0640118291489489,-0.179797266737713
"AT2G33110","ATVAMP723; VAMP723","Positive",1.10888735127785,"Stele",334,0.0568862275449102,0.0248641308745628,-0.447162142564939
"AT1G30190",NA,"Positive",1.40238508250906,"Stele",334,0.0149700598802395,0.0125244918122047,0.0449866010321251
"AT3G55230",NA,"Negative",-1.05864280865325,"Stele",334,0.0119760479041916,0.00922947827990234,0.155484216785425
"AT2G40250",NA,"Negative",-2.86084454634663,"Stele",334,0.00598802395209581,0.00245774932913552,-0.568213158352098
"AT5G11570","NPF1.3","Negative",-1.38806061147263,"Stele",334,0.110778443113772,0.0560367966639816,2.63816966006615
"AT1G04180","YUC9; YUCCA9","Negative",-1.72444126887544,"Xylem",218,0.0596330275229358,0.0421574083584269,-0.804571239876084
"AT4G39400","ATBRI1; BIN1; BRI1; CBB2; DWF2","Negative",-2.98604888635343,"Xylem",218,0.114678899082569,0.0616073955348884,-1.56372667760126
"AT1G56600","AtGolS2; GolS2","Positive",2.04698210819202,"Xylem",218,0.151376146788991,0.202484478740765,-0.206876442449823
"AT5G66985","HUP44","Negative",-2.54543998303942,"Xylem",218,0,0,-1.03076949127012
"AT1G14960",NA,"Negative",-2.70940826566846,"Xylem",218,0.128440366972477,0.0818647671746428,-0.24125174494394
"AT1G77380","AAP3; ATAAP3","Positive",1.74668743756508,"Xylem",218,0.00458715596330275,0.00295608781344778,0.0789308908696392
"AT1G72470","ATEXO70D1; EXO70D1","Negative",-1.0259510636015,"Xylem",218,0.256880733944954,0.141826182333679,-1.13558528526455
"AT1G69810","ATWRKY36; WRKY36","Negative",-1.19358562700619,"Xylem",218,0.174311926605505,0.103303922052803,-0.701379829988134
"AT2G36640","ATECP63; ECP63","Positive",1.99115016290122,"Xylem",218,0.036697247706422,0.0169093746616084,-0.268133131743559
"AT2G44130","KFB39; KMD3","Positive",2.06978503389309,"Xylem",218,0.151376146788991,0.178787943077409,1.13260743028888
"AT3G27170","ATCLC-B; CLC-B","Negative",-2.09861229382896,"Xylem",218,0,0,-0.386400512205485
"AT3G11340","UGT76B1","Negative",-1.00096049712863,"Xylem",218,0.188073394495413,0.121818757021827,-0.891586718006399
"AT2G44340","VQ18","Negative",-2.82755926578352,"Xylem",218,0,0,-0.493637492773086
"AT4G11210",NA,"Negative",-1.6049516467354,"Xylem",218,0.775229357798165,2.68202790157394,2.08155642985498
"AT5G28510","BGLU24","Positive",2.44781364481874,"Xylem",218,0.00458715596330275,0.00170828679320046,-0.242648145240539
"AT5G09640","SCPL19; SNG2","Positive",2.49406633150789,"Xylem",218,0,0,-0.320074696810464
"AT4G01720","AtWRKY47; WRKY47","Negative",-1.24700444964257,"Xylem",218,0.0091743119266055,0.00519631796932082,-0.808821405525975
"AT1G72300","PSY1R","Negative",-1.58180374786453,"Xylem",218,0.0229357798165138,0.00824741951485699,-0.509394666752895
"AT5G42500",NA,"Negative",-1.56864995721748,"Xylem",218,0.0275229357798165,0.0174610346483626,-0.422281596928301
"AT1G70890","MLP43","Negative",-1.44642788019455,"Xylem",218,0.00458715596330275,0.00354628983260819,-0.0972694529868717
"AT4G01140",NA,"Negative",-2.00945325466858,"Xylem",218,0.444954128440367,0.336957597420696,0.132536745042867
"AT1G29050","TBL38","Negative",-1.036786264475,"Xylem",218,0.665137614678899,1.0623583144746,1.89266244862454
"AT5G36180","scpl1","Negative",-1.61168250916166,"Xylem",218,0.0137614678899083,0.0108988680436213,-0.369890140440858
"AT5G52400","CYP715A1","Positive",2.42051842957844,"Xylem",218,0.0779816513761468,0.070152116745868,-0.193180957275614
"AT5G48290",NA,"Negative",-1.16748300896808,"Xylem",218,0.0229357798165138,0.0139952980548634,-0.0891632367339086
"AT2G35910","ATL70","Negative",-1.52068850855787,"Xylem",218,0.00458715596330275,0.0018563454392868,-0.735092975617464
"AT2G20350",NA,"Positive",2.57297330752297,"Xylem",218,0,0,-0.355631947272235
"AT5G20710","BGAL7","Negative",-2.53455956374412,"Xylem",218,0,0,-0.46976752541973
"AT5G24030","SLAH3","Negative",-1.34409110888543,"Xylem",218,0.018348623853211,0.00938775124825809,-0.955331180839235
"AT2G25150",NA,"Negative",-1.64996424146849,"Xylem",218,0.00458715596330275,0.00569098512343036,-0.221045779010356
"AT4G15390",NA,"Negative",-1.38879120045859,"Xylem",218,0.26605504587156,0.204964478502796,-0.531142675911738
"AT5G05790",NA,"Negative",-1.00315655566098,"Xylem",218,0.105504587155963,0.132513430793306,0.145403072055397
"AT4G23220","CRK14","Positive",2.82992118569744,"Xylem",218,0,0,-0.317597788121037
"AT3G12580","ATHSP70; HSC70-4; HSP70; HSP70-4","Positive",1.12814765520209,"Xylem",218,0.711009174311927,1.16929680087018,-0.66170049021486
"AT4G17250",NA,"Positive",1.7784453004215,"Xylem",218,0,0,-0.469395453423057
"AT1G28660","GGL2; GGL4","Negative",-1.71456459678125,"Xylem",218,0,0,-0.835419352428655
"AT4G23550","ATWRKY29; WRKY29","Negative",-1.8365609541852,"Xylem",218,0,0,-0.335899307011233
"AT5G43350","ATPT1; PHT1;1; PT1","Negative",-1.22803934235111,"Xylem",218,0.0321100917431193,0.0194286028596031,-0.543100547848639
"AT5G04960","PME46; PMEI-PME46","Negative",-1.35719708816369,"Xylem",218,0.0229357798165138,0.015509538455365,-0.222524152105021
"AT1G63720",NA,"Positive",1.14984778400462,"Xylem",218,0.073394495412844,0.0436220805457904,-0.606428452568686
"AT4G28890","ATL42","Negative",-1.39804306627639,"Xylem",218,0.00458715596330275,0.000514015201622011,-0.485577467143532
"AT3G50970","LTI30; XERO2","Positive",1.1213419588549,"Xylem",218,0.839449541284404,1.27433309024159,-0.670590586603543
"AT4G10310","ATHKT1; HKT1; HKT1;1","Positive",1.52708955133207,"Xylem",218,0,0,-0.307453513623841
"AT1G70690","HWI1; PDLP5","Negative",-1.22616087305977,"Xylem",218,0.178899082568807,0.174958191577136,0.351248376659562
"AT1G78280","JMJ21","Positive",1.82568231002151,"Xylem",218,0.18348623853211,0.0997113994928281,-0.409453347268798
"AT5G63770","ATDGK2; DGK2","Positive",1.66389571460326,"Xylem",218,0.155963302752294,0.0799824816320883,-0.255490981365379
"AT4G01090",NA,"Positive",1.59257235202094,"Xylem",218,0.174311926605505,0.0905594505581477,-0.319678163393653
"AT4G01680","AtMYB55; MYB55","Negative",-2.49712806100537,"Xylem",218,0.0825688073394495,0.063203689108346,-0.0343253520704534
"AT1G17420","ATLOX3; LOX3","Positive",2.21404146389508,"Xylem",218,0.110091743119266,0.113245402067605,-0.199642082571395
"AT5G02350",NA,"Negative",-1.21600938788874,"Xylem",218,0.0596330275229358,0.0303109196026628,-0.421048195156029
"AT1G09090","ATRBOHB; ATRBOHB-BETA; RBOHB","Negative",-1.08867639815058,"Xylem",218,0.00458715596330275,0.00321671738895672,-0.382142650990887
"AT5G14340","AtMYB40; MYB40","Negative",-1.88752530766593,"Xylem",218,0.31651376146789,0.31333193816572,0.969914583509311
"AT1G72430","SAUR78","Negative",-1.14338710104547,"Xylem",218,0.68348623853211,1.15743592392825,1.97308212182821
"AT2G44070",NA,"Positive",2.57289296233075,"Xylem",218,0.0229357798165138,0.0171431244262837,-0.00684896097297668
"AT1G56060","AthCYSTM3","Positive",1.94512669123876,"Xylem",218,0.0642201834862385,0.0302786630128048,-0.366424555205766
"AT5G27100","ATGLR2.1; GLR2.1","Negative",-1.47938200481162,"Xylem",218,0.00458715596330275,0.00157180439963961,-0.378466662244014
"AT3G14560",NA,"Positive",1.77396540582496,"Xylem",218,0.105504587155963,0.0648109331144685,-0.218322151768534
"AT3G47660","PRAF2","Positive",5.27746696756133,"Xylem",218,0,0,-0.549903608979384
"AT5G38100",NA,"Negative",-1.37469090396726,"Xylem",218,0.018348623853211,0.0119032327919594,-0.652611374069824
"AT5G48430",NA,"Negative",-1.39968565107729,"Xylem",218,0.0229357798165138,0.0112032704638347,-0.542268153834483
"AT5G52870","MAKR5","Negative",-1.01139711479932,"Xylem",218,0.105504587155963,0.0892677839033505,0.0202146018901937
"AT2G44940","ERF34","Negative",-1.13679801947236,"Xylem",218,0.0688073394495413,0.0339174409896935,-0.527499277589951
"AT3G09220","LAC7","Negative",-1.40061975574422,"Xylem",218,0,0,-0.364974086542509
"AT2G39430",NA,"Negative",-1.06352038769506,"Xylem",218,0.073394495412844,0.038238052193984,1.35335826121317
"AT4G08620","SULTR1;1","Negative",-1.88659649266484,"Xylem",218,0,0,-0.370670959315003
"AT4G12545",NA,"Negative",-2.0267872267625,"Xylem",218,0.215596330275229,0.125979282991303,-0.386001711635223
"AT5G44310",NA,"Positive",3.57169096407992,"Xylem",218,0,0,-0.436674223053497
"AT5G15960","KIN1","Positive",1.28268935107574,"Xylem",218,0.128440366972477,0.135503498680724,-1.0606309869188
"AT2G21510",NA,"Positive",1.75684913329933,"Xylem",218,0.0229357798165138,0.00896562514407255,-0.467433799618376
"AT4G36220","CYP84A1; F5H; FAH1","Negative",-1.24783623311178,"Xylem",218,0,0,-1.10563908975433
"AT3G07600",NA,"Negative",-1.64878645824955,"Xylem",218,0.00458715596330275,0.00157180439963961,-0.391004605646104
"AT3G62990",NA,"Positive",2.08838035316228,"Xylem",218,0.0275229357798165,0.0162467657767376,-0.0748389250976791
"AT5G10100","TPPI","Positive",1.70467520381942,"Xylem",218,0.123853211009174,0.0952479353103852,-0.0960985348003295
"AT4G04745",NA,"Negative",-1.91310329099706,"Xylem",218,0.0825688073394495,0.0443718318925095,-0.789414879722289
"AT5G57030","LUT2","Positive",1.91943434617527,"Xylem",218,0.0412844036697248,0.0211462560914899,1.07512489210014
"AT2G28650","ATEXO70H8; EXO70H8","Negative",-1.10743054521859,"Xylem",218,0.0091743119266055,0.00805546651975624,-0.286621844064927
"AT2G43060","AtIBH1; IBH1","Negative",-1.05256696817149,"Xylem",218,0.0825688073394495,0.0493745939456986,0.632856241353046
"AT4G27410","ANAC072; ANAC72; AtRD26; RD26","Positive",1.40788682844608,"Xylem",218,0.169724770642202,0.158372038077211,0.00926367520193329
"AT5G03620",NA,"Positive",3.25463681600375,"Xylem",218,0.00458715596330275,0.000911806002111641,-0.118513558204267
"AT3G20940","CYP705A30","Negative",-1.09240967140652,"Xylem",218,0.0825688073394495,0.0554027211483399,-1.33486030035029
"AT1G66090","TN3","Positive",2.20410368097024,"Xylem",218,0.00458715596330275,0.00331665752022759,-0.489079910675208
"AT1G66440",NA,"Negative",-1.71128330914388,"Xylem",218,0,0,-0.411379290932736
"AT5G43650","BHLH92","Positive",2.30539455957688,"Xylem",218,0.128440366972477,0.159760099635746,-0.312833270043869
"AT5G53250","AGP22; ATAGP22","Negative",-1.138894860995,"Xylem",218,0.94954128440367,2.91169029937422,1.33255327704784
"AT3G09290","TAC1","Negative",-2.88485967121794,"Xylem",218,0,0,-0.449369816876603
"AT4G18430","AtRABA1e; RABA1e","Negative",-1.31163356369142,"Xylem",218,0.0321100917431193,0.0218654524931134,-0.223572264100587
"AT1G32960","ATSBT3.3; SBT3.3","Positive",2.29335120801622,"Xylem",218,0,0,-0.301511344577764
"AT2G31690","DALL5","Positive",1.71187588960037,"Xylem",218,0,0,-0.348114315631947
"AT2G23600","ACL; ATME8; ATMES2; ME8; MES2","Positive",1.19584804590202,"Xylem",218,0.114678899082569,0.0900865637315617,0.441860716663118
"AT1G65310","ATXTH17; XTH17","Negative",-1.47996729637104,"Xylem",218,0.036697247706422,0.0322133108955246,-0.382928781908443
"AT1G49310",NA,"Positive",1.08743138840695,"Xylem",218,0.0688073394495413,0.0643530948716161,0.0686864932409052
"AT3G22240","AthCYSTM9","Negative",-1.1890605983947,"Xylem",218,0.018348623853211,0.00828975213267445,-0.31651970679285
"AT2G41380",NA,"Negative",-1.62860208922019,"Xylem",218,0.018348623853211,0.012405138555023,-1.05415057564607
"AT5G20230","ATBCB; BCB; SAG14","Positive",1.7574067361109,"Xylem",218,0.13302752293578,0.127204273149219,-0.66547328916666
"AT3G22910","ACA13","Positive",1.27407457950215,"Xylem",218,0.0596330275229358,0.0384167936083808,-0.785536483835097
"AT5G20045",NA,"Negative",-1.79040617492877,"Xylem",218,0.0091743119266055,0.00959898002497111,-0.459397716190156
"AT1G26970","PBL4","Negative",-1.60672066418207,"Xylem",218,0.114678899082569,0.0837281738355311,0.382163442719615
"AT1G06180","ATMYB13; ATMYBLFGN; MYB13","Negative",-1.17919366081855,"Xylem",218,0.275229357798165,0.200049789541904,1.19517776259913
"AT5G04370","NAMT1","Positive",1.04650165006307,"Xylem",218,0,0,-0.305605458152852
"AT2G32560",NA,"Negative",-1.1873332596431,"Xylem",218,0.532110091743119,0.400635851776881,1.85097909663171
"AT4G17340","DELTA-TIP2; TIP2;2","Negative",-1.10325288077999,"Xylem",218,0.279816513761468,0.224898685759418,-0.334011450480613
"AT5G57480",NA,"Negative",-1.09600758300743,"Xylem",218,0.376146788990826,0.238590091578625,0.828532940383128
"AT1G52890","ANAC019; ANAC19; NAC019","Positive",1.4735045454021,"Xylem",218,0.0642201834862385,0.0496636963904942,0.411179487443485
"AT4G35060","AtHMP39; HIPP25","Negative",-1.32498070067296,"Xylem",218,0.155963302752294,0.116193260908435,-0.391319026620735
"AT4G17670",NA,"Negative",-1.23044033768659,"Xylem",218,0.252293577981651,0.168225760209893,0.192575604215005
"AT1G11925",NA,"Positive",2.03926122876378,"Xylem",218,0,0,-0.301511344577764
"AT5G13910","LEP","Negative",-1.33443462092489,"Xylem",218,0.073394495412844,0.0544944896709761,-0.417462381852863
"AT1G44050",NA,"Negative",-1.24877244600657,"Xylem",218,0.0091743119266055,0.0028503819649809,-0.124316068552224
"AT5G42590","CYP71A16; MRO","Negative",-1.44488263368016,"Xylem",218,0.0825688073394495,0.0591410079136431,-0.968208053025735
"AT5G22690",NA,"Positive",1.52585937558067,"Xylem",218,0.0229357798165138,0.0111319757939834,-0.422154064436729
"AT5G51500","PMEI-PME60","Negative",-1.17505068535868,"Xylem",218,0.0229357798165138,0.0135523762303488,-0.493036555790812
"AT4G08040","ACS11","Negative",-2.51565847516007,"Xylem",218,0.055045871559633,0.0580282996266749,0.793729746583774
"AT5G01040","LAC8","Positive",1.45248411028131,"Xylem",218,0.279816513761468,0.195891326457602,-1.57927529733905
"AT1G18860","ATWRKY61; WRKY61","Negative",-1.78488937208167,"Xylem",218,0,0,-0.825292957042757
"AT5G14700",NA,"Positive",1.87865812025226,"Xylem",218,0.0458715596330275,0.026958695205505,-0.465425613027983
"AT5G09978","PEP7","Negative",-1.21117622460744,"Xylem",218,0.0091743119266055,0.00564805660775365,-0.59662689194353
"AT3G21320",NA,"Positive",2.01801920633086,"Xylem",218,0,0,-0.346445669448733
"AT5G22540",NA,"Positive",1.6839930189871,"Xylem",218,0,0,-0.587203763261903
"AT3G59620",NA,"Positive",5.69629670436994,"Xylem",218,0,0,-0.356171738277576
"AT3G48520","CYP94B3","Positive",1.63975511113845,"Xylem",218,0.0688073394495413,0.0519355982730705,-0.970962717500151
"AT1G65500","STMP6","Positive",1.38928413584717,"Xylem",218,0,0,-0.307964145674714
"AT1G66930","LRK10L2","Negative",-1.72008297926752,"Xylem",218,0,0,-0.981443794751662
"AT1G09930","ATOPT2; OPT2","Positive",2.29700145851768,"Xylem",218,0,0,-0.577103217548586
"AT5G57540","AtXTH13; XTH13","Negative",-1.343442975401,"Xylem",218,0.0137614678899083,0.0079968084282751,-0.114297501449799
"AT3G02240","GLV4; RGF7","Negative",-2.58232156115238,"Xylem",218,0.0137614678899083,0.0107025309740263,-0.425548063669459
"AT3G27540",NA,"Positive",1.19651550278847,"Xylem",218,0.073394495412844,0.0425567578551508,-0.378252812700037
"AT4G01870",NA,"Positive",1.16965896343649,"Xylem",218,0.215596330275229,0.157592005370703,-1.04419002501346
"AT5G46900",NA,"Negative",-1.14621712862678,"Xylem",218,0.743119266055046,0.754035356725685,-0.4843385643898
"AT3G51810","AT3; ATEM1; EM1; GEA1","Positive",2.14908891736074,"Xylem",218,0.0091743119266055,0.00553728873638573,0.0719237292025043
"AT2G47360",NA,"Negative",-1.06216999738096,"Xylem",218,0.142201834862385,0.146217208511849,0.277415909360708
"AT2G33110","ATVAMP723; VAMP723","Positive",1.10888735127785,"Xylem",218,0.0963302752293578,0.0435024268238989,-0.219346770768226
"AT1G30190",NA,"Positive",1.40238508250906,"Xylem",218,0.00458715596330275,0.00225027928272061,-1.13567093244952
"AT3G55230",NA,"Negative",-1.05864280865325,"Xylem",218,0.00458715596330275,0.00154576079594843,-0.316465707853725
"AT2G40250",NA,"Negative",-2.86084454634663,"Xylem",218,0.0137614678899083,0.00761084506971935,-0.141249423850276
"AT5G11570","NPF1.3","Negative",-1.38806061147263,"Xylem",218,0.0412844036697248,0.0202617556960703,0.630585505231998
"AT1G04180","YUC9; YUCCA9","Negative",-1.72444126887544,"Endodermis",176,0.130681818181818,0.0563452388367995,-0.713892948081844
"AT4G39400","ATBRI1; BIN1; BRI1; CBB2; DWF2","Negative",-2.98604888635343,"Endodermis",176,0.340909090909091,0.185072141506615,-0.753326588851558
"AT1G56600","AtGolS2; GolS2","Positive",2.04698210819202,"Endodermis",176,0.232954545454545,0.246749885807563,0.0146107832158589
"AT5G66985","HUP44","Negative",-2.54543998303942,"Endodermis",176,0.0795454545454545,0.0581224190762232,1.1248275242841
"AT1G14960",NA,"Negative",-2.70940826566846,"Endodermis",176,0.113636363636364,0.139823373357115,0.341005788692827
"AT1G77380","AAP3; ATAAP3","Positive",1.74668743756508,"Endodermis",176,0,0,-0.583176780559123
"AT1G72470","ATEXO70D1; EXO70D1","Negative",-1.0259510636015,"Endodermis",176,0.573863636363636,0.372870242452184,0.760600035783078
"AT1G69810","ATWRKY36; WRKY36","Negative",-1.19358562700619,"Endodermis",176,0.238636363636364,0.127497395996473,-0.54791281604648
"AT2G36640","ATECP63; ECP63","Positive",1.99115016290122,"Endodermis",176,0.0113636363636364,0.00751429644990826,-0.661659198773588
"AT2G44130","KFB39; KMD3","Positive",2.06978503389309,"Endodermis",176,0.0511363636363636,0.0319519816803622,-0.509441088619455
"AT3G27170","ATCLC-B; CLC-B","Negative",-2.09861229382896,"Endodermis",176,0.142045454545455,0.0784951700138347,0.389195534672046
"AT3G11340","UGT76B1","Negative",-1.00096049712863,"Endodermis",176,0.789772727272727,1.05676149069588,1.54228413707273
"AT2G44340","VQ18","Negative",-2.82755926578352,"Endodermis",176,0.00568181818181818,0.0080242680372735,1.5774370440478
"AT4G11210",NA,"Negative",-1.6049516467354,"Endodermis",176,0.295454545454545,0.565911053023435,0.0177021885212718
"AT5G28510","BGLU24","Positive",2.44781364481874,"Endodermis",176,0,0,-0.31716035847184
"AT5G09640","SCPL19; SNG2","Positive",2.49406633150789,"Endodermis",176,0,0,-0.320074696810464
"AT4G01720","AtWRKY47; WRKY47","Negative",-1.24700444964257,"Endodermis",176,0.136363636363636,0.0945211143593769,1.02921766412491
"AT1G72300","PSY1R","Negative",-1.58180374786453,"Endodermis",176,0.0170454545454545,0.010950074077178,-0.406074510590557
"AT5G42500",NA,"Negative",-1.56864995721748,"Endodermis",176,0.778409090909091,0.83120243849649,2.57569722551018
"AT1G70890","MLP43","Negative",-1.44642788019455,"Endodermis",176,0.0625,0.0497647033755304,3.00707313654851
"AT4G01140",NA,"Negative",-2.00945325466858,"Endodermis",176,0.727272727272727,0.765812314215723,1.57905833487067
"AT1G29050","TBL38","Negative",-1.036786264475,"Endodermis",176,0.698863636363636,0.737238079925414,1.07062452790237
"AT5G36180","scpl1","Negative",-1.61168250916166,"Endodermis",176,0.738636363636364,0.743607179888215,2.97379561508233
"AT5G52400","CYP715A1","Positive",2.42051842957844,"Endodermis",176,0.136363636363636,0.114558402842938,0.0867644397510201
"AT5G48290",NA,"Negative",-1.16748300896808,"Endodermis",176,0.170454545454545,0.166347778491916,2.99840094384388
"AT2G35910","ATL70","Negative",-1.52068850855787,"Endodermis",176,0.0454545454545455,0.0220728200958853,-0.560695234896138
"AT2G20350",NA,"Positive",2.57297330752297,"Endodermis",176,0,0,-0.355631947272235
"AT5G20710","BGAL7","Negative",-2.53455956374412,"Endodermis",176,0,0,-0.46976752541973
"AT5G24030","SLAH3","Negative",-1.34409110888543,"Endodermis",176,0.153409090909091,0.0923531252220263,0.379133770256404
"AT2G25150",NA,"Negative",-1.64996424146849,"Endodermis",176,0.136363636363636,0.0876516574451842,2.93190393621351
"AT4G15390",NA,"Negative",-1.38879120045859,"Endodermis",176,0.153409090909091,0.205293801313664,-0.530266642676622
"AT5G05790",NA,"Negative",-1.00315655566098,"Endodermis",176,0.0454545454545455,0.033331123756193,-0.238964417098576
"AT4G23220","CRK14","Positive",2.82992118569744,"Endodermis",176,0,0,-0.317597788121037
"AT3G12580","ATHSP70; HSC70-4; HSP70; HSP70-4","Positive",1.12814765520209,"Endodermis",176,0.772727272727273,1.28690802217894,-0.425641585694574
"AT4G17250",NA,"Positive",1.7784453004215,"Endodermis",176,0.00568181818181818,0.00199494990784559,-0.397983934768225
"AT1G28660","GGL2; GGL4","Negative",-1.71456459678125,"Endodermis",176,0.0397727272727273,0.0217891272350203,0.458238131558199
"AT4G23550","ATWRKY29; WRKY29","Negative",-1.8365609541852,"Endodermis",176,0.0227272727272727,0.00984137958538897,3.00766030121107
"AT5G43350","ATPT1; PHT1;1; PT1","Negative",-1.22803934235111,"Endodermis",176,0.130681818181818,0.108520942987284,-0.0248725801815818
"AT5G04960","PME46; PMEI-PME46","Negative",-1.35719708816369,"Endodermis",176,0.0170454545454545,0.0105465832158657,-0.266260845461339
"AT1G63720",NA,"Positive",1.14984778400462,"Endodermis",176,0.142045454545455,0.0934012179711306,-0.225890156471146
"AT4G28890","ATL42","Negative",-1.39804306627639,"Endodermis",176,0.471590909090909,0.31059899695662,2.85226930836621
"AT3G50970","LTI30; XERO2","Positive",1.1213419588549,"Endodermis",176,0.892045454545455,1.7626834841643,0.0221452120129083
"AT4G10310","ATHKT1; HKT1; HKT1;1","Positive",1.52708955133207,"Endodermis",176,0,0,-0.307453513623841
"AT1G70690","HWI1; PDLP5","Negative",-1.22616087305977,"Endodermis",176,0.255681818181818,0.205096066691384,0.550785975566028
"AT1G78280","JMJ21","Positive",1.82568231002151,"Endodermis",176,0.210227272727273,0.0916087456814509,-0.493304409274164
"AT5G63770","ATDGK2; DGK2","Positive",1.66389571460326,"Endodermis",176,0.164772727272727,0.0666506299082473,-0.710433941682639
"AT4G01090",NA,"Positive",1.59257235202094,"Endodermis",176,0.153409090909091,0.0744080100386512,-0.408064008417632
"AT4G01680","AtMYB55; MYB55","Negative",-2.49712806100537,"Endodermis",176,0.159090909090909,0.107906359109631,0.517474860016575
"AT1G17420","ATLOX3; LOX3","Positive",2.21404146389508,"Endodermis",176,0.142045454545455,0.109911688188057,-0.216318338828492
"AT5G02350",NA,"Negative",-1.21600938788874,"Endodermis",176,0.0795454545454545,0.0452887513851104,-0.268615159456763
"AT1G09090","ATRBOHB; ATRBOHB-BETA; RBOHB","Negative",-1.08867639815058,"Endodermis",176,0.352272727272727,0.287948184368275,2.81712516621076
"AT5G14340","AtMYB40; MYB40","Negative",-1.88752530766593,"Endodermis",176,0.261363636363636,0.175537224117096,0.275401099267034
"AT1G72430","SAUR78","Negative",-1.14338710104547,"Endodermis",176,0.403409090909091,0.411182211287492,0.316973334598148
"AT2G44070",NA,"Positive",2.57289296233075,"Endodermis",176,0,0,-0.356328710237644
"AT1G56060","AthCYSTM3","Positive",1.94512669123876,"Endodermis",176,0.0284090909090909,0.0222853959029739,-0.466501004658963
"AT5G27100","ATGLR2.1; GLR2.1","Negative",-1.47938200481162,"Endodermis",176,0.0113636363636364,0.0049223626562938,-0.280755394953277
"AT3G14560",NA,"Positive",1.77396540582496,"Endodermis",176,0.0284090909090909,0.0172701011380525,-0.901926437356806
"AT3G47660","PRAF2","Positive",5.27746696756133,"Endodermis",176,0,0,-0.549903608979384
"AT5G38100",NA,"Negative",-1.37469090396726,"Endodermis",176,0.0397727272727273,0.0200468067470045,-0.555953311569176
"AT5G48430",NA,"Negative",-1.39968565107729,"Endodermis",176,0.0681818181818182,0.0682164894117926,1.36232848207516
"AT5G52870","MAKR5","Negative",-1.01139711479932,"Endodermis",176,0.0340909090909091,0.0151407737690812,-0.77062372312979
"AT2G44940","ERF34","Negative",-1.13679801947236,"Endodermis",176,0.136363636363636,0.0849018568395397,-0.155177740195772
"AT3G09220","LAC7","Negative",-1.40061975574422,"Endodermis",176,0.0397727272727273,0.0407556399279716,2.98225622023028
"AT2G39430",NA,"Negative",-1.06352038769506,"Endodermis",176,0.0454545454545455,0.058754763736295,2.42942051054962
"AT4G08620","SULTR1;1","Negative",-1.88659649266484,"Endodermis",176,0.00568181818181818,0.00536176789110094,0.284180152484978
"AT4G12545",NA,"Negative",-2.0267872267625,"Endodermis",176,0.204545454545455,0.252618420982154,0.121689046256899
"AT5G44310",NA,"Positive",3.57169096407992,"Endodermis",176,0,0,-0.436674223053497
"AT5G15960","KIN1","Positive",1.28268935107574,"Endodermis",176,0.181818181818182,0.202170672027927,-0.645798071216197
"AT2G21510",NA,"Positive",1.75684913329933,"Endodermis",176,0.0170454545454545,0.00616758472685173,-0.577452687904032
"AT4G36220","CYP84A1; F5H; FAH1","Negative",-1.24783623311178,"Endodermis",176,0.0113636363636364,0.00476538712223488,0.342903983606335
"AT3G07600",NA,"Negative",-1.64878645824955,"Endodermis",176,0.0625,0.0380925972164183,-0.203406522429936
"AT3G62990",NA,"Positive",2.08838035316228,"Endodermis",176,0.0113636363636364,0.0109531166492293,-0.17613333618897
"AT5G10100","TPPI","Positive",1.70467520381942,"Endodermis",176,0.477272727272727,0.36234951904504,1.64748441516537
"AT4G04745",NA,"Negative",-1.91310329099706,"Endodermis",176,0.130681818181818,0.0715318866746386,-0.614088635514918
"AT5G57030","LUT2","Positive",1.91943434617527,"Endodermis",176,0.0511363636363636,0.0179273958668038,0.626696804461574
"AT2G28650","ATEXO70H8; EXO70H8","Negative",-1.10743054521859,"Endodermis",176,0.0340909090909091,0.0205618128479863,-0.142745114433383
"AT2G43060","AtIBH1; IBH1","Negative",-1.05256696817149,"Endodermis",176,0.102272727272727,0.0436255720208426,0.453368490049826
"AT4G27410","ANAC072; ANAC72; AtRD26; RD26","Positive",1.40788682844608,"Endodermis",176,0.357954545454545,0.490778962836618,1.85889124180272
"AT5G03620",NA,"Positive",3.25463681600375,"Endodermis",176,0,0,-0.524323268023963
"AT3G20940","CYP705A30","Negative",-1.09240967140652,"Endodermis",176,0.403409090909091,0.307460073639755,-0.469968529896923
"AT1G66090","TN3","Positive",2.20410368097024,"Endodermis",176,0.00568181818181818,0.00289742710107046,-0.49299032799575
"AT1G66440",NA,"Negative",-1.71128330914388,"Endodermis",176,0,0,-0.411379290932736
"AT5G43650","BHLH92","Positive",2.30539455957688,"Endodermis",176,0.204545454545455,0.215144255672913,-0.216907177455695
"AT5G53250","AGP22; ATAGP22","Negative",-1.138894860995,"Endodermis",176,0.920454545454545,2.51669426813528,0.973864882305856
"AT3G09290","TAC1","Negative",-2.88485967121794,"Endodermis",176,0.0170454545454545,0.00654888699879737,2.06855921972248
"AT4G18430","AtRABA1e; RABA1e","Negative",-1.31163356369142,"Endodermis",176,0.0681818181818182,0.0413030994577436,-0.019948244024493
"AT1G32960","ATSBT3.3; SBT3.3","Positive",2.29335120801622,"Endodermis",176,0,0,-0.301511344577764
"AT2G31690","DALL5","Positive",1.71187588960037,"Endodermis",176,0.00568181818181818,0.00480706073736349,-0.188696070062021
"AT2G23600","ACL; ATME8; ATMES2; ME8; MES2","Positive",1.19584804590202,"Endodermis",176,0.00568181818181818,0.00129239110520927,-0.37588996878772
"AT1G65310","ATXTH17; XTH17","Negative",-1.47996729637104,"Endodermis",176,0.0795454545454545,0.0719664371543837,-0.0201738302895572
"AT1G49310",NA,"Positive",1.08743138840695,"Endodermis",176,0.0284090909090909,0.0267819978624625,-0.258187458342546
"AT3G22240","AthCYSTM9","Negative",-1.1890605983947,"Endodermis",176,0.670454545454545,0.745890533985035,3.00910860681922
"AT2G41380",NA,"Negative",-1.62860208922019,"Endodermis",176,0.170454545454545,0.14707575030363,0.458919048527319
"AT5G20230","ATBCB; BCB; SAG14","Positive",1.7574067361109,"Endodermis",176,0.267045454545455,0.4002709926573,-0.401135360372939
"AT3G22910","ACA13","Positive",1.27407457950215,"Endodermis",176,0.198863636363636,0.159426256358578,-0.509613949494485
"AT5G20045",NA,"Negative",-1.79040617492877,"Endodermis",176,0.0227272727272727,0.0145271580984824,-0.439039971471004
"AT1G26970","PBL4","Negative",-1.60672066418207,"Endodermis",176,0.221590909090909,0.0983910304016882,0.608676878016178
"AT1G06180","ATMYB13; ATMYBLFGN; MYB13","Negative",-1.17919366081855,"Endodermis",176,0.227272727272727,0.125312093576084,0.241593681953488
"AT5G04370","NAMT1","Positive",1.04650165006307,"Endodermis",176,0,0,-0.305605458152852
"AT2G32560",NA,"Negative",-1.1873332596431,"Endodermis",176,0.4375,0.247803266114421,0.637722919148586
"AT4G17340","DELTA-TIP2; TIP2;2","Negative",-1.10325288077999,"Endodermis",176,0.414772727272727,0.880957880586815,1.42299365023014
"AT5G57480",NA,"Negative",-1.09600758300743,"Endodermis",176,0.363636363636364,0.235213457773949,0.805020305871194
"AT1G52890","ANAC019; ANAC19; NAC019","Positive",1.4735045454021,"Endodermis",176,0.0795454545454545,0.0686416800488231,0.813597876308784
"AT4G35060","AtHMP39; HIPP25","Negative",-1.32498070067296,"Endodermis",176,0.801136363636364,0.804743151827466,1.82405449011205
"AT4G17670",NA,"Negative",-1.23044033768659,"Endodermis",176,0.602272727272727,0.553246855899264,2.25445671351087
"AT1G11925",NA,"Positive",2.03926122876378,"Endodermis",176,0,0,-0.301511344577764
"AT5G13910","LEP","Negative",-1.33443462092489,"Endodermis",176,0.465909090909091,0.604640652155876,1.52294947559317
"AT1G44050",NA,"Negative",-1.24877244600657,"Endodermis",176,0,0,-0.418151317281332
"AT5G42590","CYP71A16; MRO","Negative",-1.44488263368016,"Endodermis",176,0.414772727272727,0.358183452848654,-0.341826360827521
"AT5G22690",NA,"Positive",1.52585937558067,"Endodermis",176,0.0397727272727273,0.018865408176477,-0.31267992961136
"AT5G51500","PMEI-PME60","Negative",-1.17505068535868,"Endodermis",176,0.0170454545454545,0.00707668163031582,-0.531871788656398
"AT4G08040","ACS11","Negative",-2.51565847516007,"Endodermis",176,0.0340909090909091,0.016474045256288,-0.0941823989388888
"AT5G01040","LAC8","Positive",1.45248411028131,"Endodermis",176,0.715909090909091,0.709011483459778,-0.458353834748896
"AT1G18860","ATWRKY61; WRKY61","Negative",-1.78488937208167,"Endodermis",176,0.0284090909090909,0.0211436335980956,0.243228232281606
"AT5G14700",NA,"Positive",1.87865812025226,"Endodermis",176,0.107954545454545,0.0737331224296395,-0.329679219163273
"AT5G09978","PEP7","Negative",-1.21117622460744,"Endodermis",176,0.210227272727273,0.351277674633215,2.14393479839824
"AT3G21320",NA,"Positive",2.01801920633086,"Endodermis",176,0,0,-0.346445669448733
"AT5G22540",NA,"Positive",1.6839930189871,"Endodermis",176,0,0,-0.587203763261903
"AT3G59620",NA,"Positive",5.69629670436994,"Endodermis",176,0.0795454545454545,0.0583285190077777,3.0041235640918
"AT3G48520","CYP94B3","Positive",1.63975511113845,"Endodermis",176,0.340909090909091,0.742765245938189,1.43951430918599
"AT1G65500","STMP6","Positive",1.38928413584717,"Endodermis",176,0,0,-0.307964145674714
"AT1G66930","LRK10L2","Negative",-1.72008297926752,"Endodermis",176,0.00568181818181818,0.00301341330729313,-0.214747984372241
"AT1G09930","ATOPT2; OPT2","Positive",2.29700145851768,"Endodermis",176,0.00568181818181818,0.004035662971222,0.547211585543944
"AT5G57540","AtXTH13; XTH13","Negative",-1.343442975401,"Endodermis",176,0.00568181818181818,0.00101777629341742,-0.336058707272841
"AT3G02240","GLV4; RGF7","Negative",-2.58232156115238,"Endodermis",176,0.0852272727272727,0.0758916299794795,1.24748582444463
"AT3G27540",NA,"Positive",1.19651550278847,"Endodermis",176,0.142045454545455,0.0612395830881652,-0.0338941568616188
"AT4G01870",NA,"Positive",1.16965896343649,"Endodermis",176,0.357954545454545,0.308667156396099,-0.802975432813072
"AT5G46900",NA,"Negative",-1.14621712862678,"Endodermis",176,0.943181818181818,2.16660513940769,1.25552196887421
"AT3G51810","AT3; ATEM1; EM1; GEA1","Positive",2.14908891736074,"Endodermis",176,0.00568181818181818,0.0024393523476609,-0.313173786650809
"AT2G47360",NA,"Negative",-1.06216999738096,"Endodermis",176,0.107954545454545,0.077576460061556,-0.104352958467118
"AT2G33110","ATVAMP723; VAMP723","Positive",1.10888735127785,"Endodermis",176,0.0738636363636364,0.0254969682934716,-0.439426988435641
"AT1G30190",NA,"Positive",1.40238508250906,"Endodermis",176,0.0284090909090909,0.0146505203008276,0.289298419994978
"AT3G55230",NA,"Negative",-1.05864280865325,"Endodermis",176,0.0340909090909091,0.0551357512962594,2.97514307797839
"AT2G40250",NA,"Negative",-2.86084454634663,"Endodermis",176,0.0113636363636364,0.00353231589678648,-0.479179114004403
"AT5G11570","NPF1.3","Negative",-1.38806061147263,"Endodermis",176,0.0454545454545455,0.0228194660354883,0.774116263300926
"AT1G04180","YUC9; YUCCA9","Negative",-1.72444126887544,"Cortex",148,0.0608108108108108,0.0350128729825901,-0.850233912864174
"AT4G39400","ATBRI1; BIN1; BRI1; CBB2; DWF2","Negative",-2.98604888635343,"Cortex",148,0.547297297297297,0.335631207672309,0.234915679193862
"AT1G56600","AtGolS2; GolS2","Positive",2.04698210819202,"Cortex",148,0.108108108108108,0.0510209532854005,-0.964742195091112
"AT5G66985","HUP44","Negative",-2.54543998303942,"Cortex",148,0.141891891891892,0.05835685738747,1.13352218173448
"AT1G14960",NA,"Negative",-2.70940826566846,"Cortex",148,0.0878378378378378,0.0593472560415931,-0.467464750389421
"AT1G77380","AAP3; ATAAP3","Positive",1.74668743756508,"Cortex",148,0,0,-0.583176780559123
"AT1G72470","ATEXO70D1; EXO70D1","Negative",-1.0259510636015,"Cortex",148,0.689189189189189,0.447090239413372,1.36972570944818
"AT1G69810","ATWRKY36; WRKY36","Negative",-1.19358562700619,"Cortex",148,0.398648648648649,0.18474749121865,-0.184756983937396
"AT2G36640","ATECP63; ECP63","Positive",1.99115016290122,"Cortex",148,0.027027027027027,0.00872733608291401,-0.61084932735242
"AT2G44130","KFB39; KMD3","Positive",2.06978503389309,"Cortex",148,0.0675675675675676,0.0220795411506729,-0.619843378327983
"AT3G27170","ATCLC-B; CLC-B","Negative",-2.09861229382896,"Cortex",148,0.527027027027027,0.336212220960621,2.93564935969126
"AT3G11340","UGT76B1","Negative",-1.00096049712863,"Cortex",148,0.952702702702703,1.1844061487187,1.87457252413516
"AT2G44340","VQ18","Negative",-2.82755926578352,"Cortex",148,0,0,-0.493637492773086
"AT4G11210",NA,"Negative",-1.6049516467354,"Cortex",148,0.0810810810810811,0.0344004730996906,-0.500681456238588
"AT5G28510","BGLU24","Positive",2.44781364481874,"Cortex",148,0,0,-0.31716035847184
"AT5G09640","SCPL19; SNG2","Positive",2.49406633150789,"Cortex",148,0,0,-0.320074696810464
"AT4G01720","AtWRKY47; WRKY47","Negative",-1.24700444964257,"Cortex",148,0.00675675675675676,0.000701421295891979,-0.901313031968974
"AT1G72300","PSY1R","Negative",-1.58180374786453,"Cortex",148,0.0608108108108108,0.0274097857451156,0.223166089975833
"AT5G42500",NA,"Negative",-1.56864995721748,"Cortex",148,0.0675675675675676,0.0543446787499816,-0.286395204287956
"AT1G70890","MLP43","Negative",-1.44642788019455,"Cortex",148,0,0,-0.335462366120468
"AT4G01140",NA,"Negative",-2.00945325466858,"Cortex",148,0.763513513513513,0.79741498959625,1.68565376321499
"AT1G29050","TBL38","Negative",-1.036786264475,"Cortex",148,0.662162162162162,0.63276900601041,0.806483661924151
"AT5G36180","scpl1","Negative",-1.61168250916166,"Cortex",148,0.22972972972973,0.128105764925514,0.164978954419613
"AT5G52400","CYP715A1","Positive",2.42051842957844,"Cortex",148,0.0540540540540541,0.0199942092226025,-0.509385633904773
"AT5G48290",NA,"Negative",-1.16748300896808,"Cortex",148,0.00675675675675676,0.00311205930009945,-0.309722154130522
"AT2G35910","ATL70","Negative",-1.52068850855787,"Cortex",148,0.027027027027027,0.00960930724089796,-0.668211927112877
"AT2G20350",NA,"Positive",2.57297330752297,"Cortex",148,0,0,-0.355631947272235
"AT5G20710","BGAL7","Negative",-2.53455956374412,"Cortex",148,0.0135135135135135,0.00451251894663916,0.0917515057730172
"AT5G24030","SLAH3","Negative",-1.34409110888543,"Cortex",148,0.371621621621622,0.190211543258918,1.9531473952801
"AT2G25150",NA,"Negative",-1.64996424146849,"Cortex",148,0.0337837837837838,0.0212273805744973,0.376624691782566
"AT4G15390",NA,"Negative",-1.38879120045859,"Cortex",148,0.128378378378378,0.0860328888818112,-0.847513184648853
"AT5G05790",NA,"Negative",-1.00315655566098,"Cortex",148,0.00675675675675676,0.00166061019986611,-0.361699168280631
"AT4G23220","CRK14","Positive",2.82992118569744,"Cortex",148,0,0,-0.317597788121037
"AT3G12580","ATHSP70; HSC70-4; HSP70; HSP70-4","Positive",1.12814765520209,"Cortex",148,0.858108108108108,1.15220435867603,-0.696006937635663
"AT4G17250",NA,"Positive",1.7784453004215,"Cortex",148,0.00675675675675676,0.00129857866056606,-0.422911341777404
"AT1G28660","GGL2; GGL4","Negative",-1.71456459678125,"Cortex",148,0.0405405405405405,0.0226136336389191,0.507190476849225
"AT4G23550","ATWRKY29; WRKY29","Negative",-1.8365609541852,"Cortex",148,0,0,-0.335899307011233
"AT5G43350","ATPT1; PHT1;1; PT1","Negative",-1.22803934235111,"Cortex",148,0.141891891891892,0.0601711516056406,-0.30611128250915
"AT5G04960","PME46; PMEI-PME46","Negative",-1.35719708816369,"Cortex",148,0.0135135135135135,0.00542956512932994,-0.3113552378444
"AT1G63720",NA,"Positive",1.14984778400462,"Cortex",148,0.0540540540540541,0.0267748579462884,-0.735217614325573
"AT4G28890","ATL42","Negative",-1.39804306627639,"Cortex",148,0.155405405405405,0.0800505895194167,0.370577824928955
"AT3G50970","LTI30; XERO2","Positive",1.1213419588549,"Cortex",148,0.945945945945946,1.62436748889046,-0.174059076219159
"AT4G10310","ATHKT1; HKT1; HKT1;1","Positive",1.52708955133207,"Cortex",148,0,0,-0.307453513623841
"AT1G70690","HWI1; PDLP5","Negative",-1.22616087305977,"Cortex",148,0.00675675675675676,0.0012384460908862,-0.798919668219653
"AT1G78280","JMJ21","Positive",1.82568231002151,"Cortex",148,0.236486486486486,0.0933809507954436,-0.474964580823024
"AT5G63770","ATDGK2; DGK2","Positive",1.66389571460326,"Cortex",148,0.297297297297297,0.131624599347055,1.50677118573369
"AT4G01090",NA,"Positive",1.59257235202094,"Cortex",148,0.101351351351351,0.0429166848762171,-0.580394605310635
"AT4G01680","AtMYB55; MYB55","Negative",-2.49712806100537,"Cortex",148,0.148648648648649,0.0851635257755075,0.236742182150389
"AT1G17420","ATLOX3; LOX3","Positive",2.21404146389508,"Cortex",148,0.0405405405405405,0.0179322140894778,-0.676427795093275
"AT5G02350",NA,"Negative",-1.21600938788874,"Cortex",148,0.0675675675675676,0.0245738567324846,-0.479435678872039
"AT1G09090","ATRBOHB; ATRBOHB-BETA; RBOHB","Negative",-1.08867639815058,"Cortex",148,0.175675675675676,0.107211574290897,0.786352711922528
"AT5G14340","AtMYB40; MYB40","Negative",-1.88752530766593,"Cortex",148,0.364864864864865,0.203532758222855,0.416504305360652
"AT1G72430","SAUR78","Negative",-1.14338710104547,"Cortex",148,0.168918918918919,0.0904133744842221,-0.394886560101218
"AT2G44070",NA,"Positive",2.57289296233075,"Cortex",148,0,0,-0.356328710237644
"AT1G56060","AthCYSTM3","Positive",1.94512669123876,"Cortex",148,0.027027027027027,0.0149857908663405,-0.55789274028337
"AT5G27100","ATGLR2.1; GLR2.1","Negative",-1.47938200481162,"Cortex",148,0,0,-0.424304695209693
"AT3G14560",NA,"Positive",1.77396540582496,"Cortex",148,0.027027027027027,0.0096451577764861,-1.01156784964678
"AT3G47660","PRAF2","Positive",5.27746696756133,"Cortex",148,0,0,-0.549903608979384
"AT5G38100",NA,"Negative",-1.37469090396726,"Cortex",148,0.0202702702702703,0.00432284886789455,-0.742584796937463
"AT5G48430",NA,"Negative",-1.39968565107729,"Cortex",148,0.00675675675675676,0.00431767125784295,-0.772290056227415
"AT5G52870","MAKR5","Negative",-1.01139711479932,"Cortex",148,0.0202702702702703,0.00643358744865126,-0.863518022155379
"AT2G44940","ERF34","Negative",-1.13679801947236,"Cortex",148,0.256756756756757,0.105502226967898,-0.00474036930055229
"AT3G09220","LAC7","Negative",-1.40061975574422,"Cortex",148,0,0,-0.364974086542509
"AT2G39430",NA,"Negative",-1.06352038769506,"Cortex",148,0,0,-0.652154384867922
"AT4G08620","SULTR1;1","Negative",-1.88659649266484,"Cortex",148,0,0,-0.370670959315003
"AT4G12545",NA,"Negative",-2.0267872267625,"Cortex",148,0.243243243243243,0.140872543653485,-0.32629528190878
"AT5G44310",NA,"Positive",3.57169096407992,"Cortex",148,0,0,-0.436674223053497
"AT5G15960","KIN1","Positive",1.28268935107574,"Cortex",148,0.216216216216216,0.155314186913678,-0.937360040377364
"AT2G21510",NA,"Positive",1.75684913329933,"Cortex",148,0,0,-0.819961985082018
"AT4G36220","CYP84A1; F5H; FAH1","Negative",-1.24783623311178,"Cortex",148,0,0,-1.10563908975433
"AT3G07600",NA,"Negative",-1.64878645824955,"Cortex",148,0.0202702702702703,0.00548033973400771,-0.370927447393032
"AT3G62990",NA,"Positive",2.08838035316228,"Cortex",148,0.00675675675675676,0.000934521507348563,-0.367839977565206
"AT5G10100","TPPI","Positive",1.70467520381942,"Cortex",148,0.540540540540541,0.359668005069773,1.6299800560298
"AT4G04745",NA,"Negative",-1.91310329099706,"Cortex",148,0.222972972972973,0.109785606624352,-0.367149478007886
"AT5G57030","LUT2","Positive",1.91943434617527,"Cortex",148,0.0202702702702703,0.00395686599617046,-1.31957534029935
"AT2G28650","ATEXO70H8; EXO70H8","Negative",-1.10743054521859,"Cortex",148,0,0,-0.379294327946393
"AT2G43060","AtIBH1; IBH1","Negative",-1.05256696817149,"Cortex",148,0.027027027027027,0.00839332756931538,-0.646602324573276
"AT4G27410","ANAC072; ANAC72; AtRD26; RD26","Positive",1.40788682844608,"Cortex",148,0.277027027027027,0.172995096893279,0.090631452704764
"AT5G03620",NA,"Positive",3.25463681600375,"Cortex",148,0,0,-0.524323268023963
"AT3G20940","CYP705A30","Negative",-1.09240967140652,"Cortex",148,0.756756756756757,0.638120610576376,0.664636647787462
"AT1G66090","TN3","Positive",2.20410368097024,"Cortex",148,0.0135135135135135,0.00460579363240273,-0.477055353412112
"AT1G66440",NA,"Negative",-1.71128330914388,"Cortex",148,0,0,-0.411379290932736
"AT5G43650","BHLH92","Positive",2.30539455957688,"Cortex",148,0.128378378378378,0.0561147692058839,-0.492348356569244
"AT5G53250","AGP22; ATAGP22","Negative",-1.138894860995,"Cortex",148,0.993243243243243,3.00613487469447,1.41831660233355
"AT3G09290","TAC1","Negative",-2.88485967121794,"Cortex",148,0.0135135135135135,0.00630754906227214,1.97576913216694
"AT4G18430","AtRABA1e; RABA1e","Negative",-1.31163356369142,"Cortex",148,0.0135135135135135,0.00900204284296624,-0.358326187227951
"AT1G32960","ATSBT3.3; SBT3.3","Positive",2.29335120801622,"Cortex",148,0,0,-0.301511344577764
"AT2G31690","DALL5","Positive",1.71187588960037,"Cortex",148,0,0,-0.348114315631947
"AT2G23600","ACL; ATME8; ATMES2; ME8; MES2","Positive",1.19584804590202,"Cortex",148,0,0,-0.387792255625874
"AT1G65310","ATXTH17; XTH17","Negative",-1.47996729637104,"Cortex",148,0.168918918918919,0.112389650705975,0.348695797238655
"AT1G49310",NA,"Positive",1.08743138840695,"Cortex",148,0.00675675675675676,0.000451998522268154,-0.487262242276114
"AT3G22240","AthCYSTM9","Negative",-1.1890605983947,"Cortex",148,0.0743243243243243,0.0447546198361005,-0.152110178671031
"AT2G41380",NA,"Negative",-1.62860208922019,"Cortex",148,0.155405405405405,0.0721040320748244,-0.383413425137008
"AT5G20230","ATBCB; BCB; SAG14","Positive",1.7574067361109,"Cortex",148,0.222972972972973,0.225519812681971,-0.570300482553163
"AT3G22910","ACA13","Positive",1.27407457950215,"Cortex",148,0.128378378378378,0.0763453059585437,-0.699052906323229
"AT5G20045",NA,"Negative",-1.79040617492877,"Cortex",148,0,0,-0.499050014057179
"AT1G26970","PBL4","Negative",-1.60672066418207,"Cortex",148,0.283783783783784,0.12532838834918,1.02480817269055
"AT1G06180","ATMYB13; ATMYBLFGN; MYB13","Negative",-1.17919366081855,"Cortex",148,0.425675675675676,0.235236371025223,1.64412609477916
"AT5G04370","NAMT1","Positive",1.04650165006307,"Cortex",148,0,0,-0.305605458152852
"AT2G32560",NA,"Negative",-1.1873332596431,"Cortex",148,0.189189189189189,0.0812366700851655,-0.684560223015563
"AT4G17340","DELTA-TIP2; TIP2;2","Negative",-1.10325288077999,"Cortex",148,0.364864864864865,0.285807971704428,-0.170889087544768
"AT5G57480",NA,"Negative",-1.09600758300743,"Cortex",148,0.101351351351351,0.0419178190430516,-0.540962104166073
"AT1G52890","ANAC019; ANAC19; NAC019","Positive",1.4735045454021,"Cortex",148,0.00675675675675676,0.00541438692346312,-0.527104375832469
"AT4G35060","AtHMP39; HIPP25","Negative",-1.32498070067296,"Cortex",148,0.810810810810811,0.814949156499893,1.85689178013437
"AT4G17670",NA,"Negative",-1.23044033768659,"Cortex",148,0.506756756756757,0.404473303270285,1.45773834882155
"AT1G11925",NA,"Positive",2.03926122876378,"Cortex",148,0,0,-0.301511344577764
"AT5G13910","LEP","Negative",-1.33443462092489,"Cortex",148,0.0945945945945946,0.0396624599584926,-0.469776200046378
"AT1G44050",NA,"Negative",-1.24877244600657,"Cortex",148,0,0,-0.418151317281332
"AT5G42590","CYP71A16; MRO","Negative",-1.44488263368016,"Cortex",148,0.959459459459459,1.60837119563782,2.27684776773617
"AT5G22690",NA,"Positive",1.52585937558067,"Cortex",148,0.0337837837837838,0.00873800708998769,-0.45604298202295
"AT5G51500","PMEI-PME60","Negative",-1.17505068535868,"Cortex",148,0.0202702702702703,0.00618420445639357,-0.537224042123742
"AT4G08040","ACS11","Negative",-2.51565847516007,"Cortex",148,0.00675675675675676,0.0014255267746649,-0.415732202548827
"AT5G01040","LAC8","Positive",1.45248411028131,"Cortex",148,0.790540540540541,0.808368814179967,-0.241305716583748
"AT1G18860","ATWRKY61; WRKY61","Negative",-1.78488937208167,"Cortex",148,0.00675675675675676,0.000701421295891979,-0.789845714078263
"AT5G14700",NA,"Positive",1.87865812025226,"Cortex",148,0.0810810810810811,0.0292920379458273,-0.458653902898186
"AT5G09978","PEP7","Negative",-1.21117622460744,"Cortex",148,0.027027027027027,0.018769870785374,-0.492581580524875
"AT3G21320",NA,"Positive",2.01801920633086,"Cortex",148,0,0,-0.346445669448733
"AT5G22540",NA,"Positive",1.6839930189871,"Cortex",148,0.00675675675675676,0.0013045390952385,-0.519593627269035
"AT3G59620",NA,"Positive",5.69629670436994,"Cortex",148,0,0,-0.356171738277576
"AT3G48520","CYP94B3","Positive",1.63975511113845,"Cortex",148,0.344594594594595,0.606159825974243,0.962863911136593
"AT1G65500","STMP6","Positive",1.38928413584717,"Cortex",148,0,0,-0.307964145674714
"AT1G66930","LRK10L2","Negative",-1.72008297926752,"Cortex",148,0,0,-0.981443794751662
"AT1G09930","ATOPT2; OPT2","Positive",2.29700145851768,"Cortex",148,0,0,-0.577103217548586
"AT5G57540","AtXTH13; XTH13","Negative",-1.343442975401,"Cortex",148,0,0,-0.368398907708235
"AT3G02240","GLV4; RGF7","Negative",-2.58232156115238,"Cortex",148,0.0337837837837838,0.0136076176806884,-0.350990989215203
"AT3G27540",NA,"Positive",1.19651550278847,"Cortex",148,0.114864864864865,0.0368872166865066,-0.482752830856012
"AT4G01870",NA,"Positive",1.16965896343649,"Cortex",148,0.533783783783784,0.467993201205387,-0.548587026349642
"AT5G46900",NA,"Negative",-1.14621712862678,"Cortex",148,0.952702702702703,2.17862967030524,1.27033256938128
"AT3G51810","AT3; ATEM1; EM1; GEA1","Positive",2.14908891736074,"Cortex",148,0,0,-0.616404199255191
"AT2G47360",NA,"Negative",-1.06216999738096,"Cortex",148,0.114864864864865,0.0547623207687377,-0.23124155343331
"AT2G33110","ATVAMP723; VAMP723","Positive",1.10888735127785,"Cortex",148,0.0540540540540541,0.0164356884931173,-0.550182758828121
"AT1G30190",NA,"Positive",1.40238508250906,"Cortex",148,0.00675675675675676,0.00118819901023677,-1.25771951488557
"AT3G55230",NA,"Negative",-1.05864280865325,"Cortex",148,0.00675675675675676,0.00295287419519469,-0.23003787339471
"AT2G40250",NA,"Negative",-2.86084454634663,"Cortex",148,0.0405405405405405,0.0229196218943948,1.12717112425657
"AT5G11570","NPF1.3","Negative",-1.38806061147263,"Cortex",148,0,0,-0.506441276121989
"AT1G04180","YUC9; YUCCA9","Negative",-1.72444126887544,"QC/Columella",162,0.401234567901235,0.470855076850439,1.93535241048654
"AT4G39400","ATBRI1; BIN1; BRI1; CBB2; DWF2","Negative",-2.98604888635343,"QC/Columella",162,0.660493827160494,0.592907196254347,1.92362837478226
"AT1G56600","AtGolS2; GolS2","Positive",2.04698210819202,"QC/Columella",162,0.216049382716049,0.243603482839201,-0.00113261801926922
"AT5G66985","HUP44","Negative",-2.54543998303942,"QC/Columella",162,0.0864197530864197,0.0609559384860978,1.22991478803736
"AT1G14960",NA,"Negative",-2.70940826566846,"QC/Columella",162,0.0679012345679012,0.0468300923206408,-0.593213338154691
"AT1G77380","AAP3; ATAAP3","Positive",1.74668743756508,"QC/Columella",162,0,0,-0.583176780559123
"AT1G72470","ATEXO70D1; EXO70D1","Negative",-1.0259510636015,"QC/Columella",162,0.290123456790123,0.181239921857159,-0.812115578691326
"AT1G69810","ATWRKY36; WRKY36","Negative",-1.19358562700619,"QC/Columella",162,0.0555555555555556,0.0339037063978018,-1.14160779759121
"AT2G36640","ATECP63; ECP63","Positive",1.99115016290122,"QC/Columella",162,0.0246913580246914,0.0260765991518781,0.115848961640673
"AT2G44130","KFB39; KMD3","Positive",2.06978503389309,"QC/Columella",162,0.0617283950617284,0.0279001645331127,-0.554752062050125
"AT3G27170","ATCLC-B; CLC-B","Negative",-2.09861229382896,"QC/Columella",162,0.00617283950617284,0.00482114960841233,-0.338763637515862
"AT3G11340","UGT76B1","Negative",-1.00096049712863,"QC/Columella",162,0.160493827160494,0.075008638373531,-1.01344421729213
"AT2G44340","VQ18","Negative",-2.82755926578352,"QC/Columella",162,0,0,-0.493637492773086
"AT4G11210",NA,"Negative",-1.6049516467354,"QC/Columella",162,0.0555555555555556,0.0306896962380097,-0.504300586519541
"AT5G28510","BGLU24","Positive",2.44781364481874,"QC/Columella",162,0,0,-0.31716035847184
"AT5G09640","SCPL19; SNG2","Positive",2.49406633150789,"QC/Columella",162,0,0,-0.320074696810464
"AT4G01720","AtWRKY47; WRKY47","Negative",-1.24700444964257,"QC/Columella",162,0.0123456790123457,0.00639558313921006,-0.784144089414306
"AT1G72300","PSY1R","Negative",-1.58180374786453,"QC/Columella",162,0,0,-0.824686411429115
"AT5G42500",NA,"Negative",-1.56864995721748,"QC/Columella",162,0.00617283950617284,0.00438215208699826,-0.470466699412589
"AT1G70890","MLP43","Negative",-1.44642788019455,"QC/Columella",162,0,0,-0.335462366120468
"AT4G01140",NA,"Negative",-2.00945325466858,"QC/Columella",162,0.104938271604938,0.067340753662892,-0.776877492933899
"AT1G29050","TBL38","Negative",-1.036786264475,"QC/Columella",162,0.0246913580246914,0.016163164900833,-0.752549980610292
"AT5G36180","scpl1","Negative",-1.61168250916166,"QC/Columella",162,0.0123456790123457,0.00854368718656442,-0.38063791626941
"AT5G52400","CYP715A1","Positive",2.42051842957844,"QC/Columella",162,0.0925925925925926,0.0649724168015635,-0.225834738639304
"AT5G48290",NA,"Negative",-1.16748300896808,"QC/Columella",162,0,0,-0.372790919373179
"AT2G35910","ATL70","Negative",-1.52068850855787,"QC/Columella",162,0.0432098765432099,0.0194511354663811,-0.583311239122182
"AT2G20350",NA,"Positive",2.57297330752297,"QC/Columella",162,0,0,-0.355631947272235
"AT5G20710","BGAL7","Negative",-2.53455956374412,"QC/Columella",162,0,0,-0.46976752541973
"AT5G24030","SLAH3","Negative",-1.34409110888543,"QC/Columella",162,0.0123456790123457,0.00770534431791781,-0.982392025315503
"AT2G25150",NA,"Negative",-1.64996424146849,"QC/Columella",162,0,0,-0.439972605938062
"AT4G15390",NA,"Negative",-1.38879120045859,"QC/Columella",162,0.17283950617284,0.13529170330091,-0.716479569213113
"AT5G05790",NA,"Negative",-1.00315655566098,"QC/Columella",162,0,0,-0.36813463638027
"AT4G23220","CRK14","Positive",2.82992118569744,"QC/Columella",162,0,0,-0.317597788121037
"AT3G12580","ATHSP70; HSC70-4; HSP70; HSP70-4","Positive",1.12814765520209,"QC/Columella",162,0.919753086419753,2.46172271168372,1.93234318423464
"AT4G17250",NA,"Positive",1.7784453004215,"QC/Columella",162,0,0,-0.469395453423057
"AT1G28660","GGL2; GGL4","Negative",-1.71456459678125,"QC/Columella",162,0.0123456790123457,0.0119544873382626,-0.125661139281245
"AT4G23550","ATWRKY29; WRKY29","Negative",-1.8365609541852,"QC/Columella",162,0,0,-0.335899307011233
"AT5G43350","ATPT1; PHT1;1; PT1","Negative",-1.22803934235111,"QC/Columella",162,0.0246913580246914,0.016369030716797,-0.560897317483658
"AT5G04960","PME46; PMEI-PME46","Negative",-1.35719708816369,"QC/Columella",162,0,0,-0.359203991995892
"AT1G63720",NA,"Positive",1.14984778400462,"QC/Columella",162,0.154320987654321,0.0915236564563398,-0.240243238838803
"AT4G28890","ATL42","Negative",-1.39804306627639,"QC/Columella",162,0,0,-0.491110479331309
"AT3G50970","LTI30; XERO2","Positive",1.1213419588549,"QC/Columella",162,0.802469135802469,1.12354006222212,-0.884493820819817
"AT4G10310","ATHKT1; HKT1; HKT1;1","Positive",1.52708955133207,"QC/Columella",162,0,0,-0.307453513623841
"AT1G70690","HWI1; PDLP5","Negative",-1.22616087305977,"QC/Columella",162,0.0246913580246914,0.0166986268479814,-0.696560515982264
"AT1G78280","JMJ21","Positive",1.82568231002151,"QC/Columella",162,0.166666666666667,0.0984950171569757,-0.422041192318104
"AT5G63770","ATDGK2; DGK2","Positive",1.66389571460326,"QC/Columella",162,0.12962962962963,0.078641655073833,-0.301246035975972
"AT4G01090",NA,"Positive",1.59257235202094,"QC/Columella",162,0.203703703703704,0.10513621795816,-0.239909432993856
"AT4G01680","AtMYB55; MYB55","Negative",-2.49712806100537,"QC/Columella",162,0.0123456790123457,0.0056463447876568,-0.74480091879633
"AT1G17420","ATLOX3; LOX3","Positive",2.21404146389508,"QC/Columella",162,0.216049382716049,0.152113533947615,-0.00521180124392651
"AT5G02350",NA,"Negative",-1.21600938788874,"QC/Columella",162,0.0617283950617284,0.0333689449339235,-0.389925927843907
"AT1G09090","ATRBOHB; ATRBOHB-BETA; RBOHB","Negative",-1.08867639815058,"QC/Columella",162,0.00617283950617284,0.00391222055962637,-0.374327916166208
"AT5G14340","AtMYB40; MYB40","Negative",-1.88752530766593,"QC/Columella",162,0,0,-0.609342339387383
"AT1G72430","SAUR78","Negative",-1.14338710104547,"QC/Columella",162,0.0123456790123457,0.00600338146581251,-0.58221176706486
"AT2G44070",NA,"Positive",2.57289296233075,"QC/Columella",162,0.00617283950617284,0.00119939718194238,-0.331877798257369
"AT1G56060","AthCYSTM3","Positive",1.94512669123876,"QC/Columella",162,0.0987654320987654,0.0632656875909925,0.0465760680000031
"AT5G27100","ATGLR2.1; GLR2.1","Negative",-1.47938200481162,"QC/Columella",162,0.0123456790123457,0.00580296867371543,-0.255074561087687
"AT3G14560",NA,"Positive",1.77396540582496,"QC/Columella",162,0.0185185185185185,0.0118526878713667,-0.97982509356346
"AT3G47660","PRAF2","Positive",5.27746696756133,"QC/Columella",162,0,0,-0.549903608979384
"AT5G38100",NA,"Negative",-1.37469090396726,"QC/Columella",162,0.0123456790123457,0.00348502940807587,-0.752529080142657
"AT5G48430",NA,"Negative",-1.39968565107729,"QC/Columella",162,0,0,-0.916527170082675
"AT5G52870","MAKR5","Negative",-1.01139711479932,"QC/Columella",162,0.283950617283951,0.221975038670279,1.43602758136661
"AT2G44940","ERF34","Negative",-1.13679801947236,"QC/Columella",162,0.0679012345679012,0.0371329296180824,-0.504017677386448
"AT3G09220","LAC7","Negative",-1.40061975574422,"QC/Columella",162,0,0,-0.364974086542509
"AT2G39430",NA,"Negative",-1.06352038769506,"QC/Columella",162,0,0,-0.652154384867922
"AT4G08620","SULTR1;1","Negative",-1.88659649266484,"QC/Columella",162,0,0,-0.370670959315003
"AT4G12545",NA,"Negative",-2.0267872267625,"QC/Columella",162,0.123456790123457,0.0796055263488004,-0.57191207102063
"AT5G44310",NA,"Positive",3.57169096407992,"QC/Columella",162,0,0,-0.436674223053497
"AT5G15960","KIN1","Positive",1.28268935107574,"QC/Columella",162,0.37037037037037,0.487851785536712,1.13183735755492
"AT2G21510",NA,"Positive",1.75684913329933,"QC/Columella",162,0.0555555555555556,0.0266154432615255,0.226556664484685
"AT4G36220","CYP84A1; F5H; FAH1","Negative",-1.24783623311178,"QC/Columella",162,0.0185185185185185,0.00733406699075565,1.1237101040295
"AT3G07600",NA,"Negative",-1.64878645824955,"QC/Columella",162,0,0,-0.399078567622846
"AT3G62990",NA,"Positive",2.08838035316228,"QC/Columella",162,0,0,-0.385722123408063
"AT5G10100","TPPI","Positive",1.70467520381942,"QC/Columella",162,0.0308641975308642,0.0186052850182488,-0.596405633025201
"AT4G04745",NA,"Negative",-1.91310329099706,"QC/Columella",162,0.0740740740740741,0.0343042222932553,-0.854404298681221
"AT5G57030","LUT2","Positive",1.91943434617527,"QC/Columella",162,0.0308641975308642,0.0151308007209161,0.237095602286988
"AT2G28650","ATEXO70H8; EXO70H8","Negative",-1.10743054521859,"QC/Columella",162,0,0,-0.379294327946393
"AT2G43060","AtIBH1; IBH1","Negative",-1.05256696817149,"QC/Columella",162,0,0,-0.908646809889005
"AT4G27410","ANAC072; ANAC72; AtRD26; RD26","Positive",1.40788682844608,"QC/Columella",162,0.0493827160493827,0.0272825104426655,-0.72016398091873
"AT5G03620",NA,"Positive",3.25463681600375,"QC/Columella",162,0,0,-0.524323268023963
"AT3G20940","CYP705A30","Negative",-1.09240967140652,"QC/Columella",162,0.462962962962963,0.409609305103617,-0.119460882419192
"AT1G66090","TN3","Positive",2.20410368097024,"QC/Columella",162,0.135802469135802,0.0897372057801611,0.317017150329709
"AT1G66440",NA,"Negative",-1.71128330914388,"QC/Columella",162,0,0,-0.411379290932736
"AT5G43650","BHLH92","Positive",2.30539455957688,"QC/Columella",162,0.123456790123457,0.112957036823711,-0.393896795390442
"AT5G53250","AGP22; ATAGP22","Negative",-1.138894860995,"QC/Columella",162,0.395061728395062,0.280399631222834,-1.05687180881552
"AT3G09290","TAC1","Negative",-2.88485967121794,"QC/Columella",162,0,0,-0.449369816876603
"AT4G18430","AtRABA1e; RABA1e","Negative",-1.31163356369142,"QC/Columella",162,0.0185185185185185,0.00871220426976934,-0.361362465001431
"AT1G32960","ATSBT3.3; SBT3.3","Positive",2.29335120801622,"QC/Columella",162,0,0,-0.301511344577764
"AT2G31690","DALL5","Positive",1.71187588960037,"QC/Columella",162,0,0,-0.348114315631947
"AT2G23600","ACL; ATME8; ATMES2; ME8; MES2","Positive",1.19584804590202,"QC/Columella",162,0.00617283950617284,0.00347424350309516,-0.355796180635295
"AT1G65310","ATXTH17; XTH17","Negative",-1.47996729637104,"QC/Columella",162,0.037037037037037,0.0259593832594924,-0.439997078934046
"AT1G49310",NA,"Positive",1.08743138840695,"QC/Columella",162,0,0,-0.491194694475944
"AT3G22240","AthCYSTM9","Negative",-1.1890605983947,"QC/Columella",162,0.00617283950617284,0.00342206040014917,-0.338466719114296
"AT2G41380",NA,"Negative",-1.62860208922019,"QC/Columella",162,0.0246913580246914,0.0140256048416632,-1.03594409181507
"AT5G20230","ATBCB; BCB; SAG14","Positive",1.7574067361109,"QC/Columella",162,0.345679012345679,0.657062931592064,-0.152551976095199
"AT3G22910","ACA13","Positive",1.27407457950215,"QC/Columella",162,0.253086419753086,0.278821135917213,-0.237372944482197
"AT5G20045",NA,"Negative",-1.79040617492877,"QC/Columella",162,0.0185185185185185,0.0162207306494524,-0.432044015330271
"AT1G26970","PBL4","Negative",-1.60672066418207,"QC/Columella",162,0.00617283950617284,0.00379616638255723,-0.852635078061985
"AT1G06180","ATMYB13; ATMYBLFGN; MYB13","Negative",-1.17919366081855,"QC/Columella",162,0.148148148148148,0.110293270867169,0.0499673538979673
"AT5G04370","NAMT1","Positive",1.04650165006307,"QC/Columella",162,0,0,-0.305605458152852
"AT2G32560",NA,"Negative",-1.1873332596431,"QC/Columella",162,0.401234567901235,0.327208604416332,1.26807944162935
"AT4G17340","DELTA-TIP2; TIP2;2","Negative",-1.10325288077999,"QC/Columella",162,0.185185185185185,0.10438813947354,-0.656753127120681
"AT5G57480",NA,"Negative",-1.09600758300743,"QC/Columella",162,0.148148148148148,0.103083218723231,-0.115046896699674
"AT1G52890","ANAC019; ANAC19; NAC019","Positive",1.4735045454021,"QC/Columella",162,0.0123456790123457,0.00775301782686296,-0.477514909573036
"AT4G35060","AtHMP39; HIPP25","Negative",-1.32498070067296,"QC/Columella",162,0.0246913580246914,0.0148131960621915,-0.717504120463749
"AT4G17670",NA,"Negative",-1.23044033768659,"QC/Columella",162,0.0493827160493827,0.0426363089157669,-0.479986289274351
"AT1G11925",NA,"Positive",2.03926122876378,"QC/Columella",162,0,0,-0.301511344577764
"AT5G13910","LEP","Negative",-1.33443462092489,"QC/Columella",162,0.0308641975308642,0.0148567310724543,-0.55726809537407
"AT1G44050",NA,"Negative",-1.24877244600657,"QC/Columella",162,0,0,-0.418151317281332
"AT5G42590","CYP71A16; MRO","Negative",-1.44488263368016,"QC/Columella",162,0.296296296296296,0.208483670163192,-0.655391223570008
"AT5G22690",NA,"Positive",1.52585937558067,"QC/Columella",162,0.0493827160493827,0.0254968584605557,-0.218805405780212
"AT5G51500","PMEI-PME60","Negative",-1.17505068535868,"QC/Columella",162,0.0185185185185185,0.0116087635470076,-0.50469254882632
"AT4G08040","ACS11","Negative",-2.51565847516007,"QC/Columella",162,0,0,-0.446192201318405
"AT5G01040","LAC8","Positive",1.45248411028131,"QC/Columella",162,0.691358024691358,0.869503919021585,-0.107754831475217
"AT1G18860","ATWRKY61; WRKY61","Negative",-1.78488937208167,"QC/Columella",162,0.0123456790123457,0.00475225854176734,-0.585131353528995
"AT5G14700",NA,"Positive",1.87865812025226,"QC/Columella",162,0.185185185185185,0.120759409393784,-0.193201890608496
"AT5G09978","PEP7","Negative",-1.21117622460744,"QC/Columella",162,0.0123456790123457,0.00738185929328188,-0.582879247150483
"AT3G21320",NA,"Positive",2.01801920633086,"QC/Columella",162,0.00617283950617284,0.00228563222613349,0.0336168986152675
"AT5G22540",NA,"Positive",1.6839930189871,"QC/Columella",162,0.00617283950617284,0.00284765481900685,-0.439618819064735
"AT3G59620",NA,"Positive",5.69629670436994,"QC/Columella",162,0.00617283950617284,0.00443836247930986,-0.100478488334976
"AT3G48520","CYP94B3","Positive",1.63975511113845,"QC/Columella",162,0.179012345679012,0.133735674931303,-0.685541838080373
"AT1G65500","STMP6","Positive",1.38928413584717,"QC/Columella",162,0,0,-0.307964145674714
"AT1G66930","LRK10L2","Negative",-1.72008297926752,"QC/Columella",162,0,0,-0.981443794751662
"AT1G09930","ATOPT2; OPT2","Positive",2.29700145851768,"QC/Columella",162,0,0,-0.577103217548586
"AT5G57540","AtXTH13; XTH13","Negative",-1.343442975401,"QC/Columella",162,0.00617283950617284,0.00440924903124137,-0.228293465714578
"AT3G02240","GLV4; RGF7","Negative",-2.58232156115238,"QC/Columella",162,0.00617283950617284,0.00320530176518488,-0.617959352131985
"AT3G27540",NA,"Positive",1.19651550278847,"QC/Columella",162,0.166666666666667,0.0956291570853558,0.599968619716832
"AT4G01870",NA,"Positive",1.16965896343649,"QC/Columella",162,0.703703703703704,1.20385033133528,0.626321463612349
"AT5G46900",NA,"Negative",-1.14621712862678,"QC/Columella",162,0.697530864197531,0.661804477066526,-0.597939229953037
"AT3G51810","AT3; ATEM1; EM1; GEA1","Positive",2.14908891736074,"QC/Columella",162,0,0,-0.616404199255191
"AT2G47360",NA,"Negative",-1.06216999738096,"QC/Columella",162,0.0185185185185185,0.0168977564722936,-0.44183820583892
"AT2G33110","ATVAMP723; VAMP723","Positive",1.10888735127785,"QC/Columella",162,0.0802469135802469,0.0437660715535267,-0.216124248587782
"AT1G30190",NA,"Positive",1.40238508250906,"QC/Columella",162,0.0185185185185185,0.0110162597312444,-0.128331360175547
"AT3G55230",NA,"Negative",-1.05864280865325,"QC/Columella",162,0.00617283950617284,0.00237091259075034,-0.265783166728824
"AT2G40250",NA,"Negative",-2.86084454634663,"QC/Columella",162,0.00617283950617284,0.00438215208699826,-0.408765278951823
"AT5G11570","NPF1.3","Negative",-1.38806061147263,"QC/Columella",162,0,0,-0.506441276121989
