Gene ID	Gene Name	Chromosome	Start	End	Strand	RP1 Readcount	RP1 RPM	RP2 Readcount	RP2 RPM	RU1 Readcount	RU1 RPM	RU2 Readcount	RU2 RPM	Log2 FC	p value	q value
AT5G43650	BHLH92	5	17533130	17534796	-	907	64.874499999999998	835	66.2744	0	0	0	0	13.117286139999999	3.1599999999999999E-19	6.4199999999999997E-18
AT4G33930		4	16264269	16265420	-	1972	141.05000000000001	1932	153.34399999999999	0	0	1	6.2858399999999995E-2	12.84564273	1.4900000000000001E-19	3.1000000000000001E-18
AT1G20310		1	7032070	7033329	+	746	53.358800000000002	618	49.051000000000002	0	0	0	0	12.758894059999999	3.1299999999999999E-18	5.9599999999999997E-17
AT1G17420	LOX3	1	5977323	5981521	+	1952	139.62	1367	108.5	0	0	1	6.2858399999999995E-2	12.593597730000001	8.18E-19	1.62E-17
AT3G28600		3	10722394	10723995	+	400	28.610600000000002	623	49.447899999999997	0	0	0	0	12.37633525	6.3199999999999997E-17	1.1100000000000001E-15
AT5G07310	ERF115	5	2305551	2306837	+	311	22.244700000000002	606	48.098599999999998	0	0	0	0	12.229364090000001	2.3400000000000001E-16	4.0000000000000003E-15
AT4G10250	HSP22.0	4	6370338	6371372	+	285	20.385100000000001	391	31.033899999999999	0	0	0	0	11.77192528	2.0200000000000001E-15	3.1900000000000002E-14
AT1G71000		1	26768792	26770177	-	1068	76.390299999999996	781	61.988399999999999	0	0	1	6.2858399999999995E-2	11.75183644	1.56E-16	2.7000000000000001E-15
AT5G52400	CYP715A1	5	21272824	21275755	+	326	23.317599999999999	283	22.4619	0	0	0	0	11.59797783	4.0700000000000003E-15	6.2600000000000006E-14
AT5G51990	DREB1D	5	21116877	21117860	-	358	25.6065	236	18.7315	0	0	0	0	11.54814784	6.1699999999999997E-15	9.36E-14
AT3G44860	FAMT	3	16379571	16381434	+	5860	419.14499999999998	5767	457.73	4	0.197246	4	0.25143399999999999	11.424758560000001	1.9400000000000001E-95	5.6300000000000004E-93
AT1G73510		1	27642386	27643295	-	293	20.9573	182	14.445399999999999	0	0	0	0	11.22275187	4.4800000000000002E-14	6.4E-13
AT4G34410	ERF109	4	16451876	16453260	+	6418	459.05700000000002	4376	347.32600000000002	1	4.9311500000000001E-2	7	0.44000899999999998	11.21936683	3.8599999999999999E-31	1.4400000000000001E-29
AT5G61890	ERF114	5	24852322	24853941	-	1038	74.244500000000002	1434	113.81699999999999	1	4.9311500000000001E-2	1	6.2858399999999995E-2	11.20945124	2.9199999999999998E-26	8.7700000000000009E-25
AT4G37710	VQ29	4	17718118	17718771	+	684	48.924100000000003	492	39.0503	0	0	1	6.2858399999999995E-2	11.097994910000001	7.8800000000000002E-15	1.19E-13
AT2G24850	TAT3	2	10582074	10585216	-	14153	1012.31	13608	1080.07	8	0.39449200000000001	19	1.19431	10.905547049999999	2.4199999999999998E-210	1.3699999999999999E-206
AT1G65890	AAE12	1	24512438	24514659	-	204	14.5914	171	13.5724	0	0	0	0	10.896670070000001	2.61E-13	3.5199999999999999E-12
AT1G12610	DREB1F	1	4289883	4291017	-	1236	88.406800000000004	743	58.972299999999997	1	4.9311500000000001E-2	1	6.2858399999999995E-2	10.845122180000001	8.5099999999999998E-25	2.3700000000000001E-23
AT5G64750	ABR1	5	25891449	25893888	+	7717	551.97	8468	672.11	8	0.39449200000000001	12	0.754301	10.57765893	1.16E-161	2.1899999999999999E-158
AT1G70130	LECRK52	1	26409601	26411828	-	129	9.2269199999999998	164	13.0168	0	0	0	0	10.561494339999999	2.2100000000000001E-12	2.7699999999999999E-11
AT4G34210	ASK11	4	16379003	16379528	+	296	21.171800000000001	462	36.669199999999996	1	4.9311500000000001E-2	0	0	10.50742666	3.7299999999999998E-13	4.9800000000000002E-12
AT5G15660		5	5095652	5097041	+	142	10.1568	101	8.0164299999999997	0	0	0	0	10.262643880000001	1.0699999999999999E-11	1.27E-10
AT3G43250		3	15216585	15217574	+	88	6.2943300000000004	136	10.7944	0	0	0	0	10.18353926	2.31E-11	2.6600000000000001E-10
AT5G01380	GT-3A	5	155610	157601	-	3027	216.511	5846	464	5	0.246558	10	0.62858400000000003	10.11520642	6.5899999999999998E-33	2.6899999999999999E-31
AT2G22121	LCR35	2	9397864	9398259	+	89	6.3658599999999996	120	9.5244700000000009	0	0	0	0	10.07684955	3.6600000000000002E-11	4.1500000000000001E-10
AT2G44840	ERF13	2	18495215	18496327	+	1644	117.59	1627	129.136	3	0.14793500000000001	3	0.18857499999999999	10.01045214	1.3400000000000001E-56	1.25E-54
AT4G37720	PSK4	4	17718953	17719321	-	100	7.1526500000000004	75	5.9527900000000002	0	0	0	0	9.7916855809999994	1.5199999999999999E-10	1.61E-9
AT2G44810	DAD1	2	18478374	18480457	+	87	6.22281	86	6.8258700000000001	0	0	0	0	9.7887235730000004	1.5400000000000001E-10	1.63E-9
AT4G34300		4	16412773	16413715	+	74	5.2929599999999999	89	7.0639799999999999	0	0	0	0	9.7125083829999994	2.5899999999999998E-10	2.6700000000000001E-9
AT1G12030		1	4064485	4066344	-	38	2.71801	120	9.5244700000000009	0	0	0	0	9.7107693610000005	8.2099999999999996E-10	8.1300000000000007E-9
AT4G27670	HSP25.3	4	13818825	13819971	-	92	6.5804400000000003	71	5.6353099999999996	0	0	0	0	9.6906088599999993	2.6600000000000001E-10	2.7400000000000001E-9
AT2G26135		2	11130119	11131514	+	120	8.5831800000000005	34	2.6985999999999999	0	0	0	0	9.5639014020000008	1.37E-9	1.3200000000000001E-8
AT2G32200		2	13676389	13677306	+	46	3.2902200000000001	97	7.6989400000000003	0	0	0	0	9.5501241340000007	1.0999999999999999E-9	1.07E-8
AT1G78160	APUM7	1	29407608	29410484	+	77	5.5075399999999997	62	4.9209699999999996	0	0	0	0	9.4629118269999992	9.4499999999999994E-10	9.2599999999999999E-9
AT5G20230	BCB	5	6826365	6827748	+	5265	376.58699999999999	6737	534.71900000000005	11	0.54242699999999999	21	1.32003	9.4628308709999995	4.5799999999999999E-152	6.0900000000000001E-149
AT4G32630		4	15737918	15741741	+	81	5.7936500000000004	55	4.36538	0	0	0	0	9.4231289720000007	1.2400000000000001E-9	1.2E-8
AT2G26610		2	11318771	11324213	+	74	5.2929599999999999	54	4.2860100000000001	0	0	0	0	9.3391668180000007	1.92E-9	1.8200000000000001E-8
AT5G49920		5	20306409	20307943	-	166	11.8734	166	13.1755	0	0	1	6.2858399999999995E-2	9.2885680570000009	1.73E-10	1.8199999999999999E-9
AT3G44870		3	16382219	16383605	+	4620	330.452	3262	258.90699999999998	12	0.59173799999999999	12	0.754301	9.2586919240000007	3.3100000000000003E-141	3.1200000000000001E-138
AT2G40340	DREB2C	2	16848160	16850494	-	3016	215.72399999999999	3971	315.18	11	0.54242699999999999	11	0.691442	9.2429379970000003	3.5899999999999997E-120	2.4599999999999998E-117
AT3G03341		3	790130	790693	-	349	24.962800000000001	528	41.907699999999998	2	9.8623000000000002E-2	1	6.2858399999999995E-2	9.1367653329999996	2.87E-24	7.8299999999999995E-23
AT3G22910	ACA13	3	8116292	8119490	-	7124	509.55500000000001	5479	434.87099999999998	23	1.1341600000000001	19	1.19431	9.1360581330000006	4.9099999999999997E-201	2.1199999999999999E-197
AT4G17980	anac071	4	9978703	9980555	-	56	4.0054800000000004	53	4.2066400000000002	0	0	0	0	9.120100549	6.3300000000000003E-9	5.7000000000000001E-8
AT3G15670	LEA29	3	5309886	5310988	-	370	26.4648	765	60.718499999999999	3	0.14793500000000001	1	6.2858399999999995E-2	9.1138380360000006	4.3100000000000001E-29	1.4800000000000001E-27
AT5G12020	HSP17.6	5	3882231	3883111	-	1549	110.795	1225	97.228899999999996	6	0.29586899999999999	4	0.25143399999999999	9.0266870590000003	6.1599999999999994E-70	8.8000000000000001E-68
AT5G58080	ARR18	5	23501605	23504169	-	63	4.50617	37	2.9367100000000002	0	0	0	0	8.9726464000000004	1.5799999999999999E-8	1.35E-7
AT5G62360		5	25040540	25041504	+	289	20.671199999999999	478	37.939100000000003	2	9.8623000000000002E-2	1	6.2858399999999995E-2	8.9480781559999993	6.2800000000000001E-23	1.5799999999999999E-21
AT4G36950	MAPKKK21	4	17422538	17423953	-	970	69.380700000000004	973	77.227500000000006	3	0.14793500000000001	5	0.31429200000000002	8.8398202870000002	4.3999999999999999E-55	3.9600000000000001E-53
AT5G07165		5	2221795	2222603	+	33	2.3603700000000001	55	4.36538	0	0	0	0	8.8386544520000001	3.8899999999999998E-8	3.2000000000000001E-7
AT5G52050	DTX50	5	21138703	21140876	+	1335	95.487899999999996	2405	190.886	8	0.39449200000000001	8	0.50286699999999995	8.8160550640000004	2.4900000000000001E-76	4.46E-74
AT1G56600	GOLS2	1	21207537	21209635	+	773	55.29	883	70.084199999999996	3	0.14793500000000001	4	0.25143399999999999	8.8104039889999992	5.5600000000000002E-48	4.0300000000000003E-46
AT3G49520		3	18359584	18360750	+	46	3.2902200000000001	41	3.2541899999999999	0	0	0	0	8.7919040190000004	3.77E-8	3.1100000000000002E-7
AT1G09157		1	2951635	2952490	-	47	3.3617499999999998	40	3.17482	0	0	0	0	8.7896387300000001	3.8199999999999998E-8	3.1399999999999998E-7
AT3G49540		3	18365678	18366666	+	23	1.6451100000000001	60	4.7622299999999997	0	0	0	0	8.7737479720000007	8.4100000000000005E-8	6.61E-7
AT2G42560		2	17714638	17716912	-	56	4.0054800000000004	31	2.4604900000000001	0	0	0	0	8.7689951789999991	4.88E-8	3.96E-7
AT3G46090	ZAT7	3	16925881	16926883	-	41	2.9325899999999998	44	3.4923000000000002	0	0	0	0	8.7674668990000004	4.4400000000000001E-8	3.6199999999999999E-7
AT1G32560	LEA6	1	11774484	11775442	+	131	9.3699700000000004	102	8.0958000000000006	0	0	1	6.2858399999999995E-2	8.7643541539999994	2.5500000000000001E-9	2.3899999999999999E-8
AT2G26380		2	11226488	11228123	-	1415	101.21	1113	88.339399999999998	7	0.34518100000000002	4	0.25143399999999999	8.7565591230000006	1.8399999999999999E-70	2.6500000000000002E-68
AT1G71450	ERF021	1	26927012	26928056	+	47	3.3617499999999998	38	3.0160800000000001	0	0	0	0	8.7535771049999997	4.66E-8	3.7899999999999999E-7
AT2G26160		2	11137978	11139451	-	52	3.7193800000000001	32	2.53986	0	0	0	0	8.7233446729999997	5.8999999999999999E-8	4.7399999999999998E-7
AT1G30135	TIFY5A	1	10596352	10597341	+	480	34.332700000000003	616	48.892299999999999	2	9.8623000000000002E-2	3	0.18857499999999999	8.7057021110000008	1.5599999999999999E-34	6.8000000000000001E-33
AT5G09610	APUM21	5	2980865	2982819	+	45	3.2186900000000001	37	2.9367100000000002	0	0	0	0	8.7025605529999996	6.1200000000000005E-8	4.8999999999999997E-7
AT4G29285	LCR24	4	14431526	14432290	+	55	3.9339599999999999	28	2.2223799999999998	0	0	0	0	8.6972452350000005	7.5300000000000006E-8	5.9599999999999999E-7
AT2G38240	ANS	2	16012535	16014991	-	4253	304.202	6475	513.92399999999998	29	1.4300299999999999	21	1.32003	8.6928873640000006	6.68E-146	7.1899999999999996E-143
AT5G62520	SRO5	5	25097944	25099907	+	11110	794.66	9686	768.78300000000002	47	2.3176399999999999	48	3.0171999999999999	8.6790965270000004	4.02720042752099E-268	9.0998620860264298E-264
AT1G30455		1	10769722	10770775	+	45	3.2186900000000001	35	2.7779699999999998	0	0	0	0	8.6642258250000008	7.5600000000000002E-8	5.9800000000000003E-7
AT3G53280	CYP71B5	3	19755689	19757613	+	118	8.4401299999999999	97	7.6989400000000003	0	0	1	6.2858399999999995E-2	8.6508126749999992	4.4999999999999998E-9	4.1299999999999999E-8
AT5G21960	ERF016	5	7258037	7259568	-	35	2.5034299999999998	43	3.4129299999999998	0	0	0	0	8.6500684010000004	8.7499999999999996E-8	6.8599999999999998E-7
AT4G34470	ASK12	4	16480008	16480616	-	53	3.7909099999999998	27	2.1429999999999998	0	0	0	0	8.6441748510000007	9.9699999999999999E-8	7.7499999999999999E-7
AT5G05220		5	1550251	1551022	+	206	14.734500000000001	216	17.143999999999998	0	0	2	0.125717	8.6344050219999993	1.26E-15	2.0199999999999998E-14
AT4G01535		4	669339	669830	+	30	2.1457999999999999	45	3.5716700000000001	0	0	0	0	8.6030465320000005	1.2499999999999999E-7	9.5900000000000005E-7
AT2G36780	UGT73C3	2	15417364	15419391	-	65	4.6492199999999997	135	10.715	0	0	1	6.2858399999999995E-2	8.5897259859999995	1.09E-8	9.5500000000000002E-8
AT3G08750		3	2656716	2657825	-	53	3.7909099999999998	24	1.90489	0	0	0	0	8.5837586609999992	1.48E-7	1.1200000000000001E-6
AT1G44090	GA20OX5	1	16760616	16762486	-	83	5.9367000000000001	114	9.0482399999999998	0	0	1	6.2858399999999995E-2	8.5493368249999993	8.9500000000000007E-9	7.9500000000000004E-8
AT1G07476		1	2295553	2296497	+	41	2.9325899999999998	32	2.53986	0	0	0	0	8.5322943579999997	1.5300000000000001E-7	1.1599999999999999E-6
AT2G34030		2	14375086	14377398	-	37	2.6464799999999999	35	2.7779699999999998	0	0	0	0	8.5218009759999997	1.61E-7	1.2100000000000001E-6
AT1G70400		1	26531399	26533460	-	34	2.4319000000000002	37	2.9367100000000002	0	0	0	0	8.5084904469999998	1.7800000000000001E-7	1.33E-6
AT5G03204		5	762044	762507	-	36	2.5749499999999999	35	2.7779699999999998	0	0	0	0	8.5029667409999998	1.79E-7	1.3400000000000001E-6
AT4G25490	DREB1B	4	13021780	13022996	-	270	19.312200000000001	297	23.5731	2	9.8623000000000002E-2	1	6.2858399999999995E-2	8.4909735909999995	2.96E-21	6.8099999999999998E-20
AT5G12030	HSP17.7	5	3883957	3884838	-	3372	241.18700000000001	2619	207.87100000000001	12	0.59173799999999999	19	1.19431	8.4880467880000001	9.6099999999999995E-138	8.3499999999999998E-135
AT2G27270		2	11672271	11673208	+	29	2.0742699999999998	40	3.17482	0	0	0	0	8.4787451530000002	2.28E-7	1.68E-6
AT4G38590	BGAL14	4	18036056	18040928	+	31	2.21732	37	2.9367100000000002	0	0	0	0	8.4507061219999997	2.48E-7	1.81E-6
AT5G52000	IMPA8	5	21118946	21121119	-	47	3.3617499999999998	22	1.7461500000000001	0	0	0	0	8.4270018310000001	3.27E-7	2.3499999999999999E-6
AT1G02190		1	415074	418027	+	42	3.0041099999999998	26	2.0636299999999999	0	0	0	0	8.4187978159999997	2.96E-7	2.1399999999999998E-6
AT1G27080	NPF2.12	1	9400326	9403905	+	45	3.2186900000000001	23	1.82552	0	0	0	0	8.4099000709999991	3.39E-7	2.43E-6
AT1G19210	ERF017	1	6626794	6627688	-	460	32.902200000000001	426	33.811900000000001	5	0.246558	0	0	8.3994802269999997	2.62E-32	1.0300000000000001E-30
AT5G08030		5	2575025	2576819	-	28	2.0027400000000002	35	2.7779699999999998	0	0	0	0	8.3427529790000001	4.4299999999999998E-7	3.1300000000000001E-6
AT4G00540	MYB3R2	4	234597	237582	-	26	1.8596900000000001	35	2.7779699999999998	0	0	0	0	8.2997706709999992	5.7199999999999999E-7	3.9700000000000001E-6
AT1G53540	HSP17.6C	1	19980299	19981199	+	2504	179.102	1838	145.88300000000001	15	0.73967300000000002	11	0.691442	8.2905986499999997	1.1199999999999999E-117	6.8699999999999998E-115
AT5G05070	PAT03	5	1496709	1498544	+	22	1.57358	37	2.9367100000000002	0	0	0	0	8.2621246849999999	7.8299999999999996E-7	5.3299999999999998E-6
AT2G28500	LBD11	2	12186274	12188293	-	43	3.0756399999999999	113	8.9688700000000008	1	4.9311500000000001E-2	0	0	8.2523834669999996	7.5100000000000004E-8	5.9500000000000002E-7
AT4G33467		4	16101460	16102220	-	828	59.223999999999997	1196	94.927199999999999	9	0.44380399999999998	4	0.25143399999999999	8.2325332160000002	7.15E-62	7.9200000000000005E-60
AT2G31210	BHLH91	2	13296143	13298277	+	32	2.2888500000000001	26	2.0636299999999999	0	0	0	0	8.2024131219999994	8.5700000000000001E-7	5.8100000000000003E-6
AT3G22830	HSFA6B	3	8078789	8081059	+	2704	193.40799999999999	2664	211.44300000000001	25	1.2327900000000001	10	0.62858400000000003	8.1971134590000005	9.3299999999999994E-134	7.5300000000000001E-131
AT2G02010	GAD4	2	474108	476997	-	446	31.9008	625	49.6066	4	0.197246	3	0.18857499999999999	8.1969819089999998	6.5400000000000006E-39	3.4600000000000002E-37
AT5G45520		5	18449476	18453683	-	40	2.8610600000000002	17	1.3492999999999999	0	0	0	0	8.1472021310000002	1.4500000000000001E-6	9.5100000000000004E-6
AT1G14250	APY5	1	4868346	4871488	+	35	2.5034299999999998	21	1.6667799999999999	0	0	0	0	8.1372375819999991	1.28E-6	8.4800000000000001E-6
AT1G76960		1	28920317	28920976	-	19	1.359	34	2.6985999999999999	0	0	0	0	8.1101891130000006	1.75E-6	1.13E-5
AT1G59865		1	22032313	22033297	-	528	37.765999999999998	228	18.096499999999999	1	4.9311500000000001E-2	4	0.25143399999999999	8.1036888670000007	9.0799999999999992E-28	2.9600000000000002E-26
AT4G36490	SFH12	4	17221885	17225088	+	33	2.3603700000000001	21	1.6667799999999999	0	0	0	0	8.0875500519999992	1.6199999999999999E-6	1.0499999999999999E-5
AT1G30060		1	10545087	10545906	-	34	2.4319000000000002	19	1.50804	0	0	0	0	8.054495502	1.9999999999999999E-6	1.2799999999999999E-5
AT5G35945		5	14093675	14094286	+	37	2.6464799999999999	15	1.1905600000000001	0	0	0	0	8.0127687099999996	2.9000000000000002E-6	1.8099999999999999E-5
AT3G16600		3	5652839	5655670	-	39	2.7895300000000001	13	1.03182	0	0	0	0	8.004782316	3.4400000000000001E-6	2.12E-5
AT1G80590	WRKY66	1	30296166	30297224	-	27	1.9312199999999999	23	1.82552	0	0	0	0	7.9905971190000002	2.52E-6	1.59E-5
AT3G52080	CHX28	3	19314966	19317988	+	26	1.8596900000000001	23	1.82552	0	0	0	0	7.9632955179999998	2.8899999999999999E-6	1.8099999999999999E-5
AT5G11820		5	3810649	3811280	-	29	2.0742699999999998	20	1.58741	0	0	0	0	7.9512132260000001	3.1499999999999999E-6	1.95E-5
AT2G44070		2	18230865	18232630	-	31	2.21732	18	1.4286700000000001	0	0	0	0	7.943071743	3.4400000000000001E-6	2.12E-5
AT4G25200	HSP23.6	4	12916926	12918110	+	326	23.317599999999999	197	15.635999999999999	2	9.8623000000000002E-2	2	0.125717	7.9248931059999999	4.9199999999999999E-23	1.2499999999999999E-21
AT1G74930	ERF018	1	28143851	28145058	+	1575	112.654	1727	137.07300000000001	18	0.88760700000000003	9	0.56572500000000003	7.8704229440000004	4.63E-102	1.61E-99
AT4G14530		4	8343239	8344199	-	34	2.4319000000000002	13	1.03182	0	0	0	0	7.864505104	6.1800000000000001E-6	3.65E-5
AT2G01008		2	1025	3173	+	1619	115.801	874	69.369900000000001	12	0.59173799999999999	8	0.50286699999999995	7.8551538030000003	1.6300000000000001E-76	2.9600000000000002E-74
AT3G15870	ADS3.2	3	5362888	5364544	+	51	3.64785	70	5.5559399999999997	0	0	1	6.2858399999999995E-2	7.8437485259999997	2.6800000000000002E-7	1.95E-6
AT5G27010		5	9503315	9507569	-	24	1.7166399999999999	21	1.6667799999999999	0	0	0	0	7.8399037710000004	5.3399999999999997E-6	3.18E-5
AT1G73190	TIP3-1	1	27521944	27523332	+	33	2.3603700000000001	13	1.03182	0	0	0	0	7.834725808	6.9999999999999999E-6	4.1E-5
AT5G26220	GGCT2;1	5	9162969	9164884	-	76	5.4360099999999996	715	56.749899999999997	4	0.197246	3	0.18857499999999999	7.8308331600000001	3.6800000000000001E-7	2.6199999999999999E-6
AT2G29470	GSTU3	2	12628422	12629640	-	158	11.3012	316	25.081099999999999	1	4.9311500000000001E-2	3	0.18857499999999999	7.8297540650000004	7.6199999999999993E-21	1.72E-19
AT5G45180	FMO2	5	18274179	18276586	-	24	1.7166399999999999	20	1.58741	0	0	0	0	7.8050996829999999	6.3400000000000003E-6	3.7400000000000001E-5
AT5G16740	AVT1H	5	5501044	5502856	-	32	2.2888500000000001	13	1.03182	0	0	0	0	7.8043155549999996	7.96E-6	4.6100000000000002E-5
AT1G78995		1	29715072	29716255	-	25	1.78816	19	1.50804	0	0	0	0	7.8006205140000002	6.5300000000000002E-6	3.8399999999999998E-5
AT5G66020	SAC6	5	26401193	26404725	-	82	5.86517	39	3.09545	0	0	1	6.2858399999999995E-2	7.7921908909999997	3.7099999999999997E-7	2.65E-6
AT1G22810	ERF019	1	8074231	8075037	-	755	54.002499999999998	518	41.113900000000001	8	0.39449200000000001	3	0.18857499999999999	7.7655847360000001	1.87E-51	1.52E-49
AT1G70110	LECRK51	1	26406238	26408343	-	26	1.8596900000000001	17	1.3492999999999999	0	0	0	0	7.7602273359999998	8.1599999999999998E-6	4.71E-5
AT1G47510	IP5P11	1	17435525	17438490	-	3840	274.66199999999998	4796	380.661	40	1.9724600000000001	36	2.2629000000000001	7.7569902239999999	1.59E-158	2.5699999999999999E-155
AT1G79400	CHX2	1	29864992	29867840	+	27	1.9312199999999999	16	1.26993	0	0	0	0	7.7555882719999998	8.5699999999999993E-6	4.9299999999999999E-5
AT2G46995		2	19309394	19309673	-	22	1.57358	20	1.58741	0	0	0	0	7.7422366389999997	8.6200000000000005E-6	4.9499999999999997E-5
AT5G10340		5	3253122	3255045	+	161	11.5158	71	5.6353099999999996	1	4.9311500000000001E-2	1	6.2858399999999995E-2	7.7378322749999997	8.7899999999999995E-12	1.06E-10
AT2G26150	HSFA2	2	11135624	11137792	+	3624	259.21199999999999	1822	144.613	24	1.1834800000000001	23	1.44574	7.735540716	6.4400000000000001E-113	3.3100000000000003E-110
AT4G28140	ERF054	4	13974493	13975919	-	376	26.893999999999998	402	31.907	5	0.246558	2	0.125717	7.7277286040000002	3.4699999999999998E-35	1.56E-33
AT5G08695		5	2829193	2834695	+	21	1.50206	20	1.58741	0	0	0	0	7.7097471210000004	1.01E-5	5.7399999999999999E-5
AT3G41762		3	14195447	14196865	-	4198	300.26799999999997	2102	166.83699999999999	28	1.3807199999999999	28	1.76003	7.6903381599999996	4.47E-119	2.9700000000000001E-116
AT3G55970	JRG21	3	20766735	20769410	-	1355	96.918400000000005	2118	168.107	9	0.44380399999999998	22	1.3828800000000001	7.6829927429999998	7.6999999999999998E-21	1.7299999999999999E-19
AT2G22760	BHLH19	2	9677844	9679502	+	799	57.149700000000003	607	48.177900000000001	13	0.64105000000000001	1	6.2858399999999995E-2	7.6572500090000002	7.9799999999999998E-11	8.7699999999999997E-10
AT5G07880	SNAP29	5	2515219	2517066	-	503	35.977800000000002	250	19.842600000000001	5	0.246558	2	0.125717	7.6438687229999998	3.5200000000000001E-32	1.3800000000000001E-30
AT1G18830	SEC31A	1	6489233	6494634	+	336	24.032900000000001	294	23.334900000000001	4	0.197246	2	0.125717	7.6330571970000003	2.3700000000000001E-30	8.5499999999999999E-29
AT3G44180		3	15900795	15901716	+	14	1.0013700000000001	24	1.90489	0	0	0	0	7.6281581809999999	1.7499999999999998E-5	9.5299999999999999E-5
AT3G06490	MYB108	3	2003393	2006727	+	215	15.3782	386	30.637	3	0.14793500000000001	3	0.18857499999999999	7.593834449	4.2399999999999999E-27	1.3400000000000001E-25
AT1G76650	CML38	1	28766750	28768138	-	3473	248.41200000000001	3218	255.41399999999999	25	1.2327900000000001	40	2.5143399999999998	7.5777575319999997	1.68E-147	1.9999999999999999E-144
AT5G47130		5	19138840	19142284	+	24	1.7166399999999999	14	1.1111899999999999	0	0	0	0	7.5765248679999999	2.02E-5	1.0924700000000001E-4
AT3G04660		3	1264724	1265966	+	25	1.78816	13	1.03182	0	0	0	0	7.5712424599999997	2.1500000000000001E-5	1.1561300000000001E-4
AT5G65100	EIL5	5	26006835	26008535	-	133	9.5130300000000005	69	5.4765699999999997	2	9.8623000000000002E-2	0	0	7.5624468269999996	3.67E-11	4.1600000000000001E-10
AT3G48510		3	17967354	17968590	-	51	3.64785	48	3.80979	1	4.9311500000000001E-2	0	0	7.5485212119999998	9.9800000000000002E-7	6.72E-6
AT3G11020	DREB2B	3	3455355	3457342	+	727	51.9998	446	35.399299999999997	10	0.49311500000000003	2	0.125717	7.5252042919999997	1.16E-48	8.5100000000000004E-47
AT5G59230		5	23901520	23902481	+	33	2.3603700000000001	62	4.9209699999999996	1	4.9311500000000001E-2	0	0	7.5229200199999999	1.5400000000000001E-6	1.0000000000000001E-5
AT1G76640	CML39	1	28765254	28765866	-	1303	93.198999999999998	1046	83.021600000000007	11	0.54242699999999999	13	0.81715899999999997	7.5154561769999999	3.6500000000000003E-89	9.5799999999999998E-87
AT3G25760	AOC1	3	9403779	9405338	+	386	27.609200000000001	561	44.526899999999998	6	0.29586899999999999	4	0.25143399999999999	7.5087690450000002	4.53E-41	2.6E-39
AT5G49200	ZFWD4	5	19947689	19949175	-	34	2.4319000000000002	61	4.8415999999999997	0	0	1	6.2858399999999995E-2	7.5051778149999997	1.5E-6	9.8400000000000007E-6
AT1G09950	RAS1	1	3240531	3241863	-	762	54.5032	854	67.782499999999999	16	0.78898400000000002	2	0.125717	7.50479597	1.6900000000000001E-13	2.3199999999999998E-12
AT3G46230	HSP17.4A	3	16984118	16984867	-	3216	230.029	2244	178.108	13	0.64105000000000001	41	2.5771899999999999	7.4718608409999998	3.9900000000000001E-19	8.0499999999999995E-18
AT1G03982	RIC8	1	1022251	1023719	-	20	1.4305300000000001	15	1.1905600000000001	0	0	0	0	7.4698334749999997	3.1699999999999998E-5	1.6480600000000001E-4
AT1G52690	LEA7	1	19619724	19621534	+	504	36.049399999999999	688	54.606900000000003	7	0.34518100000000002	6	0.37714999999999999	7.4551121299999998	3.5999999999999998E-50	2.7900000000000001E-48
AT5G13220	JAZ10	5	4218786	4221077	+	2919	208.786	2594	205.887	29	1.4300299999999999	30	1.88575	7.4533347220000001	1.17E-153	1.6600000000000001E-150
AT3G25240		3	9192493	9193615	+	47	3.3617499999999998	46	3.6510500000000001	0	0	1	6.2858399999999995E-2	7.4461867909999997	1.5099999999999999E-6	9.8700000000000004E-6
AT3G53600		3	19875375	19876177	+	1650	118.01900000000001	1563	124.056	20	0.98623000000000005	15	0.94287600000000005	7.4406875819999998	1.9600000000000001E-112	9.8499999999999996E-110
AT5G05410	DREB2A	5	1602205	1604112	+	20452	1462.86	15504	1230.56	188	9.2705699999999993	202	12.6974	7.4140124209999998	7.1047555251804103E-242	8.0300000000000002E-238
AT4G18540		4	10221106	10223076	-	15	1.0729	18	1.4286700000000001	0	0	0	0	7.4078400039999996	4.3099999999999997E-5	2.18784E-4
AT3G60920		3	22503328	22513244	-	19	1.359	14	1.1111899999999999	0	0	0	0	7.384090058	4.71E-5	2.3721500000000001E-4
AT2G20970		2	9009867	9011067	+	53	3.7909099999999998	36	2.8573400000000002	1	4.9311500000000001E-2	0	0	7.3796573949999997	2.2299999999999998E-6	1.42E-5
AT2G20625		2	8896154	8897218	-	161	11.5158	177	14.0486	4	0.197246	0	0	7.3452082650000001	7.4199999999999998E-19	1.47E-17
AT1G76530	PILS4	1	28718069	28720371	+	18	1.28748	14	1.1111899999999999	0	0	0	0	7.3423123270000001	5.66E-5	2.8111899999999998E-4
AT2G47950		2	19624022	19624922	+	114	8.1540199999999992	140	11.1119	2	9.8623000000000002E-2	1	6.2858399999999995E-2	7.3393573759999997	7.28E-15	1.1E-13
AT3G02840		3	618398	619686	+	792	56.649000000000001	599	47.542999999999999	4	0.197246	12	0.754301	7.3269517530000003	2.2899999999999999E-59	2.33E-57
AT4G36350	PAP25	4	17173737	17175857	-	14	1.0013700000000001	17	1.3492999999999999	0	0	0	0	7.3182102100000002	6.4800000000000003E-5	3.1809200000000002E-4
AT5G59280	APUM16	5	23914069	23915139	-	46	3.2902200000000001	39	3.09545	0	0	1	6.2858399999999995E-2	7.308714546	2.79E-6	1.7499999999999998E-5
AT5G64210	AOX2	5	25683770	25685731	-	51	3.64785	32	2.53986	1	4.9311500000000001E-2	0	0	7.2756138469999998	3.6500000000000002E-6	2.23E-5
AT5G24820		5	8523390	8525356	+	15	1.0729	15	1.1905600000000001	0	0	0	0	7.2614660180000001	8.1299999999999997E-5	3.90145E-4
AT1G15520	ABCG40	1	5331858	5338326	-	4075	291.471	4462	354.15100000000001	52	2.5642	53	3.3314900000000001	7.2609697969999996	1.7600000000000001E-168	3.99E-165
AT5G60780	NRT2.3	5	24450745	24452964	+	16	1.14442	14	1.1111899999999999	0	0	0	0	7.2549385529999997	8.3300000000000005E-5	3.9836199999999998E-4
AT5G55720		5	22555995	22557725	+	17	1.2159500000000001	13	1.03182	0	0	0	0	7.248381534	8.6199999999999995E-5	4.11574E-4
AT2G27505		2	11756566	11757898	+	111	7.9394400000000003	201	15.9535	2	9.8623000000000002E-2	2	0.125717	7.2329524520000001	2.0999999999999999E-17	3.7799999999999998E-16
AT1G70760	ndhL	1	26687202	26688384	+	43	3.0756399999999999	35	2.7779699999999998	1	4.9311500000000001E-2	0	0	7.1986470430000002	4.8899999999999998E-6	2.94E-5
AT3G62850		3	23237487	23239155	-	52	3.7193800000000001	28	2.2223799999999998	0	0	1	6.2858399999999995E-2	7.1985197589999999	5.0799999999999996E-6	3.04E-5
AT5G67310	CYP81G1	5	26855216	26857086	-	230	16.4511	85	6.7465000000000002	3	0.14793500000000001	1	6.2858399999999995E-2	7.1837481409999997	1.1799999999999999E-16	2.04E-15
AT1G60720		1	22356860	22357941	+	14	1.0013700000000001	14	1.1111899999999999	0	0	0	0	7.1619291389999997	1.2576300000000001E-4	5.7938900000000003E-4
AT5G52760	HIPP14	5	21386727	21387714	+	29	2.0742699999999998	43	3.4129299999999998	1	4.9311500000000001E-2	0	0	7.1129165329999999	8.1300000000000001E-6	4.6999999999999997E-5
AT2G02340	PP2B8	2	616088	617322	-	14	1.0013700000000001	13	1.03182	0	0	0	0	7.105838576	1.5953899999999999E-4	7.1926100000000001E-4
AT2G38690		2	16176631	16177754	-	14	1.0013700000000001	13	1.03182	0	0	0	0	7.105838576	1.5953899999999999E-4	7.1926100000000001E-4
AT1G18310		1	6301200	6303956	-	41	2.9325899999999998	33	2.6192299999999999	0	0	1	6.2858399999999995E-2	7.1050812329999999	6.9199999999999998E-6	4.0500000000000002E-5
AT2G02990	RNS1	2	873506	874886	+	185	13.2324	724	57.464300000000001	11	0.54242699999999999	3	0.18857499999999999	7.0679239479999998	9.1100000000000002E-9	8.0799999999999996E-8
AT1G80840	WRKY40	1	30383561	30385499	+	8328	595.673	6424	509.87599999999998	96	4.7339099999999998	111	6.9772800000000004	7.0418911849999999	4.7099999999999997E-191	1.5199999999999999E-187
AT1G78840		1	29639290	29641018	-	50	3.57633	21	1.6667799999999999	0	0	1	6.2858399999999995E-2	7.0136369639999998	1.27E-5	7.1000000000000005E-5
AT3G59030	DTX41	3	21819040	21821440	+	34	2.4319000000000002	34	2.6985999999999999	1	4.9311500000000001E-2	0	0	7.0115001570000004	1.1199999999999999E-5	6.3100000000000002E-5
AT4G13395	DVL10	4	7785428	7786161	-	305	21.8156	310	24.604900000000001	2	9.8623000000000002E-2	7	0.44000899999999998	6.9967595549999997	1.44E-33	6.0199999999999997E-32
AT1G72520	LOX4	1	27308513	27312756	+	1539	110.07899999999999	857	68.020600000000002	21	1.0355399999999999	14	0.88001700000000005	6.993737791	3.3999999999999998E-82	7.3900000000000004E-80
AT4G37770	ACS8	4	17752079	17754157	+	307	21.958600000000001	231	18.334599999999998	4	0.197246	4	0.25143399999999999	6.9754323620000003	1.22E-30	4.4599999999999998E-29
AT3G55646		3	20644843	20646688	+	68	4.8638000000000003	64	5.07972	0	0	2	0.125717	6.9391028539999997	2.3199999999999998E-9	2.18E-8
AT3G19920		3	6929649	6931825	-	146	10.4429	289	22.938099999999999	1	4.9311500000000001E-2	6	0.37714999999999999	6.879226976	1.01E-22	2.52E-21
AT1G52890	NAC019	1	19696923	19698482	-	137	9.7991299999999999	228	18.096499999999999	3	0.14793500000000001	3	0.18857499999999999	6.869744571	2.49E-21	5.7800000000000005E-20
AT3G49570	LSU3	3	18372404	18373147	-	2246	160.649	3768	299.06799999999998	59	2.9093800000000001	41	2.5771899999999999	6.8664555519999997	5.8299999999999996E-100	1.9699999999999999E-97
AT1G15580	IAA5	1	5365512	5366497	-	22	1.57358	36	2.8573400000000002	1	4.9311500000000001E-2	0	0	6.8068569290000003	3.1099999999999997E-5	1.6208300000000001E-4
AT4G22620		4	11907355	11908357	+	96	6.8665500000000002	188	14.9217	4	0.197246	1	6.2858399999999995E-2	6.7986291760000004	3.9800000000000001E-17	7.0799999999999997E-16
AT4G34440	PERK5	4	16465730	16469039	+	34	2.4319000000000002	26	2.0636299999999999	0	0	1	6.2858399999999995E-2	6.7979973769999997	2.5999999999999998E-5	1.37663E-4
AT4G01360		4	564760	566408	+	535	38.2667	593	47.066699999999997	5	0.246558	14	0.88001700000000005	6.7911883319999999	9.0799999999999997E-53	7.7500000000000005E-51
AT1G06135		1	1862184	1862742	+	131	9.3699700000000004	109	8.6513899999999992	0	0	4	0.25143399999999999	6.7899137280000001	1.08E-15	1.74E-14
AT2G39470	PNSL1	2	16476198	16477843	+	40	2.8610600000000002	20	1.58741	0	0	1	6.2858399999999995E-2	6.7773359529999997	3.15E-5	1.64065E-4
AT5G64870	FLOT3	5	25929432	25931384	-	625	44.704099999999997	483	38.335999999999999	11	0.54242699999999999	8	0.50286699999999995	6.7758206410000001	4.4999999999999997E-57	4.2699999999999997E-55
AT1G52560	HSP26.5	1	19574538	19575866	-	559	39.9833	859	68.179299999999998	13	0.64105000000000001	13	0.81715899999999997	6.7061753499999996	1.53E-57	1.4800000000000001E-55
AT1G59860	HSP17.6A	1	22031343	22032250	+	949	67.878699999999995	527	41.828299999999999	11	0.54242699999999999	15	0.94287600000000005	6.7033885409999998	3.9200000000000003E-61	4.2100000000000002E-59
AT3G60020	ASK5	3	22164630	22165376	-	21	1.50206	33	2.6192299999999999	1	4.9311500000000001E-2	0	0	6.7022725239999996	4.6900000000000002E-5	2.3645200000000001E-4
AT3G12510		3	3967058	3967822	+	2184	156.214	2935	232.953	51	2.5148899999999998	43	2.7029100000000001	6.7018711929999997	1.6799999999999999E-115	9.7599999999999996E-113
AT2G35700	ERF038	2	15005064	15006034	+	57	4.0770099999999996	102	8.0958000000000006	2	9.8623000000000002E-2	1	6.2858399999999995E-2	6.683572893	2.9900000000000001E-11	3.43E-10
AT5G43620	PCFS5	5	17522486	17524003	+	1708	122.167	1325	105.166	26	1.2821	30	1.88575	6.6551571139999997	9.7000000000000005E-110	4.3799999999999999E-107
AT1G80660	AHA9	1	30315964	30320197	-	129	9.2269199999999998	179	14.2073	4	0.197246	2	0.125717	6.6264627139999996	6.8399999999999996E-20	1.4599999999999999E-18
AT4G36010		4	17039063	17041326	-	6620	473.50599999999997	5602	444.63400000000001	138	6.8049900000000001	97	6.0972600000000003	6.6204951349999996	5.6299999999999999E-201	2.1199999999999999E-197
AT5G01760	TOL7	5	291687	294304	+	122	8.7262299999999993	85	6.7465000000000002	3	0.14793500000000001	1	6.2858399999999995E-2	6.6074037069999996	1.9400000000000001E-14	2.85E-13
AT5G24110	WRKY30	5	8153115	8154710	-	364	26.035699999999999	248	19.683900000000001	10	0.49311500000000003	2	0.125717	6.5957231189999996	1.0799999999999999E-34	4.7700000000000001E-33
AT1G61340		1	22628264	22630020	+	2440	174.52500000000001	3061	242.953	53	2.6135100000000002	55	3.4572099999999999	6.5914334999999999	8.9800000000000002E-121	6.3400000000000002E-118
AT1G09080	MED37B	1	2929217	2931850	-	117	8.3686000000000007	92	7.3020899999999997	0	0	4	0.25143399999999999	6.5844914289999998	2.19E-14	3.21E-13
AT2G17660		2	7673145	7673712	+	213	15.235099999999999	140	11.1119	3	0.14793500000000001	4	0.25143399999999999	6.5484882019999997	1.05E-22	2.6100000000000001E-21
AT1G48405		1	17884645	17885614	-	119	8.5116499999999995	76	6.0321600000000002	3	0.14793500000000001	1	6.2858399999999995E-2	6.5176829229999997	8.0799999999999994E-14	1.13E-12
AT5G19110		5	6411443	6413311	-	11551	826.20299999999997	9177	728.38400000000001	251	12.3772	177	11.1259	6.5151832479999996	2.2500000000000001E-215	1.7E-211
AT3G28210	SAP12	3	10520443	10521796	+	3720	266.07900000000001	5250	416.69499999999999	79	3.89561	106	6.6629899999999997	6.5070605879999999	1.3100000000000001E-105	5.3700000000000002E-103
AT5G57560	XTH22	5	23307006	23308680	-	2143	153.28100000000001	2554	202.71199999999999	53	2.6135100000000002	47	2.9543400000000002	6.4798819999999999	2.5600000000000002E-121	1.86E-118
AT1G16030	HSP70-5	1	5501966	5504535	-	5381	384.88400000000001	4453	353.43700000000001	131	6.4598100000000001	79	4.9658100000000003	6.4761564570000001	1.9299999999999999E-172	4.8499999999999998E-169
AT1G07135		1	2189877	2190784	-	943	67.4495	887	70.401700000000005	22	1.0848500000000001	17	1.0685899999999999	6.4714984800000002	2.35E-84	5.4300000000000004E-82
AT2G21130	CYP19-2	2	9055398	9056481	-	1352	96.703800000000001	1489	118.18300000000001	33	1.6272800000000001	29	1.8228899999999999	6.4412454459999999	1.1299999999999999E-102	4.13E-100
AT2G46400	WRKY46	2	19043411	19044955	-	891	63.7301	934	74.132099999999994	23	1.1341600000000001	17	1.0685899999999999	6.4380441340000001	8.9100000000000005E-82	1.9000000000000001E-79
AT5G45530		5	18454188	18457303	-	20	1.4305300000000001	25	1.9842599999999999	1	4.9311500000000001E-2	0	0	6.4294585279999996	1.2993100000000001E-4	5.9721899999999996E-4
AT2G30130	LBD12	2	12868461	12870045	+	6421	459.27199999999999	7452	591.46900000000005	156	7.6925999999999997	151	9.4916199999999993	6.4153913380000001	3.9900000000000001E-159	6.9299999999999999E-156
AT1G75600		1	28390665	28391585	+	314	22.459299999999999	450	35.716700000000003	7	0.34518100000000002	10	0.62858400000000003	6.4151253969999997	5.8999999999999997E-40	3.2700000000000002E-38
AT3G01500	BCA1	3	194426	198664	-	196	14.0192	163	12.9374	6	0.29586899999999999	2	0.125717	6.4128369999999997	6.3100000000000001E-24	1.6800000000000001E-22
AT3G14950	TTL2	3	5029987	5033102	-	33	2.3603700000000001	13	1.03182	1	4.9311500000000001E-2	0	0	6.4078041069999996	1.6279399999999999E-4	7.3291399999999998E-4
AT1G07850		1	2426705	2429225	+	19	1.359	26	2.0636299999999999	0	0	1	6.2858399999999995E-2	6.4076295620000003	1.3356699999999999E-4	6.1230900000000001E-4
ATMG00140	ORF167	Mt	34599	35102	+	18	1.28748	66	5.2384599999999999	2	9.8623000000000002E-2	0	0	6.403192539	1.0100000000000001E-6	6.7900000000000002E-6
AT5G57260	CYP71B10	5	23198589	23200318	-	108	7.7248599999999996	110	8.7307600000000001	5	0.246558	0	0	6.3976169839999999	1.94E-15	3.0599999999999997E-14
AT2G40180	PP2C5	2	16782366	16784147	+	413	29.540400000000002	303	24.049299999999999	6	0.29586899999999999	10	0.62858400000000003	6.3740274079999999	2.4600000000000001E-41	1.44E-39
AT5G49520	WRKY48	5	20090648	20093346	+	1312	93.842799999999997	1526	121.119	16	0.78898400000000002	46	2.8914900000000001	6.3596741449999996	4.4299999999999998E-14	6.3400000000000002E-13
AT3G48460		3	17949416	17951250	+	92	6.5804400000000003	158	12.5405	4	0.197246	2	0.125717	6.3371366069999997	6.78E-17	1.19E-15
AT4G25470	DREB1C	4	13015250	13016235	-	292	20.8857	262	20.795100000000001	8	0.39449200000000001	5	0.31429200000000002	6.3336744530000004	5.1700000000000005E-35	2.3099999999999998E-33
AT5G03720	HSFA3	5	971142	974326	-	275	19.669799999999999	303	24.049299999999999	11	0.54242699999999999	3	0.18857499999999999	6.3139469579999998	1.1799999999999999E-34	5.1699999999999999E-33
AT1G15010		1	5171181	5171956	+	868	62.085000000000001	896	71.116	19	0.93691899999999995	23	1.44574	6.3024923499999996	1.8699999999999999E-78	3.7000000000000001E-76
AT4G27654		4	13811612	13812126	+	191	13.6616	144	11.429399999999999	5	0.246558	3	0.18857499999999999	6.2999542010000003	6.4799999999999999E-23	1.6299999999999999E-21
AT4G31805	POLAR	4	15385280	15387097	+	23	1.6451100000000001	19	1.50804	0	0	1	6.2858399999999995E-2	6.282911693	2.0375600000000001E-4	9.0063899999999995E-4
AT1G07400	HSP17.8	1	2274926	2275783	+	1544	110.437	1517	120.405	42	2.0710799999999998	33	2.0743299999999998	6.2723012899999997	2.5999999999999999E-112	1.2800000000000001E-109
AT3G02480		3	512220	513036	+	522	37.336799999999997	1070	84.926500000000004	20	0.98623000000000005	20	1.2571699999999999	6.2626431030000003	2.4E-50	1.89E-48
AT1G64710		1	24044686	24046621	+	27	1.9312199999999999	14	1.1111899999999999	1	4.9311500000000001E-2	0	0	6.2542139490000004	2.6487599999999999E-4	1.1419850000000001E-3
AT1G31290	AGO3	1	11188120	11192585	+	182	13.017799999999999	143	11.35	3	0.14793500000000001	5	0.31429200000000002	6.240611232	2.02E-22	4.9199999999999999E-21
AT4G18170	WRKY28	4	10061214	10062893	+	232	16.594200000000001	477	37.8598	7	0.34518100000000002	11	0.691442	6.2349751490000003	1.16E-32	4.6800000000000002E-31
AT1G02980	CUL2	1	677360	681378	+	141	10.0852	98	7.7783100000000003	4	0.197246	2	0.125717	6.226707846	3.0399999999999998E-17	5.4399999999999996E-16
AT5G16960		5	5573700	5575910	-	36	2.5749499999999999	117	9.2863500000000005	1	4.9311500000000001E-2	3	0.18857499999999999	6.2035022680000003	1.43E-10	1.5300000000000001E-9
AT2G29450	GSTU5	2	12624403	12625790	-	18716	1338.69	23914	1898.07	681	33.581099999999999	440	27.657699999999998	6.1999116570000004	1.05E-146	1.1799999999999999E-143
AT5G03210		5	762604	763480	-	737	52.715000000000003	861	68.337999999999994	29	1.4300299999999999	13	0.81715899999999997	6.1981427819999997	1.63E-68	2.22E-66
AT1G35730	APUM9	1	13227137	13229931	-	81	5.7936500000000004	69	5.4765699999999997	3	0.14793500000000001	1	6.2858399999999995E-2	6.154796921	6.8299999999999998E-12	8.2800000000000001E-11
AT4G12005		4	7196364	7197226	+	98	7.0095999999999998	119	9.4451000000000001	5	0.246558	1	6.2858399999999995E-2	6.1284253179999997	6.13E-16	1.0099999999999999E-14
AT1G20120		1	6975339	6977267	+	72	5.1499100000000002	38	3.0160800000000001	3	0.14793500000000001	0	0	6.1184434899999998	8.0299999999999998E-9	7.1600000000000006E-8
AT1G52270		1	19463675	19464434	-	50	3.57633	125	9.9213199999999997	4	0.197246	1	6.2858399999999995E-2	6.1161871249999997	3.1899999999999999E-12	3.9700000000000002E-11
AT1G16380	CHX1	1	5598411	5601367	-	46	3.2902200000000001	30	2.3811200000000001	0	0	2	0.125717	6.1118114429999997	1.0300000000000001E-6	6.9299999999999997E-6
AT3G46080	ZAT8	3	16922514	16923299	-	285	20.385100000000001	222	17.6203	5	0.246558	9	0.56572500000000003	6.0696023920000002	2.01E-32	8.0099999999999992E-31
AT2G20880	ERF053	2	8985959	8987302	+	811	58.008000000000003	900	71.433499999999995	24	1.1834800000000001	25	1.5714600000000001	6.0436023470000002	2.0200000000000001E-75	3.4299999999999999E-73
AT2G44460	BGLU28	2	18346306	18350026	+	52	3.7193800000000001	324	25.716100000000001	4	0.197246	7	0.44000899999999998	6.0418964019999999	1.17E-5	6.58E-5
AT3G48520	CYP94B3	3	17974853	17976774	-	3879	277.45100000000002	5750	456.38099999999997	174	8.5801999999999996	110	6.9144199999999998	6.041475288	3.2899999999999999E-103	1.2199999999999999E-100
AT2G19920		2	8601858	8607052	-	23	1.6451100000000001	13	1.03182	0	0	1	6.2858399999999995E-2	6.0397053610000002	5.2372499999999995E-4	2.1111559999999999E-3
AT5G11140		5	3545211	3546169	+	307	21.958600000000001	246	19.525200000000002	9	0.44380399999999998	7	0.44000899999999998	6.0218558800000004	8.2699999999999995E-36	3.85E-34
AT1G66500	PCFS1	1	24811080	24812661	-	3072	219.72900000000001	2401	190.56899999999999	85	4.1914800000000003	73	4.58866	6.0192802509999996	7.5499999999999995E-142	7.4200000000000007E-139
AT5G15480		5	5025952	5027160	-	19	1.359	15	1.1905600000000001	1	4.9311500000000001E-2	0	0	6.0050297239999999	6.17783E-4	2.4454189999999999E-3
AT5G14740	BCA2	5	4757856	4762666	+	80	5.7221200000000003	90	7.1433499999999999	2	9.8623000000000002E-2	3	0.18857499999999999	6.00293045	2.1100000000000001E-13	2.89E-12
AT5G64910		5	25940661	25944114	+	44	3.14717	56	4.44475	2	9.8623000000000002E-2	1	6.2858399999999995E-2	5.9994715540000003	1.1199999999999999E-8	9.7899999999999997E-8
AT3G22275	JAZ13	3	7878807	7879810	-	23	1.6451100000000001	41	3.2541899999999999	2	9.8623000000000002E-2	0	0	5.9815840549999999	5.1599999999999997E-6	3.0800000000000003E-5
AT3G08560	VHA-E2	3	2600091	2601907	+	16	1.14442	17	1.3492999999999999	1	4.9311500000000001E-2	0	0	5.9765559589999997	6.8743600000000004E-4	2.6939490000000002E-3
AT5G35735		5	13900695	13903218	-	10194	729.14099999999996	6446	511.62299999999999	248	12.2293	240	15.086	5.975552499	4.8100000000000002E-144	4.94E-141
AT4G29780		4	14579563	14582057	+	7169	512.774	5612	445.428	235	11.588200000000001	153	9.6173300000000008	5.9633780779999999	5.7E-166	1.1699999999999999E-162
AT5G41820	RGTA2	5	16740593	16743527	+	44	3.14717	25	1.9842599999999999	0	0	2	0.125717	5.9625757620000002	2.9399999999999998E-6	1.8300000000000001E-5
AT2G32190		2	13674255	13675356	+	2000	143.053	2563	203.42699999999999	51	2.5148899999999998	85	5.3429599999999997	5.9599904209999996	8.1000000000000005E-79	1.6499999999999999E-76
AT3G46110		3	16931991	16933909	+	49	3.5047999999999999	79	6.27027	3	0.14793500000000001	1	6.2858399999999995E-2	5.9596181540000002	2.1299999999999999E-10	2.2200000000000002E-9
AT3G08700	UBC12	3	2643144	2644775	+	154	11.0151	110	8.7307600000000001	5	0.246558	3	0.18857499999999999	5.9544419059999996	2.4899999999999998E-19	5.0799999999999999E-18
AT1G54050	HSP17.4B	1	20179357	20180566	-	1909	136.54400000000001	1269	100.721	56	2.76145	40	2.5143399999999998	5.9540861100000004	3.13E-102	1.12E-99
AT5G17860	CCX1	5	5902394	5904532	-	117	8.3686000000000007	166	13.1755	8	0.39449200000000001	1	6.2858399999999995E-2	5.9459268779999999	4.3999999999999997E-19	8.8400000000000007E-18
AT5G51420		5	20885419	20886762	-	18	1.28748	15	1.1905600000000001	0	0	1	6.2858399999999995E-2	5.9317461920000003	7.3500400000000004E-4	2.8615009999999998E-3
AT1G61120	GES	1	22523635	22528836	+	18	1.28748	14	1.1111899999999999	1	4.9311500000000001E-2	0	0	5.917383193	8.4230299999999998E-4	3.2346499999999999E-3
AT2G34930		2	14737066	14740146	-	5766	412.42200000000003	3248	257.79599999999999	167	8.2350200000000005	115	7.2287100000000004	5.8992999509999997	2.2500000000000001E-115	1.27E-112
AT3G53720	CHX20	3	19905591	19910244	-	425	30.398800000000001	391	31.033899999999999	16	0.78898400000000002	10	0.62858400000000003	5.8954774529999998	1.27E-48	9.2899999999999994E-47
AT5G44065		5	17733485	17733774	+	29	2.0742699999999998	66	5.2384599999999999	0	0	3	0.18857499999999999	5.8954008699999996	8.1199999999999999E-8	6.3900000000000004E-7
AT1G16850		1	5764807	5765798	-	1511	108.077	2107	167.23400000000001	66	3.2545600000000001	51	3.2057799999999999	5.8915648239999996	1.1E-88	2.84E-86
AT1G56060		1	20966528	20967180	-	33	2.3603700000000001	61	4.8415999999999997	0	0	3	0.18857499999999999	5.8729753149999997	6.4700000000000004E-8	5.1600000000000001E-7
AT2G01340	At17.1	2	163954	165290	+	658	47.064399999999999	712	56.511800000000001	20	0.98623000000000005	24	1.5085999999999999	5.8720890910000003	3.1999999999999999E-65	3.9799999999999998E-63
AT2G30560		2	13017347	13019000	+	14	1.0013700000000001	17	1.3492999999999999	0	0	1	6.2858399999999995E-2	5.8587420479999999	9.6583699999999999E-4	3.6409820000000001E-3
AT2G24600		2	10452034	10454593	-	253	18.0962	241	19.128299999999999	7	0.34518100000000002	9	0.56572500000000003	5.8559010440000003	9.5099999999999995E-33	3.8599999999999999E-31
AT1G07160		1	2197854	2199773	-	492	35.191000000000003	311	24.684200000000001	12	0.59173799999999999	14	0.88001700000000005	5.8357565600000001	1.3899999999999999E-44	8.9700000000000006E-43
AT2G37640	EXPA3	2	15787523	15790139	-	427	30.541799999999999	730	57.9405	34	1.67659	8	0.50286699999999995	5.8087112339999996	1.2500000000000001E-10	1.3399999999999999E-9
AT4G33280		4	16047134	16049390	-	45	3.2186900000000001	17	1.3492999999999999	0	0	2	0.125717	5.7841523090000004	1.2E-5	6.7000000000000002E-5
AT2G22860	PSK2	2	9737583	9738384	+	992	70.954300000000003	1656	131.43799999999999	50	2.4655800000000001	44	2.7657699999999998	5.7590640139999998	3.3300000000000001E-66	4.2799999999999997E-64
AT1G54070		1	20182581	20183505	+	15	1.0729	13	1.03182	1	4.9311500000000001E-2	0	0	5.731124426	1.580878E-3	5.6316439999999999E-3
AT5G58680		5	23708112	23709527	-	201	14.376799999999999	198	15.715400000000001	3	0.14793500000000001	11	0.691442	5.7163642250000004	1.28E-25	3.75E-24
AT2G32130		2	13654805	13655525	-	49	3.5047999999999999	100	7.9370599999999998	0	0	5	0.31429200000000002	5.7151815340000001	2.5093680000000001E-3	8.4440320000000006E-3
AT4G25480	DREB1A	4	13018010	13019400	-	278	19.884399999999999	210	16.6678	15	0.73967300000000002	3	0.18857499999999999	5.6999010319999996	4.51E-30	1.62E-28
AT2G16586		2	7190937	7192071	+	430	30.756399999999999	271	21.509399999999999	22	1.0848500000000001	4	0.25143399999999999	5.6921893849999998	3.57E-35	1.5999999999999999E-33
AT5G52600	MYB82	5	21343102	21344106	-	30	2.1457999999999999	25	1.9842599999999999	1	4.9311500000000001E-2	1	6.2858399999999995E-2	5.689261846	1.3900000000000001E-5	7.6799999999999997E-5
AT1G71520	ERF020	1	26938369	26939267	+	985	70.453599999999994	899	71.354100000000003	37	1.82453	32	2.0114700000000001	5.6847995779999998	2.0299999999999999E-84	4.74E-82
AT4G21840	MSRB8	4	11586980	11588373	-	1789	127.961	1590	126.199	44	2.1697099999999998	77	4.8400999999999996	5.6760596359999997	7.1700000000000002E-78	1.3800000000000001E-75
AT4G21940	CPK15	4	11640735	11643762	+	61	4.3631200000000003	73	5.7940500000000004	2	9.8623000000000002E-2	3	0.18857499999999999	5.6607081240000001	2.9900000000000001E-11	3.4200000000000001E-10
AT4G06746	RAP2-9	4	4073717	4074735	-	305	21.8156	564	44.765000000000001	15	0.73967300000000002	18	1.1314500000000001	5.6544350679999997	2.4199999999999999E-37	1.2000000000000001E-35
AT5G42380	CML37	5	16942447	16943820	-	989	70.739699999999999	1064	84.450299999999999	31	1.5286599999999999	45	2.82863	5.6539751149999997	6.7300000000000005E-73	1.03E-70
AT2G47520	ERF071	2	19502776	19503702	-	74	5.2929599999999999	84	6.6671300000000002	3	0.14793500000000001	3	0.18857499999999999	5.6412767800000001	5.7199999999999999E-13	7.5300000000000004E-12
AT5G36925		5	14565476	14566439	-	55	3.9339599999999999	51	4.0479000000000003	2	9.8623000000000002E-2	2	0.125717	5.6407153760000002	2.1700000000000002E-9	2.0500000000000002E-8
AT4G25310		4	12949664	12951937	+	1665	119.092	2180	173.02799999999999	67	3.3038699999999999	79	4.9658100000000003	5.6324327939999996	1.3E-83	2.9300000000000002E-81
AT3G47720	SRO4	3	17592558	17594132	+	52	3.7193800000000001	26	2.0636299999999999	3	0.14793500000000001	0	0	5.6283608940000001	6.4799999999999998E-7	4.4700000000000004E-6
AT2G29440	GSTU6	2	12619630	12621231	-	8307	594.17100000000005	10838	860.21799999999996	502	24.7544	262	16.468900000000001	5.6142931620000001	1.9700000000000001E-98	6.1899999999999999E-96
AT2G47750	GH3.9	2	19560127	19563960	-	84	6.0082300000000002	71	5.6353099999999996	3	0.14793500000000001	3	0.18857499999999999	5.5991687130000001	7.8699999999999998E-13	1.0299999999999999E-11
AT4G15350	CYP705A2	4	8762832	8764777	+	1403	100.352	1159	91.990499999999997	48	2.3669500000000001	51	3.2057799999999999	5.5924453639999996	1.7599999999999999E-94	4.96E-92
AT1G77120	ADH1	1	28975255	28977417	+	590	42.200600000000001	1255	99.61	36	1.77521	38	2.38862	5.583974875	4.4599999999999998E-46	3.0199999999999999E-44
AT2G24840	AGL61	2	10581069	10582015	+	48	3.4332699999999998	27	2.1429999999999998	3	0.14793500000000001	0	0	5.5774248020000003	8.6000000000000002E-7	5.8300000000000001E-6
AT5G23480		5	7915955	7919328	+	55	3.9339599999999999	47	3.7304200000000001	1	4.9311500000000001E-2	3	0.18857499999999999	5.5593083920000002	5.4299999999999997E-9	4.9399999999999999E-8
AT3G55720		3	20679664	20681447	+	2720	194.55199999999999	3159	250.732	190	9.3691899999999997	60	3.7715000000000001	5.5434722379999997	1.1400000000000001E-63	1.36E-61
AT3G20520	GDPDL5	3	7162766	7165864	+	60	4.2915900000000002	40	3.17482	2	9.8623000000000002E-2	2	0.125717	5.5404141080000002	7.3E-9	6.5299999999999996E-8
AT2G18193		2	7917413	7919345	-	7965	569.70899999999995	8167	648.21900000000005	322	15.878299999999999	330	20.743300000000001	5.5342620829999998	7.2700000000000005E-138	6.57E-135
AT3G56790		3	21033777	21034455	-	199	14.2338	128	10.1594	5	0.246558	8	0.50286699999999995	5.5338584239999999	1.23E-22	3.0299999999999999E-21
AT5G04730		5	1363965	1367451	-	49	3.5047999999999999	52	4.1272700000000002	0	0	4	0.25143399999999999	5.5294233750000004	1.3799999999999999E-8	1.1899999999999999E-7
AT2G32210		2	13677986	13678906	+	1219	87.190799999999996	1285	101.991	59	2.9093800000000001	45	2.82863	5.5160839380000004	6.8400000000000004E-91	1.82E-88
AT1G05560	UGT1	1	1645300	1647435	-	5775	413.06599999999997	9691	769.18	259	12.771699999999999	379	23.8233	5.502760629	2.3500000000000001E-65	2.9499999999999998E-63
AT1G17380	TIFY11A	1	5955155	5957511	-	331	23.6753	300	23.811199999999999	11	0.54242699999999999	15	0.94287600000000005	5.5013765890000004	3.9000000000000003E-39	2.0899999999999999E-37
AT2G01300		2	151057	151971	-	855	61.155200000000001	692	54.924399999999999	13	0.64105000000000001	47	2.9543400000000002	5.4987133970000004	6.0799999999999997E-9	5.4800000000000001E-8
AT3G27415		3	10147066	10147992	+	106	7.5818099999999999	62	4.9209699999999996	5	0.246558	2	0.125717	5.4954794910000002	3.4599999999999999E-13	4.6399999999999996E-12
AT5G37250		5	14750318	14751005	+	18	1.28748	29	2.3017500000000002	1	4.9311500000000001E-2	1	6.2858399999999995E-2	5.4933677310000002	5.0899999999999997E-5	2.5481100000000002E-4
AT5G52310	RD29A	5	21240717	21243644	+	7303	522.35799999999995	9385	744.89300000000003	411	20.266999999999999	305	19.171800000000001	5.4832784730000004	4.0700000000000003E-116	2.42E-113
AT1G32970	SBT3.2	1	11948650	11951982	-	196	14.0192	95	7.5401999999999996	5	0.246558	7	0.44000899999999998	5.4697016510000003	2.3400000000000002E-19	4.7899999999999999E-18
AT2G36640	ECP63	2	15356830	15358619	-	87	6.22281	116	9.2069799999999997	8	0.39449200000000001	1	6.2858399999999995E-2	5.4682825230000001	6.9000000000000001E-15	1.0499999999999999E-13
AT4G37990	CAD8	4	17855637	17857878	+	53	3.7909099999999998	286	22.7	6	0.29586899999999999	9	0.56572500000000003	5.4615183790000001	1.6700000000000001E-14	2.4700000000000001E-13
AT5G42040	RPN12B	5	16813565	16814749	-	86	6.1512799999999999	78	6.1909000000000001	3	0.14793500000000001	4	0.25143399999999999	5.4545495119999998	1.7999999999999999E-13	2.46E-12
AT3G28335		3	10588152	10589015	+	25	1.78816	23	1.82552	0	0	2	0.125717	5.4525163389999998	5.4700000000000001E-5	2.7230599999999999E-4
AT5G54190	PORA	5	21990864	21992814	-	64	4.5777000000000001	28	2.2223799999999998	4	0.197246	0	0	5.4517943039999999	1.18E-7	9.0800000000000003E-7
AT5G24070	PER61	5	8134172	8136150	-	5221	373.44	2320	184.14	156	7.6925999999999997	158	9.9316300000000002	5.448977889	6.6100000000000003E-74	1.0599999999999999E-71
AT4G31800	WRKY18	4	15382777	15385100	+	2756	197.12700000000001	2946	233.82599999999999	105	5.1777100000000003	138	8.6744599999999998	5.4461557870000004	5.5499999999999998E-93	1.53E-90
AT3G15740		3	5333769	5334553	-	73	5.2214400000000003	66	5.2384599999999999	3	0.14793500000000001	3	0.18857499999999999	5.4449613599999998	8.4200000000000001E-12	1.01E-10
AT1G74310	CLPB1	1	27936508	27940369	-	13083	935.78099999999995	5317	422.01299999999998	436	21.4998	340	21.3719	5.4447171289999998	6.18E-75	1.02E-72
AT5G65300		5	26095143	26096114	-	1457	104.214	1828	145.089	83	4.0928599999999999	62	3.8972199999999999	5.4390710740000001	1.03E-86	2.52E-84
AT1G32510	ANAC011	1	11756691	11758118	+	66	4.7207499999999998	117	9.2863500000000005	2	9.8623000000000002E-2	6	0.37714999999999999	5.4293342950000003	2.6700000000000002E-13	3.6E-12
AT3G15500	NAC055	3	5234457	5236196	+	1530	109.43600000000001	1988	157.78899999999999	69	3.4024899999999998	85	5.3429599999999997	5.4237259560000002	2.25E-76	4.07E-74
AT3G63320		3	23389348	23391593	-	43	3.0756399999999999	25	1.9842599999999999	2	9.8623000000000002E-2	1	6.2858399999999995E-2	5.4076293199999999	1.66E-6	1.08E-5
AT5G57123		5	23126874	23127724	-	408	29.1828	547	43.415700000000001	22	1.0848500000000001	21	1.32003	5.4025758789999996	1.1799999999999999E-46	8.1699999999999997E-45
AT4G04610	36982	4	2324878	2327064	+	19140	1369.02	25154	1996.49	1064	52.467500000000001	934	58.709699999999998	5.3995383370000001	3.2799999999999999E-115	1.8100000000000001E-112
AT3G18485	ILR2	3	6341918	6343178	-	35	2.5034299999999998	30	2.3811200000000001	3	0.14793500000000001	0	0	5.3935162229999998	3.0199999999999999E-6	1.88E-5
AT1G15260		1	5249760	5250573	+	70	5.0068599999999996	19	1.50804	4	0.197246	0	0	5.3908372379999996	5.9100000000000004E-7	4.0899999999999998E-6
AT1G13370		1	4587780	4588661	-	55	3.9339599999999999	56	4.44475	2	9.8623000000000002E-2	3	0.18857499999999999	5.3797563410000002	8.68E-10	8.57E-9
AT4G21990	37712	4	11657008	11659167	-	43300	3097.1	42648	3385	1975	97.390299999999996	1897	119.242	5.3786989580000002	4.4800000000000003E-155	6.7500000000000002E-152
AT4G34400		4	16445141	16447822	+	93	6.6519700000000004	85	6.7465000000000002	3	0.14793500000000001	5	0.31429200000000002	5.3744419949999997	2.5199999999999999E-14	3.6600000000000001E-13
AT2G19890		2	8586050	8589637	+	30	2.1457999999999999	16	1.26993	0	0	2	0.125717	5.3618557869999997	9.9699999999999998E-5	4.6996199999999998E-4
AT2G25460		2	10832578	10835660	-	5721	409.20299999999997	4502	357.32600000000002	239	11.785500000000001	228	14.3317	5.3492608519999996	2.47E-137	2.07E-134
AT5G54165		5	21984569	21984964	+	621	44.417999999999999	978	77.624399999999994	43	2.1204000000000001	33	2.0743299999999998	5.3420459850000004	1.31E-53	1.1399999999999999E-51
AT1G18990	MYOB5	1	6558574	6560561	-	68	4.8638000000000003	42	3.3335599999999999	2	9.8623000000000002E-2	3	0.18857499999999999	5.3419934580000001	1.7100000000000001E-9	1.6400000000000001E-8
AT4G38420	sks9	4	17982616	17985384	+	46	3.2902200000000001	41	3.2541899999999999	1	4.9311500000000001E-2	3	0.18857499999999999	5.3291226619999996	5.8899999999999998E-8	4.7300000000000001E-7
AT5G12180	CPK17	5	3936813	3939596	+	31	2.21732	32	2.53986	2	9.8623000000000002E-2	1	6.2858399999999995E-2	5.3251459380000004	2.74E-6	1.7200000000000001E-5
AT2G29460	GSTU4	2	12626478	12627891	-	1219	87.190799999999996	2915	231.36500000000001	74	3.6490499999999999	121	7.6058599999999998	5.3164168690000002	1.5400000000000001E-10	1.63E-9
AT1G28480	GRXC9	1	10013434	10014256	-	2601	186.04	1889	149.93100000000001	117	5.76945	94	5.90869	5.3157888440000001	1.3499999999999999E-111	6.4899999999999996E-109
AT5G47220	ERF2	5	19171643	19172956	-	292	20.8857	336	26.668500000000002	14	0.690361	16	1.00573	5.304027971	2.0400000000000001E-37	1.03E-35
AT4G24380		4	12612378	12613719	+	1333	95.344800000000006	1502	119.215	75	3.6983600000000001	62	3.8972199999999999	5.2972383169999997	7.0000000000000002E-88	1.7600000000000001E-85
AT5G40000		5	16010869	16012559	-	88	6.2943300000000004	101	8.0164299999999997	2	9.8623000000000002E-2	7	0.44000899999999998	5.2825871539999998	2.76E-14	4.0000000000000001E-13
AT3G01830	CML40	3	296024	299263	+	441	31.543199999999999	301	23.890499999999999	12	0.59173799999999999	23	1.44574	5.2751970579999998	3.4000000000000002E-38	1.76E-36
AT2G13960		2	5859491	5861311	+	721	51.570599999999999	830	65.877600000000001	48	2.3669500000000001	29	1.8228899999999999	5.273397439	4.7700000000000003E-64	5.7900000000000002E-62
AT4G32950		4	15904082	15906099	-	115	8.2255500000000001	295	23.414300000000001	2	9.8623000000000002E-2	17	1.0685899999999999	5.2710155329999999	3.7033299999999998E-4	1.545523E-3
AT5G16980		5	5578846	5581311	-	21	1.50206	96	7.6195700000000004	3	0.14793500000000001	3	0.18857499999999999	5.2628223500000004	2.1900000000000001E-8	1.8400000000000001E-7
AT2G23110		2	9840456	9841366	+	98	7.0095999999999998	84	6.6671300000000002	4	0.197246	5	0.31429200000000002	5.2397160500000002	1.15E-14	1.7299999999999999E-13
AT1G72760		1	27385130	27388534	-	104	7.4387600000000003	60	4.7622299999999997	2	9.8623000000000002E-2	6	0.37714999999999999	5.2168987339999999	1.75E-12	2.2200000000000002E-11
AT3G53820		3	19938564	19939231	+	61	4.3631200000000003	93	7.3814599999999997	5	0.246558	3	0.18857499999999999	5.2162242760000002	2.4700000000000002E-12	3.0899999999999998E-11
AT1G21340	DOF1.2	1	7476022	7476899	+	284	20.313500000000001	495	39.288400000000003	18	0.88760700000000003	22	1.3828800000000001	5.213934804	3.9499999999999998E-34	1.6999999999999999E-32
AT5G64230		5	25692425	25694137	+	1053	75.317400000000006	1477	117.23	67	3.3038699999999999	63	3.96008	5.2126733349999999	2.7100000000000002E-67	3.56E-65
AT1G47130		1	17291755	17292755	+	127	9.0838699999999992	207	16.4297	5	0.246558	12	0.754301	5.203906666	4.5000000000000001E-20	9.6900000000000001E-19
AT5G17850	CCX2	5	5898852	5901157	+	3286	235.036	2647	210.09399999999999	135	6.6570600000000004	164	10.3088	5.1936906699999996	1.42E-98	4.5100000000000002E-96
AT1G74950	TIFY10B	1	28148574	28150446	-	8088	578.50599999999997	5374	426.53699999999998	424	20.908100000000001	274	17.223199999999999	5.1844992899999998	3.43E-115	1.8400000000000001E-112
AT1G74000	SSL11	1	27829051	27831536	-	692	49.496299999999998	958	76.037000000000006	62	3.0573100000000002	28	1.76003	5.1638582810000004	5.4799999999999998E-52	4.5399999999999997E-50
AT3G05310	MIRO3	3	1510160	1513301	+	28	2.0027400000000002	27	2.1429999999999998	3	0.14793500000000001	0	0	5.1629957419999997	1.6699999999999999E-5	9.1399999999999999E-5
AT1G71140	DTX14	1	26824564	26826914	+	1107	79.1798	1922	152.55000000000001	38	1.87384	115	7.2287100000000004	5.1628700390000004	7.4600000000000006E-8	5.9100000000000004E-7
AT1G69490	NAC029	1	26122080	26123514	+	142	10.1568	338	26.827200000000001	13	0.64105000000000001	13	0.81715899999999997	5.1598582510000002	8.7500000000000001E-23	2.1799999999999999E-21
AT1G69930	GSTU11	1	26337481	26338818	-	523	37.4084	475	37.701000000000001	15	0.73967300000000002	36	2.2629000000000001	5.1583767810000003	1.6800000000000001E-40	9.43E-39
AT2G43620		2	18093694	18095093	-	201	14.376799999999999	237	18.8108	8	0.39449200000000001	15	0.94287600000000005	5.1517386099999998	6.0399999999999998E-27	1.8899999999999999E-25
AT1G11990		1	4046079	4049140	-	24	1.7166399999999999	48	3.80979	3	0.14793500000000001	1	6.2858399999999995E-2	5.1453760150000001	1.06E-6	7.0899999999999999E-6
AT3G59740	LECRK57	3	22066987	22069058	-	134	9.5845500000000001	146	11.588100000000001	7	0.34518100000000002	8	0.50286699999999995	5.1371823750000001	1.5000000000000001E-20	3.3100000000000001E-19
AT3G14395		3	4810888	4811481	+	59	4.2200600000000001	53	4.2066400000000002	3	0.14793500000000001	3	0.18857499999999999	5.1323645840000003	6.8700000000000001E-10	6.8599999999999999E-9
AT4G24350		4	12609373	12611468	+	94	6.72349	74	5.8734200000000003	5	0.246558	4	0.25143399999999999	5.1317156280000003	1.03E-13	1.4399999999999999E-12
AT4G12735		4	7493716	7494234	-	16	1.14442	22	1.7461500000000001	0	0	2	0.125717	5.1262642249999999	3.20749E-4	1.361573E-3
AT2G47120		2	19347239	19348362	-	36	2.5749499999999999	21	1.6667799999999999	1	4.9311500000000001E-2	2	0.125717	5.12025284	1.13E-5	6.3399999999999996E-5
AT3G26200	CYP71B22	3	9589249	9591179	+	57	4.0770099999999996	40	3.17482	0	0	5	0.31429200000000002	5.1159193160000003	5.9499999999999997E-8	4.7700000000000005E-7
AT2G46510	AIB	2	19090953	19093373	-	1049	75.031300000000002	646	51.273400000000002	58	2.8600699999999999	34	2.1371899999999999	5.1148138139999997	9.4800000000000006E-62	1.05E-59
AT4G36820		4	17346805	17348265	+	268	19.1691	298	23.6524	13	0.64105000000000001	18	1.1314500000000001	5.097368297	1.1499999999999999E-33	4.8100000000000001E-32
AT5G54170		5	21984878	21987489	-	5579	399.04599999999999	6760	536.54499999999996	358	17.653500000000001	326	20.491800000000001	5.0956179869999998	4.5800000000000003E-105	1.82E-102
AT5G43890	YUC5	5	17648576	17650375	-	426	30.470300000000002	339	26.906600000000001	23	1.1341600000000001	19	1.19431	5.0955389450000004	8.3699999999999996E-45	5.45E-43
AT1G78922		1	29676755	29677815	-	19	1.359	16	1.26993	2	9.8623000000000002E-2	0	0	5.0890094829999999	5.2334300000000001E-4	2.1101829999999999E-3
AT1G04180	YUC9	1	1104493	1106241	+	691	49.424799999999998	616	48.892299999999999	50	2.4655800000000001	24	1.5085999999999999	5.0797604239999998	4.1400000000000001E-58	4.1000000000000001E-56
AT5G59170		5	23881988	23883122	+	22	1.57358	13	1.03182	2	9.8623000000000002E-2	0	0	5.0730155860000004	5.9452799999999998E-4	2.3605620000000001E-3
AT1G61290	SYP124	1	22604777	22606385	+	55	3.9339599999999999	53	4.2066400000000002	2	9.8623000000000002E-2	4	0.25143399999999999	5.0648542079999999	1.87E-9	1.77E-8
AT4G13420	POT5	4	7796782	7802251	-	43	3.0756399999999999	30	2.3811200000000001	1	4.9311500000000001E-2	3	0.18857499999999999	5.0604917729999999	7.8299999999999996E-7	5.3299999999999998E-6
AT3G56600		3	20968444	20971021	+	21	1.50206	16	1.26993	0	0	2	0.125717	5.0583342839999998	4.1577900000000002E-4	1.715032E-3
AT1G05690	BT3	1	1706736	1709360	+	251	17.953199999999999	175	13.889799999999999	14	0.690361	10	0.62858400000000003	5.0566176870000001	2.8299999999999998E-28	9.4799999999999998E-27
AT5G42900	COR27	5	17197641	17199910	-	326	23.317599999999999	482	38.256599999999999	29	1.4300299999999999	18	1.1314500000000001	5.0558710060000003	5.6100000000000002E-38	2.87E-36
AT1G21528		1	7542615	7543077	-	56	4.0054800000000004	50	3.9685299999999999	3	0.14793500000000001	3	0.18857499999999999	5.052447055	1.9399999999999999E-9	1.8399999999999999E-8
AT1G61470	CAF1-5	1	22678092	22679302	+	104	7.4387600000000003	129	10.238799999999999	3	0.14793500000000001	10	0.62858400000000003	5.0521041740000001	5.1200000000000004E-16	8.4900000000000003E-15
AT5G18510		5	6141650	6143886	-	37	2.6464799999999999	19	1.50804	0	0	3	0.18857499999999999	5.0480120460000002	2.6999999999999999E-5	1.42428E-4
AT5G58310	MES18	5	23574992	23576084	-	38	2.71801	32	2.53986	2	9.8623000000000002E-2	2	0.125717	5.036051542	8.6300000000000004E-7	5.8499999999999999E-6
AT4G35180	LHT7	4	16737835	16740601	-	74	5.2929599999999999	67	5.3178299999999998	3	0.14793500000000001	5	0.31429200000000002	5.0353565659999999	9.8400000000000001E-12	1.1800000000000001E-10
AT3G09640	APX2	3	2956156	2958330	+	57	4.0770099999999996	28	2.2223799999999998	5	0.246558	0	0	5.0303469549999997	4.2199999999999999E-7	2.9799999999999998E-6
AT3G17690	CNGC19	3	6045002	6048529	+	474	33.903599999999997	318	25.239799999999999	18	0.88760700000000003	27	1.6971799999999999	5.0126323399999997	9.0000000000000002E-40	4.93E-38
AT5G28510	BGLU24	5	10480757	10484073	-	95	6.7950200000000001	162	12.858000000000001	13	0.64105000000000001	3	0.18857499999999999	4.9926997719999999	3.5900000000000002E-16	6.0400000000000003E-15
AT4G27657		4	13812989	13813701	+	177	12.6602	159	12.619899999999999	12	0.59173799999999999	8	0.50286699999999995	4.9918339549999997	5.6299999999999999E-24	1.5099999999999999E-22
AT1G32960	SBT3.3	1	11945250	11948650	+	69	4.9353300000000004	85	6.7465000000000002	2	9.8623000000000002E-2	7	0.44000899999999998	4.9861116110000001	7.7999999999999999E-12	9.4199999999999995E-11
AT1G07473		1	2294566	2295489	-	17	1.2159500000000001	33	2.6192299999999999	1	4.9311500000000001E-2	2	0.125717	4.9856804879999999	3.7400000000000001E-5	1.91702E-4
AT5G16970	AER	5	5575973	5578086	-	635	45.4193	2372	188.267	63	3.10663	118	7.4172900000000004	4.9719183510000002	2.9799999999999998E-6	1.8600000000000001E-5
AT5G57010	IQM5	5	23067828	23070431	+	2277	162.86600000000001	1419	112.627	103	5.0790899999999999	114	7.1658600000000003	4.9666967990000002	1.4500000000000001E-76	2.6599999999999999E-74
AT5G55090	MAPKKK15	5	22356852	22358413	-	2337	167.15700000000001	2781	220.73	171	8.4322700000000008	141	8.8630300000000002	4.9648626240000002	2.0399999999999999E-91	5.4900000000000001E-89
AT4G27790		4	13849949	13851973	+	28	2.0027400000000002	20	1.58741	3	0.14793500000000001	0	0	4.9565761239999997	6.8100000000000002E-5	3.31856E-4
AT3G47340	ASN1	3	17437840	17441431	-	9519	680.86099999999999	13355	1059.99	773	38.117800000000003	643	40.417900000000003	4.9505069009999998	3.9600000000000001E-88	1.0100000000000001E-85
AT4G24170	KIN7I	4	12542691	12546894	+	110	7.8679199999999998	72	5.7146800000000004	6	0.29586899999999999	5	0.31429200000000002	4.9475140509999997	3.2000000000000002E-14	4.6199999999999995E-13
AT1G30100	NCED5	1	10571310	10573365	+	27	1.9312199999999999	24	1.90489	0	0	3	0.18857499999999999	4.9381689179999997	4.6100000000000002E-5	2.3264299999999999E-4
AT1G74010		1	27832095	27834207	-	943	67.4495	1330	105.563	68	3.35318	73	4.58866	4.9329699969999998	2.9200000000000001E-58	2.9200000000000001E-56
AT1G22985	ERF069	1	8135180	8136034	-	1228	87.834599999999995	1332	105.72199999999999	91	4.4873500000000002	69	4.3372299999999999	4.9287086479999997	6.8999999999999995E-80	1.4300000000000001E-77
AT5G26340	STP13	5	9243398	9247540	-	11438	818.12	16524	1311.52	840	41.421700000000001	898	56.446800000000003	4.9264580950000001	5.2099999999999997E-77	9.8000000000000002E-75
AT5G14730		5	4756057	4757744	+	4746	339.46499999999997	4184	332.08600000000001	252	12.426500000000001	296	18.606100000000001	4.9141446420000001	2.2599999999999999E-97	6.9999999999999994E-95
AT1G44350	ILL6	1	16834210	16838562	-	3180	227.45400000000001	2991	237.39699999999999	256	12.623699999999999	139	8.7373200000000004	4.9093077389999999	2.4399999999999999E-92	6.6399999999999996E-90
AT3G16040		3	5443081	5443952	+	37	2.6464799999999999	13	1.03182	1	4.9311500000000001E-2	2	0.125717	4.9059011740000003	6.6699999999999995E-5	3.2613599999999998E-4
AT5G65890	ACR1	5	26354853	26357905	+	195	13.947699999999999	174	13.810499999999999	10	0.49311500000000003	13	0.81715899999999997	4.9029888880000003	4.23E-25	1.21E-23
AT1G23700		1	8378972	8382290	-	39	2.7895300000000001	25	1.9842599999999999	2	9.8623000000000002E-2	2	0.125717	4.8933168159999996	3.2100000000000002E-6	1.9899999999999999E-5
AT3G04640		3	1260906	1261683	-	3180	227.45400000000001	3511	278.67	186	9.1719399999999993	235	14.771699999999999	4.8853313360000001	1.2200000000000001E-78	2.4599999999999999E-76
AT4G26530	FBA5	4	13390754	13393265	+	20	1.4305300000000001	13	1.03182	0	0	2	0.125717	4.8809165969999997	9.5179100000000001E-4	3.5958299999999999E-3
AT1G60190	PUB19	1	22198266	22200687	+	1541	110.22199999999999	934	74.132099999999994	109	5.3749599999999997	51	3.2057799999999999	4.8774573050000001	6.8800000000000001E-59	6.9699999999999996E-57
AT1G07430	AIP1	1	2280746	2282828	-	35	2.5034299999999998	53	4.2066400000000002	6	0.29586899999999999	0	0	4.8771179040000003	2.6899999999999999E-7	1.95E-6
AT4G15300	CYP702A2	4	8730499	8732851	-	2164	154.78299999999999	1763	139.93	105	5.1777100000000003	141	8.8630300000000002	4.8744749519999999	4.2199999999999999E-75	7.0600000000000001E-73
AT1G09070	SRC2	1	2927502	2929107	+	22816	1631.95	18320	1454.07	1344	66.274699999999996	1270	79.830200000000005	4.8728718039999999	6.51E-133	5.0699999999999998E-130
AT1G80110	PP2B11	1	30135024	30136956	+	821	58.723300000000002	805	63.893300000000004	56	2.76145	50	3.1429200000000002	4.854311439	2.4899999999999999E-67	3.2899999999999998E-65
AT3G22740	HMT3	3	8032917	8036005	-	3282	234.75	2525	200.411	221	10.8978	158	9.9316300000000002	4.8523284909999997	9.6700000000000001E-108	4.0500000000000001E-105
AT2G39350	ABCG1	2	16430085	16432751	-	5387	385.31299999999999	2807	222.79300000000001	273	13.462	249	15.6517	4.8502973479999998	1.4100000000000001E-75	2.4200000000000002E-73
AT2G21610	PE11	2	9245038	9247052	-	884	63.229399999999998	1062	84.291499999999999	77	3.7969900000000001	53	3.3314900000000001	4.8430660970000003	4.3300000000000001E-64	5.2900000000000002E-62
AT1G32540	LOL1	1	11767485	11770049	+	190	13.59	84	6.6671300000000002	12	0.59173799999999999	6	0.37714999999999999	4.8267898789999997	4.4800000000000002E-17	7.9399999999999998E-16
AT3G09950		3	3060090	3060720	-	165	11.8019	137	10.873799999999999	10	0.49311500000000003	10	0.62858400000000003	4.8209610989999998	1.29E-21	3.0399999999999998E-20
AT1G03070		1	729830	731565	+	2465	176.31299999999999	1216	96.514600000000002	147	7.2487899999999996	96	6.0344100000000003	4.8191995729999997	7.8500000000000002E-61	8.3199999999999992E-59
AT3G04330		3	1145723	1146516	+	1311	93.771299999999997	1306	103.658	79	3.89561	94	5.90869	4.8174831119999997	3.0000000000000001E-72	4.5099999999999997E-70
AT4G18280		4	10103866	10104837	+	306	21.8871	428	33.970599999999997	19	0.93691899999999995	30	1.88575	4.8115595630000003	1.16E-32	4.6699999999999999E-31
AT3G55840	HSPRO1	3	20716995	20718866	-	1026	73.386200000000002	806	63.972700000000003	61	3.008	61	3.8343600000000002	4.8060575740000004	1.4699999999999999E-69	2.0499999999999999E-67
AT1G05100	MAPKKK18	1	1469541	1470881	+	883	63.157899999999998	766	60.797800000000002	75	3.6983600000000001	38	2.38862	4.8037567369999996	2.0999999999999999E-61	2.2899999999999999E-59
AT2G36800	UGT73C5	2	15423172	15425129	-	37	2.6464799999999999	22	1.7461500000000001	3	0.14793500000000001	1	6.2858399999999995E-2	4.8020601750000003	9.6099999999999995E-6	5.4700000000000001E-5
AT3G29670	PMAT2	3	11527756	11529420	+	55	3.9339599999999999	74	5.8734200000000003	6	0.29586899999999999	3	0.18857499999999999	4.791140543	1.3200000000000001E-10	1.4100000000000001E-9
AT5G41540		5	16612659	16616063	-	136	9.7276100000000003	40	3.17482	10	0.49311500000000003	2	0.125717	4.7856751050000002	1.4600000000000001E-10	1.55E-9
AT3G59010	PME35	3	21802770	21805335	-	36	2.5749499999999999	35	2.7779699999999998	4	0.197246	1	6.2858399999999995E-2	4.7774494670000003	1.11E-6	7.4499999999999998E-6
AT3G07255		3	2307082	2308456	-	96	6.8665500000000002	189	15.000999999999999	9	0.44380399999999998	11	0.691442	4.7695393419999998	5.7300000000000002E-17	1.01E-15
AT1G17180	GSTU25	1	5872024	5873124	+	24933	1783.37	36303	2881.39	2146	105.82299999999999	2122	133.38499999999999	4.7674529799999998	3.9800000000000002E-76	6.97E-74
AT1G09930	OPT2	1	3227490	3230257	-	56	4.0054800000000004	31	2.4604900000000001	4	0.197246	2	0.125717	4.764560211	1.1899999999999999E-7	9.1100000000000004E-7
AT3G19240		3	6664044	6667021	+	14192	1015.1	10048	797.51499999999999	973	47.9801	705	44.315199999999997	4.7631893620000003	1.42E-118	9.2000000000000001E-116
AT1G07180	NDA1	1	2204104	2207099	+	157	11.229699999999999	124	9.8419500000000006	6	0.29586899999999999	13	0.81715899999999997	4.7611270110000001	9.1399999999999991E-19	1.8E-17
AT5G60350		5	24277730	24279147	+	80	5.7221200000000003	52	4.1272700000000002	4	0.197246	5	0.31429200000000002	4.7605012459999996	9.0699999999999994E-11	9.900000000000001E-10
AT3G18950		3	6536534	6538679	+	1867	133.54	1318	104.61	116	5.7201399999999998	103	6.4744099999999998	4.7593500239999997	1.58E-83	3.5400000000000001E-81
AT1G10170	ATNFXL1	1	3333504	3338188	-	17759	1270.24	10651	845.37599999999998	1039	51.234699999999997	905	56.886800000000001	4.7570187539999997	2.36E-97	7.2000000000000003E-95
AT3G15440		3	5211795	5212506	-	25	1.78816	33	2.6192299999999999	1	4.9311500000000001E-2	3	0.18857499999999999	4.7548877730000001	1.1E-5	6.1799999999999998E-5
AT1G08860	BON3	1	2841969	2846350	+	34	2.4319000000000002	39	3.09545	1	4.9311500000000001E-2	4	0.25143399999999999	4.7509289590000003	1.1400000000000001E-6	7.5800000000000003E-6
AT4G35985	P85	4	17031945	17034244	-	2098	150.06299999999999	1508	119.691	114	5.6215099999999998	133	8.3601700000000001	4.748205134	4.4599999999999998E-76	7.7499999999999992E-74
AT2G38340	DREB2E	2	16067396	16068615	-	136	9.7276100000000003	85	6.7465000000000002	4	0.197246	11	0.691442	4.7363841539999996	8.4700000000000008E-15	1.2699999999999999E-13
AT2G29380	HAI3	2	12608675	12610350	+	68	4.8638000000000003	98	7.7783100000000003	6	0.29586899999999999	6	0.37714999999999999	4.7212785999999998	1.04E-12	1.34E-11
AT4G21920		4	11635877	11636720	-	70	5.0068599999999996	96	7.6195700000000004	6	0.29586899999999999	6	0.37714999999999999	4.7189629829999999	8.1900000000000004E-13	1.0699999999999999E-11
AT1G72416		1	27258747	27260521	-	1333	95.344800000000006	1705	135.327	88	4.33941	127	7.9830199999999998	4.7167877420000002	8.2599999999999999E-54	7.2599999999999998E-52
AT3G62100	IAA30	3	22995686	22996809	+	347	24.819700000000001	485	38.494700000000002	38	1.87384	24	1.5085999999999999	4.6958785799999996	3.7500000000000002E-37	1.84E-35
AT1G56240	PP2B13	1	21056099	21057577	-	24	1.7166399999999999	33	2.6192299999999999	0	0	4	0.25143399999999999	4.6943508679999999	3.0000000000000001E-5	1.5667799999999999E-4
AT5G08790	NAC081	5	2858849	2860558	-	25005	1788.52	23474	1863.14	1635	80.624300000000005	1839	115.59699999999999	4.6939816849999998	5.68E-100	1.94E-97
AT5G10300	HNL	5	3239455	3240883	+	3260	233.17599999999999	3086	244.93799999999999	274	13.5114	193	12.1317	4.6914593360000003	1.4200000000000001E-104	5.5200000000000002E-102
AT1G72800		1	27397089	27398500	+	581	41.556899999999999	522	41.431399999999996	51	2.5148899999999998	31	1.94861	4.6778857660000002	5.5E-52	4.5399999999999997E-50
AT5G39050	PMAT1	5	15634444	15636480	+	2525	180.60400000000001	3737	296.608	144	7.1008599999999999	304	19.108899999999998	4.6737990250000001	4.5800000000000002E-10	4.6299999999999999E-9
AT5G10695		5	3377652	3378221	+	1428	102.14	1626	129.05699999999999	108	5.3256399999999999	118	7.4172900000000004	4.6653121510000002	2.13E-69	2.95E-67
AT3G63350	HSFA7B	3	23399236	23400812	+	358	25.6065	254	20.1601	23	1.1341600000000001	22	1.3828800000000001	4.6622068370000003	6.2699999999999998E-35	2.7799999999999999E-33
AT1G28370	ERF11	1	9955774	9956980	-	114	8.1540199999999992	74	5.8734200000000003	9	0.44380399999999998	5	0.31429200000000002	4.659245834	4.3300000000000002E-14	6.1999999999999998E-13
AT4G35070		4	16694044	16695711	+	311	22.244700000000002	350	27.779699999999998	29	1.4300299999999999	21	1.32003	4.6560827959999997	2.32E-36	1.0999999999999999E-34
AT3G10840		3	3390153	3393536	-	55	3.9339599999999999	39	3.09545	4	0.197246	3	0.18857499999999999	4.6535815749999996	2.7899999999999998E-8	2.3300000000000001E-7
AT1G44830	ERF014	1	16933699	16934568	+	233	16.665700000000001	128	10.1594	17	0.83829600000000004	10	0.62858400000000003	4.6444840970000003	6.5400000000000001E-22	1.56E-20
AT1G27730	ZAT10	1	9648021	9649323	-	2898	207.28399999999999	2508	199.06100000000001	175	8.6295199999999994	225	14.1431	4.6377574460000002	5.3800000000000004E-75	8.9500000000000004E-73
AT3G46670	UGT76E11	3	17192589	17194397	-	27	1.9312199999999999	27	2.1429999999999998	1	4.9311500000000001E-2	3	0.18857499999999999	4.6373600259999996	2.3E-5	1.2302600000000001E-4
AT2G43500		2	18061716	18066708	+	2952	211.14599999999999	2637	209.3	169	8.3336500000000004	243	15.2746	4.636425279	2.9900000000000001E-66	3.8600000000000003E-64
AT2G46240	BAG6	2	18986133	18990220	+	3304	236.32400000000001	1283	101.83199999999999	183	9.0240100000000005	155	9.7430500000000002	4.6318355349999996	4.2100000000000001E-47	2.9399999999999997E-45
AT4G33905		4	16253752	16255760	-	343	24.5336	505	40.082099999999997	27	1.33141	38	2.38862	4.6174758430000002	3.6300000000000003E-33	1.4999999999999999E-31
AT5G55020	ATMYB120	5	22324599	22326418	-	38	2.71801	14	1.1111899999999999	3	0.14793500000000001	1	6.2858399999999995E-2	4.6020242539999998	6.1699999999999995E-5	3.0428399999999999E-4
AT4G11280	ACS6	4	6863979	6866116	+	4150	296.83499999999998	3321	263.58999999999997	318	15.681100000000001	263	16.5318	4.5921012870000002	2.2000000000000001E-108	9.5499999999999992E-106
AT1G59660	NUP98B	1	21923986	21929437	+	2996	214.29300000000001	2331	185.01300000000001	214	10.5527	199	12.508800000000001	4.5873983200000001	1.98E-95	5.6699999999999998E-93
AT2G29670		2	12681831	12685151	-	814	58.2226	760	60.321599999999997	56	2.76145	66	4.1486499999999999	4.5868117789999996	1.1899999999999999E-57	1.16E-55
AT3G50310	MAPKKK20	3	18648075	18649521	-	48	3.4332699999999998	51	4.0479000000000003	6	0.29586899999999999	2	0.125717	4.5797681399999997	1.7800000000000001E-8	1.5200000000000001E-7
AT4G27652		4	13809779	13810462	+	1468	105.001	1593	126.437	133	6.5584300000000004	110	6.9144199999999998	4.5788021419999998	3.53E-77	6.69E-75
AT3G56710	SIB1	3	21006638	21008068	-	141	10.0852	142	11.2706	8	0.39449200000000001	14	0.88001700000000005	4.5773535599999997	8.7800000000000007E-19	1.74E-17
AT1G70700	JAZ9	1	26654529	26657350	+	2141	153.13800000000001	1919	152.31200000000001	184	9.0733200000000007	138	8.6744599999999998	4.5760844269999996	1.9399999999999998E-93	5.3999999999999995E-91
AT5G05600		5	1672070	1674770	+	11238	803.81500000000005	12477	990.30600000000004	998	49.212899999999998	884	55.566800000000001	4.574887618	3.3699999999999999E-102	1.19E-99
AT2G46950	CYP709B2	2	19289087	19291632	-	982	70.239000000000004	1201	95.323999999999998	88	4.33941	86	5.4058200000000003	4.5693115390000001	4.0299999999999999E-60	4.2199999999999996E-58
AT5G01100		5	34538	37999	-	1998	142.91	1614	128.10400000000001	139	6.8543000000000003	144	9.0516100000000002	4.5680014939999998	6.5400000000000003E-82	1.41E-79
AT4G17490	ERF6	4	9752824	9754161	-	2791	199.63	2570	203.982	228	11.243	199	12.508800000000001	4.5616551789999997	8.8300000000000003E-99	2.89E-96
AT3G47380	PMEI11	3	17457614	17458599	+	2549	182.321	2054	163.02699999999999	154	7.5939699999999997	204	12.8231	4.5602937309999998	1.5599999999999999E-68	2.1299999999999999E-66
AT2G30615		2	13041085	13042586	-	54	3.8624299999999998	41	3.2541899999999999	8	0.39449200000000001	0	0	4.5473727899999998	2.84E-7	2.0499999999999999E-6
AT5G45630		5	18505536	18506382	-	53	3.7909099999999998	94	7.4608299999999996	5	0.246558	7	0.44000899999999998	4.5421085120000004	8.9800000000000003E-11	9.8100000000000002E-10
AT3G45960	EXLA3	3	16892702	16894153	+	48	3.4332699999999998	72	5.7146800000000004	6	0.29586899999999999	4	0.25143399999999999	4.5318873020000003	1.13E-9	1.0999999999999999E-8
AT1G19380		1	6697874	6698858	+	571	40.8416	684	54.289499999999997	61	3.008	43	2.7029100000000001	4.5303082689999998	4.8400000000000002E-49	3.6199999999999998E-47
AT5G11070		5	3516092	3517035	-	1690	120.88	1338	106.19799999999999	136	6.7063699999999997	110	6.9144199999999998	4.5301975179999996	6.0899999999999999E-83	1.3500000000000001E-80
AT5G63350		5	25379931	25381317	-	149	10.657500000000001	157	12.4612	10	0.49311500000000003	15	0.94287600000000005	4.5128393630000003	6.1199999999999997E-20	1.31E-18
AT5G20260		5	6836781	6839609	-	102	7.2957000000000001	77	6.1115300000000001	11	0.54242699999999999	4	0.25143399999999999	4.5104161280000001	3.3699999999999998E-13	4.5200000000000001E-12
AT1G78210		1	29422716	29424589	-	1500	107.29	1280	101.59399999999999	136	6.7063699999999997	96	6.0344100000000003	4.5033083639999996	1.4900000000000001E-79	3.0500000000000001E-77
AT3G63060	EDL3	3	23300290	23301865	-	196	14.0192	185	14.6836	19	0.93691899999999995	13	0.81715899999999997	4.4978756180000001	8.3600000000000002E-25	2.3299999999999999E-23
AT3G02800		3	606285	607907	-	1471	105.215	1272	100.959	110	5.4242699999999999	117	7.3544299999999998	4.4917236860000003	4.3699999999999997E-73	6.8000000000000001E-71
AT1G12740	CYP87A2	1	4342209	4344875	+	8028	574.21500000000003	9140	725.447	792	39.054699999999997	658	41.360799999999998	4.4913507839999998	1.22E-95	3.61E-93
AT1G10155	ATPP2-A10	1	3325825	3328448	-	28	2.0027400000000002	41	3.2541899999999999	4	0.197246	2	0.125717	4.4782000249999996	2.3099999999999999E-6	1.47E-5
AT1G72100		1	27127170	27128978	+	30	2.1457999999999999	17	1.3492999999999999	3	0.14793500000000001	1	6.2858399999999995E-2	4.4748916440000004	1.00101E-4	4.7181499999999999E-4
AT3G25770	AOC2	3	9406669	9408071	+	164	11.7303	357	28.3353	35	1.7259	12	0.754301	4.4729227040000001	1.56E-19	3.2400000000000001E-18
AT4G18450	ERF091	4	10190231	10191252	-	88	6.2943300000000004	157	12.4612	9	0.44380399999999998	12	0.754301	4.4718601329999998	5.3700000000000001E-15	8.1800000000000002E-14
AT4G36500		4	17225793	17226833	-	4890	349.76499999999999	5390	427.80700000000002	458	22.584700000000002	430	27.0291	4.448172896	6.6599999999999995E-89	1.7300000000000001E-86
AT3G52820	PAP22	3	19573916	19577141	-	1051	75.174400000000006	1020	80.957999999999998	122	6.0160099999999996	62	3.8972199999999999	4.4385900940000003	8.2600000000000002E-58	8.0800000000000001E-56
AT2G02310	PP2B6	2	608586	610283	-	247	17.667000000000002	179	14.2073	30	1.4793499999999999	8	0.50286699999999995	4.4360550070000002	6.3699999999999997E-22	1.5199999999999999E-20
AT1G22490		1	7938195	7940805	-	41	2.9325899999999998	153	12.143700000000001	11	0.54242699999999999	7	0.44000899999999998	4.420511791	2.6400000000000002E-10	2.7099999999999999E-9
AT3G23920	BAM1	3	8641181	8644449	+	12888	921.83399999999995	12454	988.48099999999999	1308	64.499499999999998	944	59.338299999999997	4.4199940939999998	7.4100000000000001E-111	3.4899999999999998E-108
AT2G35670	FIS2	2	14992565	14996756	+	34	2.4319000000000002	23	1.82552	3	0.14793500000000001	2	0.125717	4.4191512959999999	1.6500000000000001E-5	9.0099999999999995E-5
AT1G76680	OPR1	1	28776626	28778837	+	55564	3974.3	65001	5159.17	4488	221.31	6008	377.65300000000002	4.410854434	3.6500000000000001E-63	4.2500000000000001E-61
AT3G17860	TIFY6B	3	6119707	6123044	+	6783	485.16399999999999	4880	387.32799999999997	596	29.389700000000001	437	27.469100000000001	4.4074168299999998	9.3699999999999996E-99	3.0300000000000001E-96
AT5G51440	HSP23.5	5	20891163	20892416	+	1796	128.46199999999999	1314	104.29300000000001	157	7.7419099999999998	120	7.5430099999999998	4.3968246860000004	1.0200000000000001E-76	1.8999999999999998E-74
AT2G18210		2	7924958	7925918	-	1424	101.854	1480	117.468	154	7.5939699999999997	110	6.9144199999999998	4.3899215590000003	7.6900000000000002E-73	1.1700000000000001E-70
AT4G31950	CYP82C3	4	15455083	15457121	+	18	1.28748	17	1.3492999999999999	0	0	3	0.18857499999999999	4.383107088	1.073921E-3	4.0076479999999999E-3
AT5G60180	APUM19	5	24232875	24234135	-	46	3.2902200000000001	21	1.6667799999999999	4	0.197246	2	0.125717	4.381421263	6.4400000000000002E-6	3.79E-5
AT1G06030		1	1826803	1828279	+	65	4.6492199999999997	52	4.1272700000000002	10	0.49311500000000003	1	6.2858399999999995E-2	4.3787432610000003	1.4100000000000001E-8	1.2200000000000001E-7
AT1G76965		1	28921137	28922431	-	34	2.4319000000000002	32	2.53986	3	0.14793500000000001	3	0.18857499999999999	4.369744098	3.4999999999999999E-6	2.1500000000000001E-5
AT5G44050	DTX28	5	17722402	17726543	+	249	17.810099999999998	134	10.6357	24	1.1834800000000001	11	0.691442	4.3663171319999998	9.3099999999999994E-21	2.08E-19
AT2G27690	CYP94C1	2	11809279	11811280	+	765	54.717799999999997	648	51.432099999999998	69	3.4024899999999998	60	3.7715000000000001	4.3617857369999999	6E-57	5.6699999999999998E-55
AT3G03280		3	765420	766387	+	1009	72.170299999999997	816	64.766400000000004	100	4.9311499999999997	68	4.2743700000000002	4.3606456629999997	4.94E-63	5.7000000000000001E-61
AT1G19180	TIFY10A	1	6621777	6623668	+	11201	801.16800000000001	8520	676.23699999999997	1021	50.347099999999998	793	49.846699999999998	4.3516553370000004	3.22E-108	1.3700000000000001E-105
AT1G17060	CYP72C1	1	5832094	5835488	-	3661	261.85899999999998	3871	307.24299999999999	369	18.196000000000002	331	20.806100000000001	4.3440025090000001	1.67E-87	4.1399999999999997E-85
AT5G66640	DAR3	5	26599351	26602034	+	116	8.2970799999999993	77	6.1115300000000001	12	0.59173799999999999	6	0.37714999999999999	4.3409306900000004	1.1499999999999999E-13	1.6E-12
AT3G08970	ERDJ3A	3	2737297	2740549	+	946	67.664100000000005	506	40.161499999999997	81	3.9942299999999999	53	3.3314900000000001	4.3387359239999999	4.7000000000000001E-43	2.8800000000000002E-41
AT2G32120	HSP70-8	2	13651442	13653945	-	2171	155.28399999999999	1450	115.087	207	10.2075	131	8.2344500000000007	4.3367975799999998	1.85E-68	2.4999999999999998E-66
AT4G21902		4	11619735	11620201	+	45	3.2186900000000001	42	3.3335599999999999	3	0.14793500000000001	5	0.31429200000000002	4.3346133880000002	1.79E-7	1.3400000000000001E-6
AT1G67070	PMI2	1	25041833	25044659	+	1255	89.765799999999999	1651	131.041	141	6.9529199999999998	133	8.3601700000000001	4.3318641769999999	1.0800000000000001E-56	1.02E-54
AT4G25380	SAP10	4	12975848	12976638	-	150	10.728999999999999	184	14.604200000000001	12	0.59173799999999999	19	1.19431	4.3312350039999998	1.7000000000000001E-19	3.4999999999999999E-18
AT5G42965		5	17236736	17237139	+	31	2.21732	53	4.2066400000000002	4	0.197246	4	0.25143399999999999	4.3303621750000003	4.0699999999999998E-7	2.8899999999999999E-6
AT5G02230		5	448092	450737	+	9178	656.47	11231	891.41099999999994	1188	58.582099999999997	772	48.526699999999998	4.3288317039999997	1.2699999999999999E-76	2.36E-74
AT5G59490		5	23982621	23984656	-	2923	209.072	2783	220.88800000000001	326	16.075600000000001	216	13.577400000000001	4.3279457800000003	3.4700000000000001E-86	8.4199999999999998E-84
AT3G56780		3	21031303	21033403	+	24	1.7166399999999999	21	1.6667799999999999	0	0	4	0.25143399999999999	4.3225114570000001	3.0400300000000001E-4	1.295353E-3
AT5G47670	NFYB6	5	19314778	19316169	+	32	2.2888500000000001	22	1.7461500000000001	2	9.8623000000000002E-2	3	0.18857499999999999	4.3139897080000003	3.3399999999999999E-5	1.7331900000000001E-4
AT4G30110	HMA2	4	14720062	14725311	-	472	33.7605	259	20.556999999999999	35	1.7259	33	2.0743299999999998	4.309065361	7.0699999999999997E-32	2.7399999999999999E-30
AT3G23230	ERF098	3	8289379	8290164	-	61	4.3631200000000003	46	3.6510500000000001	4	0.197246	6	0.37714999999999999	4.3038905019999998	1.11E-8	9.7199999999999997E-8
AT2G47190	ATMYB2	2	19375985	19377543	+	70	5.0068599999999996	80	6.34964	13	0.64105000000000001	2	0.125717	4.3034419059999998	3.4699999999999999E-10	3.5400000000000002E-9
AT1G27890	CAF1-4	1	9714136	9715176	-	22	1.57358	22	1.7461500000000001	0	0	4	0.25143399999999999	4.2958367239999999	3.5963999999999999E-4	1.5057289999999999E-3
AT5G47610	ATL79	5	19301130	19302117	-	17	1.2159500000000001	16	1.26993	0	0	3	0.18857499999999999	4.2956776630000002	1.625636E-3	5.7701640000000004E-3
AT1G52060	JAL9	1	19358800	19360822	-	25583	1829.86	19527	1549.87	2446	120.616	1875	117.85899999999999	4.2944493770000003	3.1500000000000002E-110	1.4499999999999999E-107
AT3G05820	INVH	3	1732988	1735765	-	167	11.944900000000001	151	11.984999999999999	18	0.88760700000000003	13	0.81715899999999997	4.278869534	7.5400000000000002E-21	1.7000000000000001E-19
AT4G11070	WRKY41	4	6759098	6760794	+	80	5.7221200000000003	38	3.0160800000000001	4	0.197246	7	0.44000899999999998	4.2782310949999998	1.2E-8	1.05E-7
AT1G50745		1	18808866	18810504	-	148	10.585900000000001	73	5.7940500000000004	9	0.44380399999999998	12	0.754301	4.2606677800000003	9.6300000000000004E-14	1.3499999999999999E-12
AT5G14360		5	4630892	4631851	+	931	66.591200000000001	850	67.465000000000003	101	4.9804599999999999	75	4.7143800000000002	4.2598593559999998	1.0800000000000001E-61	1.19E-59
AT5G16030		5	5237970	5240748	+	23	1.6451100000000001	18	1.4286700000000001	2	9.8623000000000002E-2	2	0.125717	4.2588309989999997	2.6232300000000002E-4	1.132273E-3
AT1G16905		1	5782455	5783840	-	2532	181.10499999999999	2382	189.06100000000001	284	14.0045	204	12.8231	4.2574843649999998	2.56E-85	6.0299999999999999E-83
AT1G43160	RAP2-6	1	16263805	16264945	+	3993	285.60500000000002	6474	513.84500000000003	691	34.074300000000001	385	24.200500000000002	4.2565647459999996	1.18E-47	8.4299999999999997E-46
AT4G23060	IQD22	4	12086898	12090714	+	766	54.789299999999997	675	53.575099999999999	76	3.7476799999999999	66	4.1486499999999999	4.253549595	8.9199999999999994E-56	8.1299999999999995E-54
AT1G52070	JAL10	1	19364809	19366925	-	64509	4614.1000000000004	50452	4004.4	6282	309.77499999999998	5033	316.36599999999999	4.2530865240000004	3.3499999999999999E-113	1.7599999999999999E-110
AT1G32060	PRK	1	11532199	11534639	+	49	3.5047999999999999	32	2.53986	5	0.246558	3	0.18857499999999999	4.2505857379999998	5.7800000000000001E-7	4.0099999999999997E-6
AT5G06760	LEA46	5	2089445	2090430	-	440	31.471699999999998	825	65.480699999999999	64	3.1559400000000002	64	4.0229400000000002	4.2440565939999999	3.8599999999999999E-31	1.4400000000000001E-29
AT3G11580		3	3648902	3651726	-	423	30.255700000000001	401	31.8276	43	2.1204000000000001	39	2.4514800000000001	4.2414316940000001	5.2699999999999997E-40	2.93E-38
AT5G57510		5	23288885	23289635	-	478	34.189700000000002	469	37.224800000000002	26	1.2821	65	4.0857999999999999	4.2346573190000001	2.7199999999999998E-26	8.2199999999999997E-25
AT2G36270	ABI5	2	15204659	15207636	-	218	15.5928	232	18.414000000000001	21	1.0355399999999999	24	1.5085999999999999	4.2302034060000002	1.96E-25	5.6800000000000001E-24
AT3G50180		3	18604941	18607162	-	137	9.7991299999999999	65	5.15909	4	0.197246	15	0.94287600000000005	4.2299524719999999	5.64E-11	6.28E-10
AT2G29500	HSP17.6B	2	12633065	12634120	-	3075	219.94399999999999	2321	184.21899999999999	256	12.623699999999999	276	17.3489	4.2279990380000001	2.17E-73	3.43E-71
AT4G12000		4	7192533	7195216	-	1435	102.64100000000001	1589	126.12	192	9.4678100000000001	119	7.4801500000000001	4.2248444559999996	2.4399999999999999E-62	2.73E-60
AT4G21440	ATMYB102	4	11418199	11419769	-	69	4.9353300000000004	79	6.27027	7	0.34518100000000002	8	0.50286699999999995	4.2162297659999997	4.1999999999999997E-11	4.7500000000000001E-10
AT4G34330		4	16424624	16425909	+	18	1.28748	29	2.3017500000000002	4	0.197246	1	6.2858399999999995E-2	4.2139543330000002	1.3880500000000001E-4	6.3388099999999998E-4
AT3G25597		3	9305696	9306766	+	1114	79.680499999999995	1721	136.59700000000001	201	9.9116199999999992	101	6.3487	4.2066359100000001	1.6299999999999999E-40	9.1800000000000002E-39
AT4G19230	CYP707A1	4	10521259	10523961	+	5112	365.64400000000001	5795	459.952	664	32.742800000000003	472	29.6692	4.2004257789999997	5.3099999999999997E-80	1.1100000000000001E-77
AT1G23450		1	8324698	8326697	+	176	12.588699999999999	93	7.3814599999999997	14	0.690361	13	0.81715899999999997	4.2001101969999999	2.8099999999999998E-16	4.7699999999999998E-15
AT1G20070		1	6958010	6959148	-	2662	190.404	2862	227.15899999999999	358	17.653500000000001	221	13.8917	4.1976881449999999	5.18E-71	7.5E-69
AT2G21510		2	9210623	9213102	-	149	10.657500000000001	138	10.953099999999999	11	0.54242699999999999	18	1.1314500000000001	4.1936906790000004	1.21E-17	2.2200000000000001E-16
AT5G38700		5	15489593	15490745	+	234	16.737200000000001	165	13.0961	31	1.5286599999999999	11	0.691442	4.1867905629999997	5.9100000000000001E-21	1.3399999999999999E-19
AT5G18636		5	6211111	6212372	+	22	1.57358	19	1.50804	0	0	4	0.25143399999999999	4.1838120950000004	6.7468400000000005E-4	2.6476469999999999E-3
AT5G17350		5	5718498	5719608	+	592	42.343699999999998	465	36.907299999999999	56	2.76145	53	3.3314900000000001	4.1778298190000003	4.9899999999999997E-45	3.29E-43
AT1G12480	SLAC1	1	4257268	4259300	-	25	1.78816	16	1.26993	0	0	4	0.25143399999999999	4.1683617120000003	7.6696800000000003E-4	2.9721180000000002E-3
AT5G40460	SMR6	5	16202142	16203358	+	209	14.949	321	25.477900000000002	33	1.6272800000000001	24	1.5085999999999999	4.1645632260000003	2.32E-24	6.3600000000000005E-23
AT4G24570	PUMP4	4	12686459	12687650	+	778	55.647599999999997	670	53.1783	97	4.78322	57	3.5829300000000002	4.1636527680000004	7.3599999999999998E-51	5.9399999999999999E-49
AT2G39400		2	16452612	16455001	+	1163	83.185299999999998	968	76.830699999999993	59	2.9093800000000001	153	9.6173300000000008	4.1635140159999997	4.59E-28	1.51E-26
AT3G27880		3	10338148	10339528	+	3151	225.38	3457	274.38400000000001	436	21.4998	275	17.286100000000001	4.1599020590000002	1.5000000000000001E-71	2.2300000000000001E-69
AT1G62180	37347	1	22975530	22977885	-	6545	468.14100000000002	9220	731.79700000000003	855	42.161299999999997	821	51.606699999999996	4.1592367560000003	1.1200000000000001E-59	1.15E-57
AT1G68050	ADO3	1	25508639	25510907	+	188	13.446999999999999	232	18.414000000000001	18	0.88760700000000003	26	1.63432	4.1584209220000004	8.35E-22	1.9800000000000001E-20
AT5G55930	OPT1	5	22652715	22656106	+	34	2.4319000000000002	31	2.4604900000000001	5	0.246558	2	0.125717	4.1556747490000001	7.3699999999999997E-6	4.2899999999999999E-5
AT2G34600	TIFY58	2	14573030	14573952	+	260	18.596900000000002	294	23.334900000000001	30	1.4793499999999999	29	1.8228899999999999	4.1494693119999999	1.1099999999999999E-28	3.7699999999999999E-27
AT4G22710	CYP706A2	4	11934969	11936823	+	121	8.6547099999999997	106	8.4132800000000003	4	0.197246	19	1.19431	4.143074811	8.1500000000000006E-12	9.8199999999999994E-11
ATMG01090	ORF262	Mt	279463	280251	+	27	1.9312199999999999	29	2.3017500000000002	3	0.14793500000000001	3	0.18857499999999999	4.1384172379999997	2.6400000000000001E-5	1.39827E-4
AT4G01026	PYL7	4	446978	448511	+	611	43.7027	644	51.114600000000003	72	3.55043	64	4.0229400000000002	4.124282773	3.5600000000000001E-47	2.5099999999999999E-45
AT4G16820	PLA-I{beta]2	4	9467512	9469425	+	42	3.0041099999999998	60	4.7622299999999997	4	0.197246	7	0.44000899999999998	4.119907145	7.1E-8	5.6400000000000002E-7
AT5G12010		5	3877680	3879657	-	3175	227.09700000000001	4425	351.21499999999997	478	23.570900000000002	363	22.817599999999999	4.1189487979999999	1.6299999999999999E-58	1.6400000000000001E-56
AT5G64310	AGP1	5	25721733	25722678	+	7670	548.60799999999995	6799	539.64	894	44.084499999999998	682	42.869399999999999	4.1173561579999998	1.8599999999999999E-99	6.1899999999999996E-97
ATMG01130	ORF106F	Mt	289197	289517	-	41	2.9325899999999998	15	1.1905600000000001	4	0.197246	2	0.125717	4.1152671679999999	6.9099999999999999E-5	3.3627700000000001E-4
AT5G04250		5	1176005	1179008	+	1054	75.388900000000007	1404	111.43600000000001	158	7.79122	115	7.2287100000000004	4.1132618609999998	3.5499999999999999E-50	2.7700000000000002E-48
AT3G16440	ATMLP-300B	3	5585872	5587798	+	27506	1967.41	20154	1599.63	3189	157.25399999999999	2039	128.16800000000001	4.1109771589999999	4.6900000000000003E-86	1.1300000000000001E-83
AT2G03020		2	882645	884164	-	20	1.4305300000000001	16	1.26993	3	0.14793500000000001	1	6.2858399999999995E-2	4.1095624419999996	7.8659800000000001E-4	3.0371220000000002E-3
AT1G14260		1	4872856	4874907	+	383	27.3947	304	24.128599999999999	42	2.0710799999999998	33	2.0743299999999998	4.1057606340000001	1.41E-34	6.16E-33
AT5G24600		5	8421558	8423525	-	219	15.664300000000001	282	22.3825	34	1.67659	22	1.3828800000000001	4.1054785850000002	3.6399999999999998E-25	1.04E-23
AT3G50970	XERO2	3	18940643	18941611	+	11359	812.47	21100	1674.72	2121	104.59	1559	97.996200000000002	4.1014422799999997	1.05E-43	6.5299999999999998E-42
AT5G40880	ZFWD3	5	16378893	16381352	+	1799	128.67599999999999	1525	121.04	191	9.4184999999999999	172	10.8116	4.1000079630000004	2.5599999999999999E-73	4.0099999999999999E-71
AT5G67080	MAPKKK19	5	26772644	26773979	+	362	25.892600000000002	437	34.684899999999999	50	2.4655800000000001	39	2.4514800000000001	4.0985196459999997	1.67E-34	7.2600000000000006E-33
AT5G24570		5	8405681	8406132	-	156	11.158099999999999	353	28.017800000000001	38	1.87384	21	1.32003	4.0908661830000002	3.04E-18	5.8000000000000006E-17
AT4G17500	ERF1A	4	9759203	9760391	+	4114	294.26	4182	331.928	455	22.436699999999998	458	28.789100000000001	4.0892255689999999	3.5300000000000002E-76	6.2299999999999998E-74
AT5G07860		5	2511357	2513176	+	5665	405.19799999999998	3927	311.68799999999999	539	26.578900000000001	506	31.8063	4.0883944059999999	4.07E-78	7.9300000000000002E-76
AT5G52640	HSP90-1	5	21352557	21355147	+	7494	536.02	4672	370.81900000000002	696	34.320799999999998	632	39.726500000000001	4.0822699509999998	5.8100000000000002E-72	8.6899999999999997E-70
AT1G50750		1	18810603	18812050	-	142	10.1568	129	10.238799999999999	14	0.690361	16	1.00573	4.0762859059999998	2.29E-17	4.1199999999999999E-16
AT1G70440	SRO3	1	26548952	26550636	-	95	6.7950200000000001	162	12.858000000000001	13	0.64105000000000001	16	1.00573	4.0742598470000004	2.2099999999999999E-14	3.2399999999999998E-13
AT1G76600		1	28746833	28747848	+	4291	306.92	3551	281.84500000000003	386	19.034199999999998	474	29.794899999999998	4.0683457990000003	1.27E-63	1.51E-61
AT5G37750		5	14995757	14997060	+	202	14.448399999999999	155	12.3024	22	1.0848500000000001	18	1.1314500000000001	4.0648351529999998	1.6000000000000001E-21	3.7400000000000002E-20
AT3G09350	Fes1A	3	2870970	2873332	+	3189	228.09800000000001	2719	215.809	303	14.9414	350	22.000399999999999	4.0640176480000001	1.4E-66	1.83E-64
AT4G31780	MGD1	4	15373988	15377172	+	2059	147.273	2452	194.61699999999999	297	14.6455	222	13.954599999999999	4.0552544020000001	9.3400000000000001E-64	1.12E-61
AT2G30690	MYOB4	2	13075966	13079116	+	14	1.0013700000000001	13	1.03182	1	4.9311500000000001E-2	2	0.125717	4.0540007649999996	3.5247680000000002E-3	1.1337461E-2
AT1G74450		1	27982453	27984280	+	1979	141.55099999999999	1223	97.0702	208	10.2568	153	9.6173300000000008	4.0508096059999996	3.0399999999999999E-58	3.0200000000000001E-56
AT1G53700	WAG1	1	20048434	20050294	+	846	60.511400000000002	414	32.859400000000001	88	4.33941	56	3.52007	4.0283182919999998	8.2599999999999996E-34	3.4800000000000002E-32
AT5G25450	QCR7-2	5	8856917	8858476	+	526	37.622900000000001	543	43.098199999999999	72	3.55043	53	3.3314900000000001	4.0236946949999997	1.18E-42	7.1599999999999999E-41
AT1G66400	CML23	1	24770419	24771393	-	746	53.358800000000002	857	68.020600000000002	114	5.6215099999999998	77	4.8400999999999996	4.0079107760000001	3.5400000000000001E-47	2.4999999999999999E-45
AT1G19200		1	6625012	6626217	-	194	13.876099999999999	233	18.493300000000001	28	1.3807199999999999	23	1.44574	3.994700495	6.3900000000000001E-23	1.61E-21
AT1G51090		1	18932766	18934049	+	29	2.0742699999999998	13	1.03182	4	0.197246	1	6.2858399999999995E-2	3.9943311449999999	5.5568700000000002E-4	2.2266909999999998E-3
AT5G57820		5	23428601	23429346	+	110	7.8679199999999998	85	6.7465000000000002	13	0.64105000000000001	10	0.62858400000000003	3.993796407	2.36E-13	3.2000000000000001E-12
AT4G11590		4	7008603	7009796	+	37	2.6464799999999999	41	3.2541899999999999	2	9.8623000000000002E-2	7	0.44000899999999998	3.9852550569999998	3.9500000000000003E-6	2.41E-5
AT2G43870		2	18166336	18168381	-	744	53.215699999999998	685	54.3688	98	4.8325300000000002	73	4.58866	3.984049782	9.6100000000000006E-51	7.7000000000000006E-49
AT3G44260	CAF1-9	3	15952008	15953346	-	177	12.6602	181	14.366099999999999	31	1.5286599999999999	13	0.81715899999999997	3.9758225280000001	2.2299999999999999E-19	4.5599999999999996E-18
AT1G75860		1	28484129	28486077	-	2683	191.90600000000001	2839	225.333	381	18.787700000000001	288	18.103200000000001	3.9737344270000001	1.43E-72	2.1699999999999999E-70
AT5G55110		5	22367733	22368675	+	1850	132.32400000000001	1586	125.88200000000001	240	11.8348	174	10.9374	3.9728530800000001	4.67E-71	6.8099999999999995E-69
AT3G04854		3	1336905	1337620	+	63	4.50617	79	6.27027	15	0.73967300000000002	3	0.18857499999999999	3.9649814650000001	4.3500000000000001E-9	4.0000000000000001E-8
AT5G59060		5	23844301	23844781	-	38	2.71801	37	2.9367100000000002	4	0.197246	5	0.31429200000000002	3.9606476499999999	2.4399999999999999E-6	1.5400000000000002E-5
AT5G60320	LECRK111	5	24270808	24272835	+	110	7.8679199999999998	58	4.6034899999999999	11	0.54242699999999999	9	0.56572500000000003	3.9596402030000002	4.9899999999999997E-11	5.5900000000000003E-10
AT2G21780		2	9290705	9291669	+	53	3.7909099999999998	51	4.0479000000000003	10	0.49311500000000003	3	0.18857499999999999	3.95604851	8.5100000000000001E-8	6.68E-7
AT3G25250	OXI1	3	9195334	9197126	+	3178	227.31100000000001	2251	178.66300000000001	337	16.617999999999999	314	19.737500000000001	3.9523008329999998	1.2500000000000001E-69	1.76E-67
AT5G03020		5	707205	708396	+	55	3.9339599999999999	93	7.3814599999999997	14	0.690361	5	0.31429200000000002	3.9425005980000001	1.9800000000000002E-9	1.88E-8
AT5G38710	POX2	5	15501126	15504269	+	1162	83.113799999999998	1112	88.260099999999994	125	6.1639400000000002	150	9.4287600000000005	3.9404763790000001	4.6300000000000002E-50	3.5800000000000002E-48
AT2G38250	GT-3B	2	16018210	16020156	+	428	30.613299999999999	536	42.5426	54	2.66282	64	4.0229400000000002	3.9402415120000001	1.22E-32	4.8799999999999997E-31
AT4G22610		4	11901703	11902642	-	540	38.624299999999998	877	69.608000000000004	159	7.8405300000000002	31	1.94861	3.9391029870000001	7.7799999999999994E-5	3.7420999999999998E-4
AT5G07870		5	2513792	2515731	+	10150	725.99400000000003	6687	530.75099999999998	1039	51.234699999999997	990	62.229799999999997	3.9384536529999998	1.8799999999999998E-71	2.7700000000000002E-69
AT5G64510	TIN1	5	25784404	25786385	+	770	55.075400000000002	436	34.605600000000003	74	3.6490499999999999	71	4.4629500000000002	3.9375062839999999	1.33E-36	6.37E-35
AT1G79310	AMC7	1	29833839	29835728	+	1646	117.733	1614	128.10400000000001	238	11.7361	168	10.5602	3.934058227	1.18E-65	1.5100000000000001E-63
AT3G48343		3	17899785	17900996	+	56	4.0054800000000004	13	1.03182	3	0.14793500000000001	5	0.31429200000000002	3.9334395259999999	5.5000000000000002E-5	2.7356499999999997E-4
AT5G42650	CYP74A	5	17097564	17099595	-	3362	240.47200000000001	3147	249.779	507	25.000900000000001	309	19.423200000000001	3.9334154560000001	1.12E-69	1.5800000000000001E-67
AT3G61880	CYP78A9	3	22905867	22907958	-	108	7.7248599999999996	136	10.7944	21	1.0355399999999999	10	0.62858400000000003	3.9320943599999998	1.5699999999999999E-14	2.3200000000000002E-13
AT3G09280		3	2850735	2851272	-	84	6.0082300000000002	56	4.44475	8	0.39449200000000001	9	0.56572500000000003	3.9286690150000001	6.4199999999999995E-10	6.41E-9
AT4G38140	ATL18	4	17899814	17900362	-	116	8.2970799999999993	76	6.0321600000000002	17	0.83829600000000004	7	0.44000899999999998	3.9282889019999998	3.9499999999999999E-12	4.8800000000000002E-11
AT1G01470	LEA14	1	171525	172948	-	4907	350.98099999999999	6025	478.20800000000003	814	40.139600000000002	571	35.892099999999999	3.9232406950000001	1.1400000000000001E-63	1.36E-61
AT1G11210		1	3755668	3756998	-	370	26.4648	305	24.207999999999998	46	2.2683300000000002	38	2.38862	3.9162695780000001	1.5300000000000001E-32	6.1400000000000001E-31
AT5G59820	ZAT12	5	24102814	24103794	+	4053	289.89699999999999	4715	374.23200000000003	510	25.148900000000001	578	36.332099999999997	3.9137777630000001	1.71E-56	1.5899999999999999E-54
AT3G25730	ARF14	3	9396272	9397766	+	1026	73.386200000000002	1452	115.246	166	8.1857100000000003	149	9.3658999999999999	3.9075109389999998	2.9499999999999999E-43	1.8199999999999999E-41
AT5G54370		5	22075277	22076819	+	26495	1895.09	22535	1788.62	3554	175.25299999999999	2634	165.56899999999999	3.9050890370000002	1.37E-95	4.03E-93
AT5G03030		5	708318	709734	-	2246	160.649	2568	203.82400000000001	346	17.061800000000002	267	16.783200000000001	3.904541407	1.48E-63	1.7400000000000002E-61
AT1G62490		1	23129872	23131533	-	24	1.7166399999999999	15	1.1905600000000001	4	0.197246	1	6.2858399999999995E-2	3.9026597070000002	7.9629899999999999E-4	3.0710310000000001E-3
AT4G24110		4	12519907	12520898	-	166	11.8734	194	15.3979	19	0.93691899999999995	26	1.63432	3.9026157910000001	7.2300000000000002E-19	1.44E-17
AT5G46710		5	18952603	18954692	-	581	41.556899999999999	556	44.13	73	3.5997400000000002	70	4.4000899999999996	3.9000415319999999	1.34E-42	8.0599999999999999E-41
AT4G11470	CRK31	4	6967709	6970469	+	90	6.4373899999999997	42	3.3335599999999999	6	0.29586899999999999	10	0.62858400000000003	3.8961639450000001	1.4699999999999999E-8	1.2700000000000001E-7
AT5G66400	RAB18	5	26518277	26519447	-	69	4.9353300000000004	170	13.493	15	0.73967300000000002	16	1.00573	3.894954856	1.62E-11	1.8899999999999999E-10
AT1G73480		1	27628678	27632840	+	3292	235.465	3286	260.81200000000001	439	21.6478	395	24.8291	3.8924753910000001	4.1200000000000003E-74	6.6499999999999997E-72
AT4G21323		4	11341963	11345718	+	183	13.089399999999999	79	6.27027	14	0.690361	18	1.1314500000000001	3.8902711390000002	2.5500000000000002E-13	3.4600000000000002E-12
ATMG00110	CCB206	Mt	30463	31083	+	39	2.7895300000000001	18	1.4286700000000001	3	0.14793500000000001	4	0.25143399999999999	3.8890281720000002	7.0900000000000002E-5	3.4409799999999998E-4
ATMG01360	COX1	Mt	349830	351413	-	270	19.312200000000001	214	16.985299999999999	38	1.87384	24	1.5085999999999999	3.8854829130000001	3.1599999999999998E-25	9.0700000000000004E-24
AT1G70640		1	26636110	26637876	+	123	8.7977600000000002	97	7.6989400000000003	15	0.73967300000000002	13	0.81715899999999997	3.8798629440000001	2.7399999999999999E-14	3.9700000000000002E-13
AT3G07390	AIR12	3	2365301	2366496	+	5050	361.209	6953	551.86300000000006	801	39.4985	752	47.269500000000001	3.8764643849999998	1.5900000000000001E-53	1.3799999999999999E-51
AT5G38200		5	15256243	15258814	+	2651	189.61699999999999	2952	234.30199999999999	466	22.979199999999999	276	17.3489	3.865769169	1.4299999999999999E-57	1.39E-55
AT2G32670	VAMP725	2	13857877	13859774	+	39	2.7895300000000001	59	4.6828599999999998	8	0.39449200000000001	5	0.31429200000000002	3.8655507710000001	2.23E-7	1.64E-6
AT5G02220	SMR4	5	441452	442187	-	199	14.2338	349	27.700299999999999	36	1.77521	36	2.2629000000000001	3.8645495489999999	1.26E-20	2.7900000000000002E-19
AT2G22460		2	9533094	9534188	-	84	6.0082300000000002	94	7.4608299999999996	10	0.49311500000000003	13	0.81715899999999997	3.8570007959999999	1.1400000000000001E-11	1.35E-10
AT3G55630	FPGS3	3	20636607	20639492	+	31	2.21732	51	4.0479000000000003	7	0.34518100000000002	4	0.25143399999999999	3.8569224539999998	2.0700000000000001E-6	1.3200000000000001E-5
AT1G05280		1	1534830	1537602	-	1264	90.409499999999994	1227	97.387699999999995	153	7.5446600000000004	168	10.5602	3.8550793560000001	1.0899999999999999E-52	9.3000000000000004E-51
AT5G02330		5	487114	489242	-	85	6.0797499999999998	43	3.4129299999999998	14	0.690361	3	0.18857499999999999	3.8530525240000002	6.2400000000000003E-8	4.9900000000000001E-7
AT4G35480	ATL45	4	16851972	16853035	-	443	31.686199999999999	416	33.0182	45	2.21902	65	4.0857999999999999	3.8495146419999999	1.7600000000000001E-30	6.3899999999999997E-29
AT3G01510	LSF1	3	198322	201810	-	827	59.1524	443	35.161200000000001	89	4.3887299999999998	74	4.6515199999999997	3.8490388379999998	3.8500000000000002E-35	1.73E-33
AT3G49190		3	18231845	18234391	-	5025	359.42099999999999	2436	193.34700000000001	574	28.3048	393	24.703299999999999	3.843390039	6.3599999999999999E-45	4.1799999999999999E-43
AT4G01870		4	808376	810611	-	8717	623.49699999999996	12399	984.11500000000001	1320	65.091200000000001	1456	91.521799999999999	3.8421633970000002	2.0799999999999999E-47	1.4799999999999999E-45
AT5G60510		5	24330338	24331768	+	20	1.4305300000000001	27	2.1429999999999998	1	4.9311500000000001E-2	5	0.31429200000000002	3.8378223990000002	3.6776300000000001E-4	1.535474E-3
AT1G16150	WAKL4	1	5532298	5535060	+	1655	118.376	975	77.386300000000006	167	8.2350200000000005	171	10.748799999999999	3.8369173029999999	1.1699999999999999E-45	7.8699999999999996E-44
AT1G20450	ERD10	1	7087903	7089606	-	23211	1660.2	34722	2755.9	4494	221.60599999999999	3351	210.63800000000001	3.8332491040000001	9.5499999999999999E-51	7.6800000000000001E-49
AT1G55230		1	20602819	20604033	+	214	15.306699999999999	121	9.6038399999999999	19	0.93691899999999995	24	1.5085999999999999	3.831933485	5.6299999999999998E-17	9.9399999999999998E-16
AT4G33290		4	16049573	16050865	+	22	1.57358	15	1.1905600000000001	4	0.197246	1	6.2858399999999995E-2	3.8315294139999998	1.148498E-3	4.2522469999999998E-3
AT4G16162		4	9159105	9161614	-	81	5.7936500000000004	69	5.4765699999999997	12	0.59173799999999999	8	0.50286699999999995	3.827795777	1.66E-10	1.75E-9
AT1G25275		1	8860527	8861522	+	4192	299.839	5397	428.363	661	32.594900000000003	621	39.0351	3.825736858	7.3000000000000004E-56	6.6800000000000003E-54
AT1G21460	SWEET1	1	7511750	7513481	-	79	5.6505900000000002	66	5.2384599999999999	8	0.39449200000000001	11	0.691442	3.8204881230000001	5.6100000000000003E-10	5.6299999999999998E-9
AT3G01900	CYP94B2	3	312241	314120	-	617	44.131900000000002	559	44.368099999999998	100	4.9311499999999997	59	3.7086399999999999	3.8203202200000002	1.01E-40	5.75E-39
AT1G21520		1	7534019	7534927	-	77	5.5075399999999997	115	9.1276100000000007	13	0.64105000000000001	13	0.81715899999999997	3.814502477	9.8400000000000001E-12	1.1800000000000001E-10
AT2G02250	PP2B2	2	594484	595869	-	206	14.734500000000001	179	14.2073	24	1.1834800000000001	27	1.6971799999999999	3.813906105	7.2199999999999995E-21	1.6299999999999999E-19
AT1G47600	TGG4	1	17491731	17494779	+	37988	2717.15	24966	1981.57	5381	265.34500000000003	3129	196.684	3.8113483800000001	3.1299999999999999E-61	3.41E-59
AT4G05018		4	2571040	2572208	+	74	5.2929599999999999	71	5.6353099999999996	6	0.29586899999999999	13	0.81715899999999997	3.8069022559999999	2.16E-9	2.0400000000000001E-8
AT4G24150	GRF8	4	12535972	12539576	+	19	1.359	17	1.3492999999999999	4	0.197246	1	6.2858399999999995E-2	3.8051544879999999	1.2864389999999999E-3	4.7036220000000002E-3
AT5G48180	NSP5	5	19540937	19542760	-	20118	1438.97	29975	2379.13	4009	197.69	2946	185.18100000000001	3.7981466610000001	6.79E-50	5.1999999999999997E-48
AT4G01780		4	767310	769246	+	70	5.0068599999999996	93	7.3814599999999997	9	0.44380399999999998	13	0.81715899999999997	3.796901096	2.2200000000000001E-10	2.3100000000000001E-9
AT1G49520		1	18329659	18332102	+	612	43.7742	445	35.319899999999997	76	3.7476799999999999	66	4.1486499999999999	3.7963962499999999	3.3099999999999999E-39	1.79E-37
AT2G47770	TSPO	2	19568464	19569507	+	103	7.3672300000000002	114	9.0482399999999998	19	0.93691899999999995	11	0.691442	3.7951899180000002	1.71E-13	2.3400000000000001E-12
AT5G60310	LECRK110	5	24268011	24270269	+	344	24.6051	195	15.4773	39	1.9231499999999999	33	2.0743299999999998	3.7941671260000001	1.3499999999999999E-23	3.5100000000000002E-22
AT5G64060	anac103	5	25633455	25635789	-	72	5.1499100000000002	49	3.88916	14	0.690361	3	0.18857499999999999	3.7852831889999998	7.7599999999999993E-8	6.13E-7
AT3G20300		3	7079492	7082178	-	324	23.174600000000002	725	57.543700000000001	81	3.9942299999999999	67	4.2115099999999996	3.784417527	7.4500000000000004E-22	1.7700000000000001E-20
AT3G02110	SCPL25	3	370668	373805	-	563	40.269399999999997	723	57.384900000000002	90	4.43804	87	5.46868	3.7835980280000001	3.2999999999999999E-36	1.5599999999999999E-34
AT1G15385		1	5292712	5293338	-	309	22.101700000000001	302	23.969899999999999	60	2.9586899999999998	26	1.63432	3.7808732790000001	5.2499999999999998E-25	1.4799999999999999E-23
AT4G36880	CP1	4	17374454	17376279	-	635	45.4193	979	77.703800000000001	75	3.6983600000000001	142	8.9258900000000008	3.7798652499999998	6.9000000000000003E-24	1.8400000000000001E-22
AT3G05630	PLPZETA2	3	1635194	1640357	+	734	52.500500000000002	698	55.400599999999997	93	4.5859699999999997	102	6.4115599999999997	3.7760296649999998	1.0100000000000001E-42	6.1100000000000002E-41
AT4G00305		4	131422	132018	+	97	6.9380699999999997	206	16.350300000000001	31	1.5286599999999999	13	0.81715899999999997	3.7758614229999998	9.2699999999999999E-13	1.2000000000000001E-11
AT5G02030	BLH9	5	395567	399125	+	170	12.1595	154	12.223100000000001	19	0.93691899999999995	25	1.5714600000000001	3.7724767090000002	1.01E-17	1.8599999999999999E-16
AT1G69260	AFP1	1	26038905	26040720	+	1440	102.998	1655	131.358	312	15.385199999999999	134	8.4230199999999993	3.7667068179999998	3.5099999999999999E-37	1.73E-35
AT3G56060		3	20803038	20806333	-	1770	126.602	965	76.592600000000004	196	9.6650600000000004	176	11.0631	3.7600670260000002	4.8900000000000002E-43	2.9900000000000001E-41
AT5G14700		5	4740238	4743539	-	566	40.484000000000002	467	37.066000000000003	102	5.0297799999999997	45	2.82863	3.7586239990000001	8.3000000000000001E-32	3.2000000000000003E-30
AT5G19070		5	6375159	6377667	+	1712	122.453	1465	116.27800000000001	255	12.574400000000001	190	11.943099999999999	3.7537950539999998	8.0399999999999998E-64	9.7199999999999998E-62
AT3G52450	PUB22	3	19440617	19442427	-	4983	356.41699999999997	3242	257.31900000000002	587	28.945900000000002	543	34.132100000000001	3.751423102	6.7900000000000003E-62	7.5600000000000002E-60
AT1G11960		1	4039566	4044046	-	1936	138.47499999999999	1122	89.053799999999995	236	11.637499999999999	186	11.691700000000001	3.75132559	1.1600000000000001E-47	8.3599999999999993E-46
AT4G36791		4	17338871	17339077	-	26	1.8596900000000001	38	3.0160800000000001	4	0.197246	5	0.31429200000000002	3.7496451400000002	2.55E-5	1.35394E-4
AT5G66150		5	26438839	26444434	-	30	2.1457999999999999	21	1.6667799999999999	3	0.14793500000000001	4	0.25143399999999999	3.7473694370000001	1.4911699999999999E-4	6.7673199999999998E-4
AT3G10600	CAT7	3	3313953	3317340	+	96	6.8665500000000002	48	3.80979	12	0.59173799999999999	8	0.50286699999999995	3.744222873	3.3099999999999999E-9	3.0799999999999998E-8
AT1G69680		1	26204805	26206991	+	1182	84.544300000000007	1505	119.453	223	10.996499999999999	162	10.1831	3.7439028099999998	4.4100000000000002E-46	3.0000000000000002E-44
AT3G54200		3	20065607	20066617	+	4659	333.24200000000002	3551	281.84500000000003	719	35.454999999999998	447	28.0977	3.7415753120000002	2.1899999999999999E-65	2.7599999999999999E-63
AT4G36040	ATJ11	4	17049152	17050608	-	9425	674.13699999999994	9740	773.06899999999996	1196	58.976599999999998	1461	91.836100000000002	3.7407180090000001	3.9700000000000003E-54	3.5200000000000003E-52
AT4G15280	UGT71B5	4	8719022	8720732	+	366	26.178699999999999	328	26.0335	52	2.5642	46	2.8914900000000001	3.7344318529999998	3.6899999999999999E-31	1.3800000000000001E-29
AT5G20045		5	6771472	6772252	-	481	34.404299999999999	638	50.638399999999997	84	4.1421700000000001	76	4.7772399999999999	3.7343758679999999	3.45E-33	1.4299999999999999E-31
AT5G48570	FKBP65	5	19690461	19693845	-	1714	122.596	935	74.211500000000001	188	9.2705699999999993	179	11.2517	3.7294164310000002	1.6599999999999999E-41	9.7200000000000002E-40
AT1G16160	WAKL5	1	5535766	5538501	+	1473	105.35899999999999	770	61.115299999999998	160	7.8898400000000004	151	9.4916199999999993	3.7269917640000001	2.8900000000000003E-38	1.5000000000000001E-36
AT1G53470	MSL4	1	19958380	19961827	+	5091	364.14100000000002	6824	541.625	1009	49.755299999999998	725	45.572299999999998	3.726188472	1.7999999999999999E-52	1.52E-50
AT3G49580	LSU1	3	18374908	18375940	-	389	27.823799999999999	1486	117.94499999999999	88	4.33941	179	11.2517	3.7241810599999998	7.3050100000000005E-4	2.8454399999999999E-3
AT3G06500	INVC	3	2011993	2015831	+	6337	453.26400000000001	5774	458.286	913	45.0214	809	50.852400000000003	3.7229769450000001	2.0899999999999999E-78	4.1099999999999998E-76
AT2G07698		2	3361463	3364127	+	126	9.01234	87	6.90524	15	0.73967300000000002	15	0.94287600000000005	3.7203589140000002	4.8499999999999995E-13	6.4199999999999997E-12
AT1G01720	NAC002	1	267993	269819	+	11575	827.91899999999998	9887	784.73699999999997	1691	83.385800000000003	1373	86.304599999999994	3.7202803699999998	1.2699999999999999E-85	3.02E-83
AT5G42490		5	16988280	16992754	-	15	1.0729	20	1.58741	2	9.8623000000000002E-2	3	0.18857499999999999	3.7154570470000001	1.5149409999999999E-3	5.4353129999999998E-3
AT5G14470	GLCAK2	5	4662775	4664681	-	557	39.840299999999999	692	54.924399999999999	96	4.7339099999999998	85	5.3429599999999997	3.7130140900000002	2.2799999999999999E-36	1.0899999999999999E-34
AT5G59190		5	23885855	23888673	+	55	3.9339599999999999	25	1.9842599999999999	4	0.197246	7	0.44000899999999998	3.7112187350000001	8.6500000000000002E-6	4.9700000000000002E-5
AT4G24972	TPD1	4	12837353	12840230	+	41	2.9325899999999998	64	5.07972	13	0.64105000000000001	3	0.18857499999999999	3.7081813810000002	7.3799999999999996E-7	5.0499999999999999E-6
AT2G34850	MEE25	2	14704507	14707425	-	137	9.7991299999999999	89	7.0639799999999999	23	1.1341600000000001	10	0.62858400000000003	3.7037390929999998	8.8599999999999996E-13	1.1500000000000001E-11
AT3G54530		3	20185966	20187637	-	26	1.8596900000000001	17	1.3492999999999999	2	9.8623000000000002E-2	4	0.25143399999999999	3.7036680670000002	5.8942399999999996E-4	2.3427650000000001E-3
AT4G37370	CYP81D8	4	17569740	17571743	-	1446	103.42700000000001	1319	104.69	116	5.7201399999999998	266	16.720300000000002	3.6980693219999998	4.6599999999999997E-25	1.3199999999999999E-23
AT4G17090	BAM3	4	9604962	9607402	-	46	3.2902200000000001	27	2.1429999999999998	2	9.8623000000000002E-2	8	0.50286699999999995	3.6969150329999998	3.01E-5	1.57238E-4
AT1G33590		1	12177673	12179628	+	4506	322.298	3317	263.27199999999999	488	24.064	620	38.972200000000001	3.6897457710000001	7.0600000000000002E-49	5.2400000000000002E-47
AT2G15480	UGT73B5	2	6758430	6763501	+	7255	518.92499999999995	6680	530.19500000000005	929	45.810400000000001	1072	67.384200000000007	3.688583135	9.2400000000000004E-59	9.32E-57
AT2G17840	ERD7	2	7755605	7757929	-	12773	913.60799999999995	11294	896.41099999999994	2108	103.949	1446	90.893199999999993	3.6865632119999998	1.52E-78	3.05E-76
AT3G04220		3	1108725	1112437	-	39	2.7895300000000001	18	1.4286700000000001	3	0.14793500000000001	5	0.31429200000000002	3.6853473760000002	1.25604E-4	5.7885900000000004E-4
AT5G42930		5	17210533	17214220	-	1865	133.39699999999999	1276	101.277	282	13.905799999999999	183	11.5031	3.6718036029999999	1.0600000000000001E-51	8.6800000000000002E-50
AT3G09940	MDAR3	3	3056375	3059244	-	14382	1028.69	13402	1063.72	2248	110.852	1870	117.545	3.6690037769999999	2.9999999999999999E-82	6.5899999999999997E-80
AT4G15150		4	8641499	8642278	-	568	40.627099999999999	468	37.145400000000002	70	3.45181	81	5.0915299999999997	3.6679818399999999	7.6900000000000002E-35	3.41E-33
AT5G02260	EXPA9	5	463073	465273	+	15218	1088.49	11593	920.14300000000003	2062	101.68	1870	117.545	3.6665455790000001	3.24E-76	5.7600000000000001E-74
AT3G20160		3	7038957	7040198	+	1346	96.274699999999996	921	73.100300000000004	199	9.8129899999999992	137	8.6115999999999993	3.6657499499999999	1.7599999999999999E-48	1.29E-46
AT4G36110		4	17089934	17090873	+	58	4.1485399999999997	31	2.4604900000000001	7	0.34518100000000002	6	0.37714999999999999	3.6633676839999998	1.6899999999999999E-6	1.1E-5
AT1G01740		1	272111	274930	-	725	51.856699999999996	463	36.748600000000003	103	5.0790899999999999	73	4.58866	3.6605611709999999	2.86E-36	1.3600000000000001E-34
AT4G18950		4	10375244	10378416	+	12257	876.7	9463	751.08399999999995	1390	68.543000000000006	1754	110.254	3.6600551920000002	1.15E-51	9.4199999999999991E-50
AT1G52050	JAL8	1	19354919	19356901	-	16184	1157.5899999999999	12418	985.62400000000002	2204	108.68300000000001	2021	127.03700000000001	3.655636619	1.01E-75	1.7499999999999999E-73
AT5G46590	anac096	5	18905258	18907052	+	326	23.317599999999999	552	43.8125	56	2.76145	76	4.7772399999999999	3.6475976540000001	1.0500000000000001E-21	2.4700000000000001E-20
AT1G15430		1	5304098	5306087	+	1118	79.9666	1501	119.13500000000001	233	11.489599999999999	169	10.623100000000001	3.647551784	2E-41	1.17E-39
AT1G09940	HEMA2	1	3236908	3239554	-	4276	305.84699999999998	3012	239.06399999999999	561	27.663799999999998	520	32.686399999999999	3.6450262680000001	8.5399999999999995E-63	9.6999999999999995E-61
AT3G62260		3	23038266	23040668	-	2322	166.08500000000001	1994	158.26499999999999	377	18.590399999999999	277	17.411799999999999	3.6417374869999999	1.7200000000000001E-65	2.19E-63
AT3G19970		3	6958509	6961684	+	1481	105.931	1399	111.039	218	10.7499	215	13.5146	3.6378626170000001	4.1400000000000003E-54	3.6500000000000002E-52
AT5G60530		5	24333907	24335858	-	25503	1824.14	16405	1302.07	3267	161.101	2972	186.815	3.6355185649999999	1.7400000000000001E-63	2.04E-61
AT3G15356	LEC	3	5174402	5175523	-	627	44.847099999999998	690	54.765700000000002	138	6.8049900000000001	68	4.2743700000000002	3.6330147080000001	3.4999999999999999E-33	1.45E-31
AT2G30020		2	12814271	12816360	+	1878	134.327	1656	131.43799999999999	322	15.878299999999999	220	13.828799999999999	3.6306132529999999	6.56E-60	6.7900000000000002E-58
AT1G73530	ORRM6	1	27643609	27645525	-	463	33.116799999999998	255	20.2395	62	3.0573100000000002	46	2.8914900000000001	3.6286277729999998	1.53E-25	4.4900000000000001E-24
AT3G23060		3	8200636	8203335	+	29	2.0742699999999998	42	3.3335599999999999	6	0.29586899999999999	5	0.31429200000000002	3.6269873700000002	1.34E-5	7.4200000000000001E-5
AT2G01023		2	9648	9767	-	56	4.0054800000000004	43	3.4129299999999998	8	0.39449200000000001	7	0.44000899999999998	3.6266158590000002	2.9900000000000002E-7	2.1600000000000001E-6
ATMG00670	ORF275	Mt	191055	191882	-	65	4.6492199999999997	89	7.0639799999999999	21	1.0355399999999999	4	0.25143399999999999	3.6215146370000002	2.84E-8	2.3699999999999999E-7
AT1G13480		1	4622550	4624081	-	701	50.140099999999997	385	30.557700000000001	41	2.0217700000000001	114	7.1658600000000003	3.6182653280000001	4.0799999999999999E-17	7.2599999999999996E-16
AT1G21790		1	7654088	7655981	+	563	40.269399999999997	839	66.591899999999995	131	6.4598100000000001	90	5.6572500000000003	3.617403446	7.2799999999999997E-31	2.6899999999999999E-29
AT2G43470		2	18049799	18051589	-	115	8.2255500000000001	215	17.064699999999998	28	1.3807199999999999	24	1.5085999999999999	3.6137072290000001	3.1499999999999998E-14	4.5499999999999998E-13
AT2G33100	CSLD1	2	14036319	14040544	-	74	5.2929599999999999	41	3.2541899999999999	6	0.29586899999999999	11	0.691442	3.6117988169999999	2.2499999999999999E-7	1.6500000000000001E-6
AT4G01250	WRKY22	4	522530	524249	-	551	39.411099999999998	515	40.875799999999998	85	4.1914800000000003	79	4.9658100000000003	3.6095077020000002	1.88E-37	9.4799999999999995E-36
AT4G30490		4	14899034	14902144	-	8019	573.57100000000003	6558	520.51199999999994	1278	63.020099999999999	975	61.286900000000003	3.6082361359999999	1.7900000000000002E-77	3.4399999999999999E-75
AT4G39060		4	18202607	18204634	+	23	1.6451100000000001	17	1.3492999999999999	2	9.8623000000000002E-2	4	0.25143399999999999	3.6042511340000001	1.019002E-3	3.8191039999999998E-3
AT2G14290		2	6057288	6058620	-	41	2.9325899999999998	31	2.4604900000000001	5	0.246558	6	0.37714999999999999	3.5998460990000001	1.2E-5	6.7100000000000005E-5
AT2G26530	AR781	2	11282663	11284272	-	2317	165.727	2457	195.01300000000001	317	15.6318	413	25.9605	3.5977042990000001	2.33E-42	1.3900000000000001E-40
AT3G59480		3	21982989	21984598	+	1742	124.599	1027	81.513599999999997	229	11.292299999999999	196	12.3202	3.5930258460000002	6.9300000000000004E-44	4.3400000000000002E-42
AT2G32235		2	13682557	13684248	-	327	23.389199999999999	266	21.1126	48	2.3669500000000001	44	2.7657699999999998	3.5918465780000002	1.26E-26	3.8600000000000001E-25
AT3G03500		3	832718	834600	+	6647	475.43700000000001	4431	351.69099999999997	981	48.374600000000001	739	46.452300000000001	3.5917764889999999	1.0600000000000001E-62	1.2E-60
AT5G67350		5	26868290	26869719	-	612	43.7742	731	58.0199	130	6.4104999999999999	85	5.3429599999999997	3.5863123259999998	9.1900000000000002E-36	4.2599999999999999E-34
AT3G10930		3	3420081	3420932	-	344	24.6051	433	34.367400000000004	57	2.8107600000000001	65	4.0857999999999999	3.582836506	5.1399999999999998E-26	1.5300000000000001E-24
AT2G41445		2	17275470	17277607	+	27	1.9312199999999999	17	1.3492999999999999	5	0.246558	2	0.125717	3.5797357430000001	6.30219E-4	2.489149E-3
AT2G33580	LYK5	2	14219481	14222254	-	1084	77.534700000000001	652	51.749600000000001	154	7.5939699999999997	117	7.3544299999999998	3.5779398279999999	5.12E-39	2.7299999999999999E-37
AT3G02990	HSFA1E	3	673428	676428	+	776	55.504600000000003	804	63.813899999999997	109	5.3749599999999997	138	8.6744599999999998	3.570429077	1.9499999999999999E-35	8.8999999999999993E-34
AT2G15830		2	6893949	6894685	+	933	66.734200000000001	1046	83.021600000000007	171	8.4322700000000008	145	9.1144700000000007	3.5703466349999999	2.2900000000000002E-44	1.4699999999999999E-42
AT3G15540	IAA19	3	5264001	5265695	+	1105	79.036799999999999	976	77.465699999999998	193	9.5171200000000002	139	8.7373200000000004	3.5697062650000002	1.37E-50	1.0899999999999999E-48
AT2G28400		2	12147883	12149072	-	1338	95.702500000000001	1493	118.5	272	13.412699999999999	186	11.691700000000001	3.5659775580000002	4.29E-48	3.1199999999999998E-46
AT4G17615	CBL1	4	9816278	9819368	+	2645	189.18799999999999	2165	171.83699999999999	441	21.746400000000001	326	20.491800000000001	3.565273763	2.5199999999999999E-64	3.0900000000000001E-62
AT4G23810	WRKY53	4	12392370	12393982	-	737	52.715000000000003	416	33.0182	76	3.7476799999999999	101	6.3487	3.5626115739999999	5.4299999999999998E-27	1.71E-25
AT4G39700	HIPP23	4	18424109	18425109	+	157	11.229699999999999	284	22.5412	44	2.1697099999999998	29	1.8228899999999999	3.556602528	2.46E-16	4.1999999999999996E-15
AT5G63790	ANAC102	5	25526509	25528281	-	17420	1245.99	16875	1339.38	2916	143.792	2570	161.54599999999999	3.556409377	3.7999999999999996E-74	6.1800000000000001E-72
AT1G26730	PHO1-H7	1	9241036	9244918	+	442	31.614699999999999	388	30.7958	59	2.9093800000000001	72	4.5258000000000003	3.5534159820000002	3.7799999999999998E-29	1.3000000000000001E-27
AT4G36795		4	17338904	17339161	+	16	1.14442	59	4.6828599999999998	10	0.49311500000000003	3	0.18857499999999999	3.5523343600000001	9.0299999999999999E-5	4.2860499999999998E-4
AT2G21400	SRS3	2	9158310	9159732	+	17	1.2159500000000001	14	1.1111899999999999	3	0.14793500000000001	2	0.125717	3.5516464559999998	3.3778990000000002E-3	1.0922584000000001E-2
AT1G51470	TGG5	1	19087384	19090523	+	29194	2088.14	17759	1409.54	4736	233.53899999999999	2835	178.20400000000001	3.550650777	1.2399999999999999E-50	9.8899999999999998E-49
AT4G33980		4	16282281	16285229	-	228	16.308	336	26.668500000000002	61	3.008	33	2.0743299999999998	3.5483749439999999	5.8199999999999994E-20	1.2500000000000001E-18
AT5G41810		5	16738062	16739790	+	2577	184.32400000000001	2256	179.06	488	24.064	306	19.2347	3.5376540360000002	2.6900000000000001E-57	2.5800000000000001E-55
AT1G62840		1	23271416	23272578	+	64	4.5777000000000001	139	11.032500000000001	12	0.59173799999999999	21	1.32003	3.5359278860000001	3.0399999999999998E-9	2.84E-8
AT5G53905		5	21888148	21889254	-	79	5.6505900000000002	109	8.6513899999999992	17	0.83829600000000004	14	0.88001700000000005	3.5355986860000002	6.1799999999999996E-11	6.8600000000000001E-10
AT1G56300		1	21078023	21080423	-	525	37.551400000000001	724	57.464300000000001	107	5.2763299999999997	99	6.2229799999999997	3.5285213450000001	1.36E-30	4.9799999999999999E-29
AT4G16220		4	9182283	9183922	+	20	1.4305300000000001	17	1.3492999999999999	3	0.14793500000000001	3	0.18857499999999999	3.5276621480000001	1.4744910000000001E-3	5.3061940000000002E-3
AT1G76210		1	28594950	28595996	-	35	2.5034299999999998	29	2.3017500000000002	10	0.49311500000000003	1	6.2858399999999995E-2	3.5246810160000002	1.41087E-4	6.4261400000000001E-4
AT5G61390	NEN2	5	24678555	24681078	-	606	43.345100000000002	552	43.8125	105	5.1777100000000003	85	5.3429599999999997	3.5233655829999999	1.15E-38	6.0600000000000004E-37
AT5G04340	ZAT6	5	1216058	1217362	-	2101	150.27699999999999	2618	207.792	481	23.718800000000002	312	19.611799999999999	3.5217876509999999	3.18E-45	2.1199999999999999E-43
AT5G63130		5	25322975	25324739	+	690	49.353299999999997	551	43.733199999999997	100	4.9311499999999997	101	6.3487	3.5216992509999998	9.9499999999999996E-38	5.0400000000000002E-36
AT5G59720	HSP18.1	5	24062323	24063300	+	247	17.667000000000002	201	15.9535	44	2.1697099999999998	30	1.88575	3.5170040230000001	1.7200000000000001E-21	4.0199999999999998E-20
AT5G64250		5	25697354	25699255	-	9707	694.30799999999999	17224	1367.08	2169	106.95699999999999	2312	145.32900000000001	3.5159233369999998	2.6599999999999999E-32	1.0500000000000001E-30
AT4G24040	TRE1	4	12488040	12491298	+	202	14.448399999999999	221	17.540900000000001	44	2.1697099999999998	27	1.6971799999999999	3.5142834340000002	9.9599999999999996E-20	2.09E-18
AT1G33280	BRN1	1	12072611	12073965	+	1141	81.611699999999999	1195	94.847800000000007	232	11.440300000000001	159	9.9944799999999994	3.5130446489999998	7.5100000000000001E-47	5.2199999999999999E-45
AT1G07175		1	2202278	2203366	+	329	23.5322	198	15.715400000000001	40	1.9724600000000001	45	2.82863	3.5087743229999999	8.0499999999999994E-21	1.8099999999999999E-19
AT5G01410	PDX13	5	171889	173663	-	6037	431.80599999999998	7403	587.58000000000004	1290	63.611899999999999	972	61.098399999999998	3.5081097219999999	1.0600000000000001E-53	9.2799999999999994E-52
AT5G66110	HIPP27	5	26430071	26431351	+	22	1.57358	14	1.1111899999999999	4	0.197246	2	0.125717	3.504599088	2.010768E-3	6.9604669999999997E-3
AT5G26300		5	9229326	9231180	+	28	2.0027400000000002	23	1.82552	1	4.9311500000000001E-2	7	0.44000899999999998	3.5005291629999999	6.4665000000000002E-4	2.547367E-3
AT1G72590	PPRD1	1	27335531	27337123	+	81	5.7936500000000004	63	5.0003399999999996	14	0.690361	10	0.62858400000000003	3.499003042	2.7400000000000001E-9	2.5600000000000001E-8
AT4G02320	PME40	4	1022725	1026179	-	22	1.57358	46	3.6510500000000001	9	0.44380399999999998	3	0.18857499999999999	3.4971753809999999	6.9400000000000006E-5	3.3730899999999999E-4
AT1G08550	VDE1	1	2706868	2709988	+	178	12.7317	401	31.8276	55	2.7121300000000002	45	2.82863	3.4930590540000002	8.2200000000000004E-16	1.34E-14
AT4G21830	MSRB7	4	11584346	11585542	-	10121	723.92	11547	916.49199999999996	2090	103.06100000000001	1587	99.756299999999996	3.491840593	4.3000000000000001E-60	4.4799999999999997E-58
AT1G49900		1	18473908	18477643	-	23	1.6451100000000001	30	2.3811200000000001	5	0.246558	4	0.25143399999999999	3.491474228	1.8268000000000001E-4	8.1594100000000004E-4
AT5G45110	NPR3	5	18228768	18231588	+	6406	458.19900000000001	4605	365.50099999999998	1042	51.382599999999996	797	50.098100000000002	3.4893275859999999	8.6500000000000006E-65	1.07E-62
AT3G23240	ERF1B	3	8295617	8296604	+	18	1.28748	35	2.7779699999999998	4	0.197246	5	0.31429200000000002	3.4885624649999998	2.64257E-4	1.139751E-3
AT1G23840		1	8424142	8425385	-	55	3.9339599999999999	53	4.2066400000000002	16	0.78898400000000002	3	0.18857499999999999	3.4864170919999999	1.44E-6	9.4399999999999994E-6
AT5G52300	LTI65	5	21237021	21239531	+	141	10.0852	168	13.334300000000001	39	1.9231499999999999	15	0.94287600000000005	3.4840198309999999	5.2300000000000002E-14	7.4499999999999996E-13
AT1G74400	PCMP-E68	1	27963926	27965390	+	92	6.5804400000000003	72	5.7146800000000004	11	0.54242699999999999	16	1.00573	3.482496807	9.1500000000000005E-10	8.9899999999999998E-9
AT1G76070		1	28546382	28547611	+	1454	104	1697	134.69200000000001	274	13.5114	260	16.3432	3.4783906789999999	6.5599999999999999E-45	4.2999999999999996E-43
AT3G04010		3	1036194	1039603	-	6215	444.53699999999998	7571	600.91399999999999	1342	66.176100000000005	1028	64.618399999999994	3.475861187	1.76E-53	1.5099999999999999E-51
AT5G16230	S-ACP-DES3	5	5302905	5306088	+	1529	109.364	1384	109.849	296	14.5962	203	12.760300000000001	3.472119277	1.26E-52	1.0599999999999999E-50
AT1G77760	NIA1	1	29235721	29239484	-	2198	157.215	1124	89.212500000000006	505	24.9023	89	5.5944000000000003	3.4690874819999999	4.43452E-4	1.8185569999999999E-3
AT3G23010	AtRLP36	3	8174341	8176911	+	34	2.4319000000000002	24	1.90489	7	0.34518100000000002	3	0.18857499999999999	3.4674626069999999	1.2476300000000001E-4	5.75455E-4
AT1G34260	FAB1D	1	12485318	12492207	+	1938	138.61799999999999	1340	106.357	325	16.026199999999999	232	14.5831	3.4671322089999999	6.4800000000000003E-50	4.9799999999999999E-48
AT4G29070		4	14321807	14323336	+	683	48.852600000000002	691	54.845100000000002	140	6.9036099999999996	97	6.0972600000000003	3.466313575	9.2999999999999998E-39	4.9100000000000004E-37
AT5G23700		5	7992776	7997509	+	430	30.756399999999999	324	25.716100000000001	84	4.1421700000000001	46	2.8914900000000001	3.4645339719999999	7.9600000000000007E-27	2.4599999999999999E-25
AT3G51450	SSL7	3	19090947	19092511	+	710	50.783799999999999	757	60.083500000000001	138	6.8049900000000001	114	7.1658600000000003	3.4640229050000002	2.2E-39	1.19E-37
AT3G09390	MT2A	3	2889406	2890574	-	524	37.479900000000001	1193	94.689099999999996	167	8.2350200000000005	136	8.5487400000000004	3.4636988089999998	6.1500000000000003E-21	1.3899999999999999E-19
AT5G52020	ERF025	5	21123958	21125065	-	864	61.798900000000003	973	77.227500000000006	164	8.0870899999999999	151	9.4916199999999993	3.4621938280000002	2.8700000000000001E-40	1.5999999999999999E-38
AT4G29670	ACHT2	4	14535407	14537356	-	906	64.802999999999997	976	77.465699999999998	189	9.3198799999999995	137	8.6115999999999993	3.4611064210000002	1.5899999999999999E-42	9.5499999999999993E-41
AT2G35510	SRO1	2	14916690	14920482	-	6284	449.47300000000001	5198	412.56799999999998	1054	51.974299999999999	902	56.698300000000003	3.4596423220000001	1.0699999999999999E-69	1.5200000000000002E-67
AT1G30660		1	10876724	10879143	+	42	3.0041099999999998	21	1.6667799999999999	9	0.44380399999999998	2	0.125717	3.4588746220000002	1.5507800000000001E-4	7.0040599999999999E-4
AT3G50930	HSR4	3	18929526	18932181	+	1189	85.045000000000002	920	73.020899999999997	224	11.0458	141	8.8630300000000002	3.45442648	2.9500000000000002E-44	1.88E-42
AT1G51670	HTT5	1	19156135	19158769	+	46	3.2902200000000001	16	1.26993	3	0.14793500000000001	7	0.44000899999999998	3.4542603980000002	2.4564500000000001E-4	1.0663960000000001E-3
AT5G39580	PER62	5	15847065	15849141	-	1843	131.82300000000001	2250	178.584	203	10.010199999999999	472	29.6692	3.452091979	3.58E-6	2.1999999999999999E-5
AT4G36710	SCL15	4	17305758	17307648	+	849	60.725999999999999	688	54.606900000000003	154	7.5939699999999997	112	7.0401400000000001	3.4470653310000001	3.0699999999999997E-42	1.83E-40
AT3G42180		3	14324181	14328722	-	578	41.342300000000002	704	55.876899999999999	87	4.2900999999999998	131	8.2344500000000007	3.445267877	1.5200000000000001E-25	4.4599999999999999E-24
AT1G05680	UGT74E2	1	1703002	1704838	-	2282	163.22300000000001	5120	406.37700000000001	628	30.967600000000001	676	42.4923	3.4440072079999999	1.27E-23	3.3300000000000001E-22
AT1G76980		1	28925708	28927391	-	1961	140.26300000000001	2353	186.75899999999999	415	20.464300000000001	340	21.3719	3.44395169	2.11E-47	1.5000000000000001E-45
AT3G06895		3	2178129	2178291	+	15	1.0729	18	1.4286700000000001	5	0.246558	1	6.2858399999999995E-2	3.442517767	3.7928110000000001E-3	1.2084371999999999E-2
AT5G42010		5	16801707	16805242	+	1028	73.529300000000006	616	48.892299999999999	126	6.2132500000000004	150	9.4287600000000005	3.442306136	2.0600000000000001E-31	7.8300000000000001E-30
AT3G53160	UGT73C7	3	19702332	19703976	-	431	30.8279	424	33.653100000000002	64	3.1559400000000002	82	5.1543900000000002	3.44173909	6.3199999999999999E-27	1.9699999999999999E-25
AT4G05010		4	2567183	2568437	+	2504	179.102	2813	223.26900000000001	549	27.071999999999999	389	24.451899999999998	3.4397033170000002	1.6900000000000001E-51	1.38E-49
AT2G30040	MAPKKK14	2	12821569	12823169	+	1615	115.515	1764	140.01	340	16.765899999999998	255	16.0289	3.4363909829999999	1.9100000000000001E-49	1.4400000000000001E-47
AT4G25350	PHO1-H4	4	12962965	12966629	-	958	68.522400000000005	571	45.320599999999999	116	5.7201399999999998	142	8.9258900000000008	3.432986965	5.2200000000000003E-30	1.86E-28
AT1G02390	GPAT2	1	480650	483373	+	334	23.889900000000001	167	13.254899999999999	49	2.4162599999999999	37	2.3257599999999998	3.4327069809999999	1.8700000000000001E-18	3.6299999999999999E-17
AT2G16900		2	7323570	7326317	-	3583	256.279	4204	333.67399999999998	745	36.737099999999998	626	39.349400000000003	3.4322395659999998	2.97E-52	2.47E-50
AT5G62020	HSFB2A	5	24915807	24917643	+	1305	93.342100000000002	1591	126.279	300	14.7935	215	13.5146	3.4311588629999998	3.5700000000000003E-42	2.1100000000000001E-40
AT5G15250	FTSH6	5	4950359	4952803	-	24	1.7166399999999999	27	2.1429999999999998	5	0.246558	4	0.25143399999999999	3.4289463040000001	2.63954E-4	1.1386600000000001E-3
AT3G58770		3	21732122	21735327	+	39	2.7895300000000001	28	2.2223799999999998	9	0.44380399999999998	3	0.18857499999999999	3.4240289960000001	5.6799999999999998E-5	2.8180300000000001E-4
AT5G45340	CYP707A3	5	18368532	18371021	-	677	48.423400000000001	584	46.352400000000003	137	6.7556799999999999	87	5.46868	3.4208549939999999	8.8899999999999994E-37	4.27E-35
AT1G73540	NUDT21	1	27645552	27646743	-	1240	88.692899999999995	1045	82.9422	207	10.2075	192	12.0688	3.4202950400000001	6.7599999999999995E-48	4.88E-46
AT1G22400	UGT85A1	1	7903660	7906969	-	3816	272.94499999999999	6453	512.178	930	45.859699999999997	903	56.761099999999999	3.4198270289999999	1.71E-32	6.8300000000000002E-31
AT1G23710		1	8385188	8386522	+	2523	180.46100000000001	2046	162.392	421	20.760100000000001	377	23.697600000000001	3.4196735089999999	5.1299999999999998E-58	5.0599999999999996E-56
AT1G77680	SOV	1	29191720	29196290	-	4273	305.63299999999998	3513	278.82900000000001	743	36.638500000000001	625	39.286499999999997	3.416150826	2.4699999999999999E-65	3.0799999999999999E-63
AT3G57760		3	21395297	21397244	+	276	19.741299999999999	322	25.557300000000001	74	3.6490499999999999	35	2.20004	3.4150315299999998	7.7600000000000006E-21	1.7500000000000001E-19
AT3G47960	NPF2.10	3	17697942	17700923	-	2815	201.34700000000001	3146	249.7	635	31.312799999999999	437	27.469100000000001	3.4140005709999999	3.5599999999999998E-51	2.8900000000000001E-49
AT1G55920	SAT1	1	20912116	20913565	+	10327	738.654	9161	727.11400000000003	1810	89.253900000000002	1632	102.58499999999999	3.4070331409999999	1.9099999999999999E-68	2.5600000000000002E-66
AT5G51451	RGF5	5	20898108	20898775	+	90	6.4373899999999997	63	5.0003399999999996	15	0.73967300000000002	12	0.754301	3.406171225	2.3499999999999999E-9	2.1999999999999998E-8
AT5G57400		5	23261985	23263479	-	298	21.314900000000002	321	25.477900000000002	54	2.66282	56	3.52007	3.4024389209999999	7.2000000000000002E-24	1.91E-22
AT3G61190	BAP1	3	22650159	22651636	-	529	37.837499999999999	537	42.622	105	5.1777100000000003	86	5.4058200000000003	3.4011885460000002	4.5799999999999998E-34	1.9599999999999999E-32
AT1G73965	CLE13	1	27815627	27816468	+	90	6.4373899999999997	117	9.2863500000000005	25	1.2327900000000001	13	0.81715899999999997	3.4011828099999999	5.1500000000000003E-11	5.7599999999999998E-10
AT2G07662		2	3497073	3498780	-	76	5.4360099999999996	124	9.8419500000000006	17	0.83829600000000004	19	1.19431	3.4007352630000001	3.2700000000000001E-10	3.34E-9
AT1G05530	UGT75B2	1	1636249	1637914	-	966	69.0946	913	72.465299999999999	176	8.6788299999999996	159	9.9944799999999994	3.3982160210000001	4.9399999999999995E-44	3.12E-42
AT2G36630		2	15352491	15355330	-	97	6.9380699999999997	98	7.7783100000000003	19	0.93691899999999995	16	1.00573	3.3969468680000001	2.4400000000000001E-11	2.8000000000000002E-10
AT4G02140		4	948598	951063	-	39	2.7895300000000001	31	2.4604900000000001	3	0.14793500000000001	9	0.56572500000000003	3.3940163339999998	6.86E-5	3.3417599999999999E-4
AT5G16360		5	5354876	5356353	-	3360	240.32900000000001	2852	226.36500000000001	599	29.537600000000001	511	32.120600000000003	3.3925600330000001	1.92E-62	2.1599999999999999E-60
AT3G49630		3	18397725	18400640	+	147	10.5144	165	13.0961	19	0.93691899999999995	36	2.2629000000000001	3.3832732989999998	5.2599999999999998E-13	6.9399999999999999E-12
AT5G48250	COL10	5	19561319	19563832	-	473	33.832000000000001	433	34.367400000000004	85	4.1914800000000003	78	4.9029499999999997	3.3832519300000001	1.6000000000000001E-31	6.0999999999999998E-30
AT1G72140	NPF5.12	1	27141765	27144490	+	2172	155.35599999999999	1816	144.137	557	27.4665	193	12.1317	3.381818005	7.3099999999999997E-27	2.27E-25
AT3G11170	FAD7	3	3499537	3502452	+	1359	97.204499999999996	1324	105.087	262	12.919600000000001	224	14.080299999999999	3.3803476570000002	2.8E-49	2.11E-47
AT5G52410		5	21275889	21279522	+	623	44.561	484	38.415300000000002	106	5.2270200000000004	93	5.8458300000000003	3.3785604610000002	8.8700000000000003E-35	3.9099999999999997E-33
AT5G06320	NHL3	5	1930793	1931782	-	6681	477.86900000000003	4865	386.13799999999998	917	45.218699999999998	1119	70.338499999999996	3.3751802309999999	5.0099999999999997E-44	3.1499999999999999E-42
AT2G43120		2	17927181	17929138	+	5062	362.06700000000001	5839	463.44499999999999	1061	52.319499999999998	930	58.458300000000001	3.375076559	1.14E-52	9.6100000000000006E-51
AT2G39650		2	16527730	16529494	-	493	35.262599999999999	559	44.368099999999998	107	5.2763299999999997	86	5.4058200000000003	3.3739205079999999	1.76E-31	6.7199999999999997E-30
AT1G78070		1	29354944	29359032	+	4993	357.13200000000001	4437	352.16699999999997	1043	51.431899999999999	692	43.497999999999998	3.3717946799999998	3.25E-60	3.4200000000000003E-58
AT3G59220	PRN1	3	21893812	21895789	+	2209	158.00200000000001	5130	407.17099999999999	832	41.027200000000001	565	35.515000000000001	3.3701347359999998	1.1199999999999999E-22	2.77E-21
AT4G30530	GGP1	4	14920376	14922519	+	12225	874.41200000000003	16953	1345.57	3005	148.18100000000001	2409	151.42599999999999	3.3690598469999999	1.1600000000000001E-43	7.1899999999999996E-42
AT2G24500	REIL2	2	10400630	10402934	-	6380	456.339	6366	505.27300000000002	1257	61.9846	1074	67.509900000000002	3.3674279949999999	8.3100000000000004E-63	9.4800000000000006E-61
AT1G60470	GOLS4	1	22278975	22280593	-	25	1.78816	74	5.8734200000000003	5	0.246558	13	0.81715899999999997	3.3673828239999999	2.7900000000000001E-5	1.4712199999999999E-4
AT4G08040	ACS11	4	4886962	4889224	+	188	13.446999999999999	160	12.699299999999999	36	1.77521	28	1.76003	3.3574762210000002	3.2799999999999998E-17	5.8400000000000002E-16
AT2G19450	DGAT1	2	8426117	8429853	+	2047	146.41499999999999	2900	230.17500000000001	525	25.888500000000001	405	25.457599999999999	3.3539711790000002	9.4600000000000001E-38	4.8E-36
AT1G28380	NSL1	1	9963448	9966320	+	4429	316.791	2561	203.268	646	31.8552	614	38.594999999999999	3.3512389680000001	1.6300000000000001E-42	9.7700000000000001E-41
AT1G56660		1	21237839	21241014	+	10244	732.71799999999996	13657	1083.96	2582	127.322	1926	121.065	3.3491172549999999	5.3199999999999998E-45	3.5E-43
AT2G32140		2	13655627	13657369	-	333	23.818300000000001	221	17.540900000000001	39	1.9231499999999999	60	3.7715000000000001	3.3457689789999998	2.1999999999999998E-18	4.25E-17
AT5G15160	PRE2	5	4921243	4922812	-	102	7.2957000000000001	81	6.4290099999999999	20	0.98623000000000005	14	0.88001700000000005	3.3445538209999999	1.3300000000000001E-10	1.43E-9
AT5G39930	CLPS5	5	15985025	15987339	-	27	1.9312199999999999	48	3.80979	6	0.29586899999999999	8	0.50286699999999995	3.3439017610000001	3.4700000000000003E-5	1.7900699999999999E-4
AT1G32860		1	11907044	11909049	-	1069	76.461799999999997	1055	83.735900000000001	213	10.503399999999999	182	11.440200000000001	3.3431732310000002	1.2900000000000001E-44	8.3499999999999993E-43
AT3G04620		3	1255398	1257017	-	258	18.453800000000001	356	28.2559	71	3.5011199999999998	46	2.8914900000000001	3.341848975	1.25E-20	2.7600000000000001E-19
AT4G32190		4	15544800	15547857	+	805	57.578800000000001	950	75.402000000000001	189	9.3198799999999995	142	8.9258900000000008	3.340828175	1.25E-36	5.9800000000000004E-35
AT3G60090		3	22190782	22191748	+	21	1.50206	16	1.26993	5	0.246558	2	0.125717	3.3403719430000001	2.343103E-3	7.9498699999999995E-3
AT3G57460		3	21262986	21265827	-	18	1.28748	24	1.90489	5	0.246558	3	0.18857499999999999	3.340064033	1.1155679999999999E-3	4.1466330000000003E-3
AT1G01725		1	269792	270859	-	703	50.283099999999997	625	49.6066	147	7.2487899999999996	102	6.4115599999999997	3.339165232	1.9000000000000002E-37	9.5500000000000001E-36
AT5G14895		5	4820830	4821859	+	22	1.57358	15	1.1905600000000001	5	0.246558	2	0.125717	3.3352450939999998	2.4538429999999998E-3	8.2756770000000004E-3
AT2G15960		2	6947096	6947866	+	495	35.4056	825	65.480699999999999	157	7.7419099999999998	99	6.2229799999999997	3.3302617969999999	1.5299999999999999E-23	3.9700000000000002E-22
AT3G59850		3	22109103	22111732	-	1087	77.749300000000005	1256	99.689400000000006	253	12.4758	192	12.0688	3.3291850670000001	1.4499999999999999E-40	8.1499999999999999E-39
AT5G55180		5	22388521	22390763	+	5297	378.87599999999998	8322	660.52200000000005	1327	65.436400000000006	1260	79.201599999999999	3.3281125340000002	2.6600000000000001E-34	1.15E-32
AT2G31560		2	13436485	13438011	+	447	31.9724	568	45.082500000000003	141	6.9529199999999998	58	3.6457899999999999	3.3268875850000001	9.7399999999999995E-22	2.2999999999999999E-20
AT5G57710	SMAX1	5	23384255	23388465	+	2655	189.90299999999999	2115	167.869	463	22.831199999999999	425	26.7148	3.3247418199999998	1.6399999999999999E-54	1.46E-52
AT5G61560		5	24752783	24756768	+	363	25.964099999999998	462	36.669199999999996	79	3.89561	77	4.8400999999999996	3.3240908419999999	7.8699999999999998E-25	2.1999999999999999E-23
AT3G29000	CML30	3	11005638	11006514	+	138	9.8706600000000009	127	10.0801	27	1.33141	23	1.44574	3.319654136	6.2900000000000002E-14	8.8900000000000005E-13
AT3G48340	CEP2	3	17897506	17899351	+	14915	1066.82	17990	1427.88	4301	212.089	2152	135.27099999999999	3.3185730169999998	2.32E-37	1.1600000000000001E-35
AT4G30430	TET9	4	14878783	14880331	-	124	8.8692899999999995	64	5.07972	20	0.98623000000000005	15	0.94287600000000005	3.3179142160000001	8.0999999999999999E-10	8.0299999999999998E-9
AT3G19580	AZF2	3	6802903	6804296	-	2830	202.42	1967	156.12200000000001	458	22.584700000000002	434	27.2805	3.3167198120000001	1.4500000000000001E-48	1.06E-46
AT2G43610		2	18087812	18089371	-	71639	5124.09	59352	4710.8	12817	632.02599999999995	11823	743.17499999999995	3.3103500480000001	1.6700000000000001E-66	2.1699999999999999E-64
AT1G71697	CK1	1	26970968	26973464	+	6427	459.70100000000002	6242	495.43099999999998	1272	62.724299999999999	1131	71.092799999999997	3.3102324809999999	6.4199999999999995E-61	6.8699999999999998E-59
AT3G02555		3	539611	541523	-	676	48.351900000000001	884	70.163600000000002	179	8.8267600000000002	124	7.7944399999999998	3.3092287329999999	3.6800000000000001E-31	1.3800000000000001E-29
AT3G48240		3	17867131	17868460	+	185	13.2324	208	16.5091	52	2.5642	25	1.5714600000000001	3.3064730710000001	3.3299999999999999E-16	5.61E-15
AT1G79910		1	30054552	30057181	+	618	44.203400000000002	346	27.462199999999999	100	4.9311499999999997	81	5.0915299999999997	3.304176161	6.3900000000000003E-26	1.9000000000000001E-24
AT3G50060	MYB77	3	18557607	18559326	-	456	32.616100000000003	491	38.9709	119	5.8680700000000003	66	4.1486499999999999	3.3034747210000002	4.1100000000000001E-27	1.3E-25
AT4G23515		4	12271328	12272940	-	209	14.949	162	12.858000000000001	42	2.0710799999999998	29	1.8228899999999999	3.3018171440000001	2.4299999999999999E-17	4.37E-16
AT3G49550		3	18367897	18368900	+	579	41.413899999999998	764	60.639099999999999	140	6.9036099999999996	120	7.5430099999999998	3.2999657249999998	1.16E-29	4.0599999999999996E-28
AT3G12580	MED37C	3	3991117	3993886	-	15158	1084.2	10821	858.86900000000003	2656	130.971	2280	143.31700000000001	3.2938306509999999	2.47E-60	2.61E-58
AT1G06645		1	2034156	2035824	+	44	3.14717	43	3.4129299999999998	11	0.54242699999999999	6	0.37714999999999999	3.2933897609999998	5.6200000000000004E-6	3.3500000000000001E-5
AT2G47245		2	19398184	19399097	+	40	2.8610600000000002	36	2.8573400000000002	11	0.54242699999999999	4	0.25143399999999999	3.2927504729999999	2.7800000000000001E-5	1.462E-4
ATMG00690	ORF240A	Mt	203588	204310	-	109	7.7963899999999997	85	6.7465000000000002	19	0.93691899999999995	18	1.1314500000000001	3.290682136	7.8600000000000005E-11	8.6400000000000001E-10
AT2G27430		2	11729759	11733371	-	720	51.499099999999999	1051	83.418499999999995	189	9.3198799999999995	158	9.9316300000000002	3.2895200529999999	3.4199999999999997E-29	1.18E-27
AT1G25400		1	8911096	8912822	-	2867	205.06700000000001	2215	175.80600000000001	415	20.464300000000001	536	33.692100000000003	3.2895043049999999	7.2500000000000001E-38	3.6900000000000003E-36
AT1G20400		1	7072192	7076619	-	27	1.9312199999999999	16	1.26993	3	0.14793500000000001	5	0.31429200000000002	3.28750944	1.3929579999999999E-3	5.0530239999999997E-3
AT1G64300		1	23863066	23866045	+	258	18.453800000000001	241	19.128299999999999	49	2.4162599999999999	47	2.9543400000000002	3.2854712890000002	4.9500000000000003E-21	1.13E-19
AT1G73080	PEPR1	1	27484240	27488204	+	4801	343.399	3398	269.70100000000002	918	45.268000000000001	665	41.800800000000002	3.2834772280000002	2.5799999999999999E-54	2.2999999999999999E-52
AT4G36770	UGT72C1	4	17330146	17331697	-	74	5.2929599999999999	62	4.9209699999999996	12	0.59173799999999999	14	0.88001700000000005	3.280431246	3.2399999999999999E-8	2.6800000000000002E-7
AT4G13110		4	7641378	7642707	+	899	64.302300000000002	891	70.719200000000001	199	9.8129899999999992	151	9.4916199999999993	3.2789434869999998	1.0699999999999999E-40	6.1E-39
AT1G18740		1	6463849	6465476	+	2867	205.06700000000001	2384	189.21899999999999	601	29.636199999999999	425	26.7148	3.2763386309999998	2.23E-55	2.0100000000000001E-53
AT2G34350		2	14493308	14495831	+	1673	119.664	1052	83.497799999999998	405	19.9712	141	8.8630300000000002	3.2742621029999999	5.7499999999999995E-23	1.45E-21
AT5G24470	APRR5	5	8356204	8358546	-	889	63.5871	656	52.067100000000003	153	7.5446600000000004	144	9.0516100000000002	3.274068304	7.6499999999999993E-37	3.6999999999999999E-35
AT4G33985		4	16288112	16288971	-	426	30.470300000000002	413	32.78	94	4.6352799999999998	71	4.4629500000000002	3.2692641760000001	8.8600000000000002E-29	3.0199999999999999E-27
AT5G51520		5	20925852	20926783	+	501	35.834800000000001	674	53.495800000000003	115	5.67082	116	7.2915700000000001	3.2678472109999999	1.93E-26	5.85E-25
AT5G09980	PEP4	5	3122731	3124003	+	1611	115.229	1546	122.70699999999999	355	17.505600000000001	268	16.846	3.264643103	3.7699999999999997E-49	2.8299999999999998E-47
AT5G51260		5	20831984	20833817	-	944	67.521000000000001	944	74.925799999999995	227	11.1937	149	9.3658999999999999	3.2626752080000001	4.85E-39	2.59E-37
AT2G43890		2	18176831	18179178	+	282	20.170500000000001	210	16.6678	18	0.88760700000000003	72	4.5258000000000003	3.2614926770000001	1.72E-10	1.81E-9
AT3G07150		3	2263806	2264721	-	28	2.0027400000000002	29	2.3017500000000002	4	0.197246	7	0.44000899999999998	3.258381805	2.5279700000000003E-4	1.0938709999999999E-3
AT3G48280	CYP71A25	3	17879542	17881388	+	18	1.28748	16	1.26993	6	0.29586899999999999	1	6.2858399999999995E-2	3.2567809859999999	5.028678E-3	1.5400921999999999E-2
AT3G15200		3	5117489	5119060	-	204	14.5914	152	12.064299999999999	32	1.5779700000000001	37	2.3257599999999998	3.2533591550000001	8.3699999999999999E-16	1.36E-14
AT3G26240		3	9603889	9607193	-	454	32.472999999999999	356	28.2559	88	4.33941	72	4.5258000000000003	3.2474137970000001	4.3799999999999996E-28	1.4499999999999999E-26
AT5G20150	SPX1	5	6802282	6803655	+	809	57.864899999999999	1122	89.053799999999995	156	7.6925999999999997	223	14.0174	3.2458160230000002	5.0300000000000001E-24	1.3500000000000001E-22
AT4G24420		4	12626640	12627606	+	15	1.0729	19	1.50804	5	0.246558	2	0.125717	3.2434637039999998	3.9903550000000001E-3	1.262653E-2
AT4G31710	ATGLR2.4	4	15349121	15352962	+	59	4.2200600000000001	26	2.0636299999999999	5	0.246558	11	0.691442	3.2405816019999998	4.3600000000000003E-5	2.2118499999999999E-4
AT3G25740	MAP1C	3	9397784	9399805	+	236	16.880299999999998	341	27.0654	58	2.8600699999999999	58	3.6457899999999999	3.240372866	1.5299999999999999E-18	2.9900000000000003E-17
AT2G20560		2	8848130	8850111	-	1952	139.62	1308	103.81699999999999	323	15.9276	315	19.8004	3.2393057559999998	3.02E-41	1.75E-39
ATMG01120	NAD1B	Mt	287917	289083	-	69	4.9353300000000004	63	5.0003399999999996	19	0.93691899999999995	8	0.50286699999999995	3.2371681489999999	1.0700000000000001E-7	8.3200000000000004E-7
AT5G64687		5	25858584	25861909	+	19	1.359	42	3.3335599999999999	10	0.49311500000000003	3	0.18857499999999999	3.2341181749999999	3.5807699999999999E-4	1.500021E-3
AT5G63300		5	25371091	25372017	+	73	5.2214400000000003	63	5.0003399999999996	13	0.64105000000000001	14	0.88001700000000005	3.2312926630000001	3.8600000000000002E-8	3.1800000000000002E-7
AT1G78000	SULTR1;2	1	29327515	29333220	+	12556	898.08699999999999	17650	1400.89	2953	145.61699999999999	3126	196.495	3.2302445409999998	8.1900000000000005E-36	3.8200000000000002E-34
AT3G10300		3	3186038	3188540	+	2940	210.28800000000001	2501	198.506	591	29.1431	500	31.429200000000002	3.2270200529999999	6.0500000000000002E-56	5.5600000000000002E-54
AT3G11570	TBL8	3	3645022	3647542	-	158	11.3012	115	9.1276100000000007	33	1.6272800000000001	22	1.3828800000000001	3.2264319819999998	2.13E-13	2.9000000000000002E-12
AT3G53170		3	19704106	19706536	-	156	11.158099999999999	131	10.397500000000001	34	1.67659	24	1.5085999999999999	3.225921102	3.3899999999999999E-14	4.8900000000000004E-13
AT3G44190		3	15901714	15903628	-	15263	1091.71	12467	989.51300000000003	2931	144.53200000000001	2613	164.249	3.2245488930000001	8.0999999999999995E-63	9.2900000000000006E-61
AT4G24410		4	12623530	12624039	-	71	5.0783800000000001	70	5.5559399999999997	19	0.93691899999999995	10	0.62858400000000003	3.222555678	3.1599999999999998E-8	2.6199999999999999E-7
AT3G54520		3	20183517	20185202	-	94	6.72349	61	4.8415999999999997	10	0.49311500000000003	20	1.2571699999999999	3.2209756459999999	7.0799999999999999E-8	5.6199999999999998E-7
AT5G15940		5	5202466	5204883	+	1001	71.597999999999999	662	52.543300000000002	193	9.5171200000000002	142	8.9258900000000008	3.2171594369999998	5.0300000000000003E-35	2.25E-33
AT1G78390	NCED9	1	29490705	29492875	-	70	5.0068599999999996	78	6.1909000000000001	28	1.3807199999999999	4	0.25143399999999999	3.213815286	1.3999999999999999E-6	9.1900000000000001E-6
AT1G64195		1	23827521	23828048	-	40	2.8610600000000002	42	3.3335599999999999	11	0.54242699999999999	6	0.37714999999999999	3.2118066120000002	1.4100000000000001E-5	7.7899999999999996E-5
AT5G46330	FLS2	5	18791575	18795908	+	39	2.7895300000000001	22	1.7461500000000001	5	0.246558	7	0.44000899999999998	3.2117923099999999	2.1619200000000001E-4	9.5021899999999998E-4
AT2G22870	EMB2001	2	9739408	9741700	+	483	34.5473	719	57.067399999999999	127	6.2625599999999997	121	7.6058599999999998	3.2068643670000001	4.3099999999999999E-24	1.1600000000000001E-22
AT2G30550		2	13014530	13017329	+	2648	189.40199999999999	2860	227	673	33.186700000000002	471	29.606300000000001	3.2031270699999999	4.1900000000000002E-47	2.9300000000000003E-45
AT4G21680	NPF7.2	4	11517353	11519805	-	50	3.57633	91	7.2227199999999998	6	0.29586899999999999	22	1.3828800000000001	3.2022919910000001	4.0099999999999997E-6	2.44E-5
AT1G50720		1	18789127	18789687	-	88	6.2943300000000004	49	3.88916	18	0.88760700000000003	10	0.62858400000000003	3.202153655	1.29E-7	9.8299999999999995E-7
AT4G39403	PLS	4	18329094	18329699	-	21	1.50206	22	1.7461500000000001	6	0.29586899999999999	3	0.18857499999999999	3.2013921359999999	1.335789E-3	4.8667349999999996E-3
AT2G48090		2	19668932	19670197	-	64	4.5777000000000001	125	9.9213199999999997	30	1.4793499999999999	11	0.691442	3.2005255789999998	4.3200000000000003E-8	3.53E-7
AT1G30040	GA2OX2	1	10537457	10540044	+	200	14.305300000000001	238	18.8902	52	2.5642	39	2.4514800000000001	3.200455791	1.07E-17	1.96E-16
AT5G16010		5	5227747	5229117	+	1879	134.398	3925	311.529	747	36.835700000000003	495	31.114899999999999	3.1982172000000002	2.2600000000000001E-22	5.4899999999999999E-21
AT5G01370	ACI1	5	152446	154467	+	144	10.299799999999999	127	10.0801	26	1.2821	29	1.8228899999999999	3.1976979089999999	3.7500000000000002E-13	5.0099999999999999E-12
AT5G04760		5	1373530	1374787	-	1626	116.30200000000001	1958	155.40799999999999	424	20.908100000000001	323	20.3033	3.197340831	5.7799999999999999E-40	3.21E-38
AT1G20510	4CLL5	1	7103362	7106121	-	2348	167.94399999999999	1569	124.532	431	21.253299999999999	365	22.943300000000001	3.1949905520000002	3.5300000000000002E-44	2.23E-42
AT4G10350	BRN2	4	6415120	6416961	-	987	70.596699999999998	506	40.161499999999997	170	8.3829600000000006	132	8.2973099999999995	3.1949200919999998	1.4000000000000001E-26	4.2999999999999998E-25
AT3G28390	ABCB18	3	10629425	10633967	-	19	1.359	13	1.03182	7	0.34518100000000002	0	0	3.1944328450000001	1.2235955999999999E-2	3.3064296999999999E-2
AT1G21980	PIP5K1	1	7734661	7738772	+	4477	320.22399999999999	5404	428.91800000000001	1117	55.081000000000003	939	59.024000000000001	3.1926451830000002	4.6999999999999998E-45	3.1100000000000001E-43
AT1G29640		1	10355638	10356482	-	1537	109.93600000000001	2032	161.28100000000001	427	21.056000000000001	323	20.3033	3.1909746910000001	1.03E-35	4.7499999999999999E-34
AT3G10720	PME25	3	3354406	3357754	-	8724	623.99699999999996	4885	387.72500000000002	1379	68.000600000000006	1354	85.110299999999995	3.19064221	1.99E-38	1.0399999999999999E-36
AT5G48655		5	19730380	19733156	-	2601	186.04	2474	196.363	578	28.502099999999999	472	29.6692	3.1903850010000001	5.4600000000000002E-53	4.67E-51
AT1G27760	SAT32	1	9668508	9671657	+	6481	463.56299999999999	8205	651.23500000000001	1704	84.026799999999994	1379	86.681700000000006	3.1853936780000001	2.2699999999999999E-43	1.4099999999999999E-41
AT1G42980	FH12	1	16133286	16135587	+	45	3.2186900000000001	36	2.8573400000000002	11	0.54242699999999999	6	0.37714999999999999	3.1810880689999999	1.8300000000000001E-5	9.9199999999999999E-5
AT1G62300	WRKY6	1	23016569	23019494	-	8450	604.399	5602	444.63400000000001	1583	78.060100000000006	1306	82.093100000000007	3.1793439189999999	1.0199999999999999E-50	8.1799999999999997E-49
AT1G32920		1	11928757	11929993	+	1145	81.897900000000007	1543	122.46899999999999	280	13.8072	282	17.726099999999999	3.1781368560000001	2.93E-31	1.11E-29
AT1G62620		1	23182644	23185151	+	17	1.2159500000000001	20	1.58741	6	0.29586899999999999	2	0.125717	3.1774443479999999	3.2890850000000002E-3	1.0682789E-2
AT1G19850	ARF5	1	6886669	6891404	+	1608	115.015	2336	185.41	420	20.710799999999999	409	25.709099999999999	3.1764763070000002	4.7500000000000004E-31	1.7599999999999999E-29
AT5G25340		5	8793018	8794784	+	14	1.0013700000000001	28	2.2223799999999998	5	0.246558	4	0.25143399999999999	3.1749999830000002	1.887751E-3	6.5907960000000003E-3
AT2G29420	GSTU7	2	12617936	12618899	-	9055	647.673	14229	1129.3599999999999	2679	132.10599999999999	2271	142.751	3.174721517	8.4900000000000002E-33	3.46E-31
AT1G07280		1	2238017	2241471	+	322	23.031500000000001	302	23.969899999999999	67	3.3038699999999999	63	3.96008	3.171464404	4.7699999999999998E-23	1.21E-21
AT4G02890	UBQ14	4	1278530	1280166	-	17587	1257.94	20490	1626.3	4535	223.62799999999999	3530	221.89	3.1712723060000001	9.7199999999999995E-50	7.4199999999999995E-48
AT3G02020	AK3	3	337712	343912	-	18	1.28748	16	1.26993	3	0.14793500000000001	4	0.25143399999999999	3.1705400030000002	4.3503999999999999E-3	1.360953E-2
AT4G24413		4	12625014	12625560	-	116	8.2970799999999993	173	13.7311	30	1.4793499999999999	31	1.94861	3.1701220810000001	3.6899999999999998E-12	4.5600000000000003E-11
AT4G31380	FLP1	4	15230008	15230382	+	23	1.6451100000000001	60	4.7622299999999997	10	0.49311500000000003	8	0.50286699999999995	3.16940687	5.7299999999999997E-5	2.84467E-4
AT4G27400		4	13705267	13706843	+	2918	208.714	1987	157.709	540	26.6282	475	29.857700000000001	3.1668682590000001	1.23E-45	8.2800000000000003E-44
AT2G06050	OPR3	2	2359114	2362375	-	3649	261	3269	259.46199999999999	793	39.103999999999999	659	41.423699999999997	3.1651409990000001	3.47E-56	3.2200000000000001E-54
AT1G21680		1	7612834	7615374	+	3996	285.82	3121	247.715	700	34.518099999999997	766	48.149500000000003	3.1636886990000002	2.46E-44	1.5800000000000001E-42
AT1G67370	ASY1	1	25239117	25243837	-	107	7.65334	59	4.6828599999999998	16	0.78898400000000002	18	1.1314500000000001	3.161593995	1.52E-8	1.3E-7
AT2G44280		2	18301223	18304627	-	678	48.494999999999997	916	72.703400000000002	216	10.651300000000001	130	8.1715900000000001	3.160545865	7.5199999999999994E-27	2.3299999999999998E-25
AT1G77525		1	29133936	29134531	-	33	2.3603700000000001	24	1.90489	7	0.34518100000000002	5	0.31429200000000002	3.1590962949999999	2.812E-4	1.207294E-3
AT5G22140		5	7340055	7341959	-	3169	226.66800000000001	4368	346.69099999999997	722	35.602899999999998	863	54.2468	3.1567866979999999	1.6799999999999999E-30	6.1200000000000005E-29
AT3G02875	ILR1	3	631824	634074	+	2164	154.78299999999999	2640	209.53800000000001	564	27.811699999999998	464	29.1663	3.1544100259999999	2.1799999999999999E-40	1.22E-38
AT4G18160	TPK3	4	10055379	10058185	+	1538	110.008	1087	86.275800000000004	296	14.5962	254	15.965999999999999	3.15315104	2.7099999999999999E-41	1.57E-39
AT1G75360		1	28274588	28276589	+	28	2.0027400000000002	15	1.1905600000000001	5	0.246558	4	0.25143399999999999	3.1479281879999998	1.7618989999999999E-3	6.2017770000000003E-3
AT5G58784		5	23739818	23741388	-	1784	127.60299999999999	828	65.718800000000002	261	12.8703	276	17.3489	3.1433594060000001	4.3099999999999997E-25	1.23E-23
AT1G54160	NFYA5	1	20217336	20219452	-	101	7.2241799999999996	73	5.7940500000000004	14	0.690361	22	1.3828800000000001	3.1419702549999999	9.2300000000000006E-9	8.1800000000000005E-8
AT1G27720	TAF4	1	9642486	9647620	-	364	26.035699999999999	255	20.2395	62	3.0573100000000002	68	4.2743700000000002	3.1355989769999999	8.7300000000000003E-21	1.9600000000000001E-19
AT4G15370	BARS1	4	8773730	8779685	-	82	5.86517	51	4.0479000000000003	14	0.690361	14	0.88001700000000005	3.1343627399999998	1.61E-7	1.2100000000000001E-6
AT5G58670	PLC1	5	23704231	23707003	-	559	39.9833	474	37.621600000000001	126	6.2132500000000004	96	6.0344100000000003	3.1340678980000001	1.06E-30	3.89E-29
AT1G07150	MAPKKK13	1	2193941	2195996	-	469	33.545900000000003	738	58.575499999999998	160	7.8898400000000004	107	6.7258500000000003	3.1334777640000002	4.0099999999999999E-22	9.6400000000000007E-21
AT1G02230	NAC004	1	434965	436922	-	655	46.849899999999998	467	37.066000000000003	128	6.3118699999999999	112	7.0401400000000001	3.1232210949999999	6.2600000000000001E-30	2.23E-28
AT1G79360	37530	1	29853960	29855872	-	334	23.889900000000001	355	28.176500000000001	89	4.3887299999999998	62	3.8972199999999999	3.1225389190000001	3.91E-23	9.9900000000000003E-22
AT4G37850	BHLH25	4	17796072	17797901	-	806	57.650399999999998	837	66.433199999999999	237	11.6868	129	8.1087299999999995	3.1158118749999999	5.1700000000000003E-30	1.8399999999999999E-28
AT5G25930		5	9050660	9054143	+	5249	375.44299999999998	3207	254.541	798	39.3506	976	61.349800000000002	3.115187755	6.8200000000000001E-33	2.7800000000000002E-31
AT1G23060		1	8170693	8173085	-	280	20.0274	652	51.749600000000001	107	5.2763299999999997	101	6.3487	3.1148705959999998	6.6200000000000003E-15	1E-13
AT2G40000	HSPRO2	2	16700490	16702336	-	16577	1185.69	15604	1238.5	3525	173.82300000000001	3429	215.541	3.1130272790000002	1.3999999999999999E-53	1.22E-51
AT3G09440	HSP70-3	3	2902355	2905947	-	30360	2171.54	25752	2043.95	6232	307.30900000000003	5868	368.85300000000001	3.1129317140000001	1.7399999999999999E-57	1.6700000000000001E-55
AT3G62410	CP12-2	3	23090944	23091580	+	45	3.2186900000000001	53	4.2066400000000002	15	0.73967300000000002	7	0.44000899999999998	3.1109244230000002	5.4600000000000002E-6	3.26E-5
AT5G18470		5	6127773	6129285	+	318	22.7454	377	29.922699999999999	96	4.7339099999999998	59	3.7086399999999999	3.1108073570000001	2.9200000000000001E-21	6.7100000000000001E-20
AT3G63010	GID1B	3	23289243	23291486	+	3199	228.81299999999999	2465	195.648	646	31.8552	579	36.395000000000003	3.1081764359999999	1.4100000000000001E-49	1.07E-47
AT1G64940	CYP89A6	1	24123789	24125514	+	468	33.474400000000003	504	40.002800000000001	89	4.3887299999999998	120	7.5430099999999998	3.1081238280000001	1.88E-22	4.5900000000000001E-21
AT4G20830		4	11155453	11157806	+	2732	195.41	2866	227.476	558	27.515799999999999	652	40.983699999999999	3.1050849139999999	6.5699999999999999E-37	3.1900000000000001E-35
AT1G10560	PUB18	1	3484399	3486965	+	926	66.233500000000006	753	59.765999999999998	203	10.010199999999999	164	10.3088	3.1037447920000001	1.48E-37	7.4700000000000006E-36
AT2G16660		2	7218654	7221890	-	1798	128.60499999999999	1497	118.818	343	16.913900000000002	368	23.131900000000002	3.102748316	6.8699999999999999E-40	3.7899999999999998E-38
AT3G07340	BHLH62	3	2340845	2343697	-	2792	199.702	1910	151.59800000000001	579	28.551400000000001	447	28.0977	3.1003353910000002	1.53E-44	9.8299999999999997E-43
AT4G01950	ATGPAT3	4	844342	846814	-	2951	211.07499999999999	1527	121.199	526	25.937899999999999	438	27.532	3.099850059	7.75E-32	2.99E-30
AT1G33600		1	12180483	12184528	+	145	10.3713	97	7.6989400000000003	24	1.1834800000000001	28	1.76003	3.0989070700000001	3.3400000000000002E-11	3.8099999999999998E-10
AT3G08720	ATPK2	3	2648372	2651231	-	3382	241.90299999999999	2265	179.774	712	35.1098	524	32.937800000000003	3.098386042	2.8200000000000001E-44	1.8000000000000001E-42
AT1G66050	ORTH5	1	24589343	24592780	+	138	9.8706600000000009	122	9.6832100000000008	23	1.1341600000000001	33	2.0743299999999998	3.0973663450000002	1.4700000000000002E-11	1.73E-10
AT1G75960	AAE8	1	28517939	28519938	+	100	7.1526500000000004	73	5.7940500000000004	22	1.0848500000000001	16	1.00573	3.0973625509999998	3.0899999999999999E-9	2.88E-8
AT1G15530	LECRKS1	1	5339961	5341931	-	1432	102.426	885	70.242900000000006	280	13.8072	224	14.080299999999999	3.097166106	1.79E-34	7.7799999999999995E-33
AT1G78230		1	29430052	29432764	+	132	9.4414999999999996	121	9.6038399999999999	38	1.87384	19	1.19431	3.0919323259999998	1.1100000000000001E-11	1.3200000000000001E-10
AT3G56880		3	21059785	21061247	+	3230	231.03100000000001	2811	223.11099999999999	774	38.167099999999998	569	35.766399999999997	3.089807323	3.5399999999999998E-52	2.9400000000000002E-50
AT3G25900	HMT-1	3	9480746	9482962	+	4054	289.96800000000002	4130	327.8	1041	51.333300000000001	787	49.4696	3.0894747009999999	1.3999999999999999E-50	1.1000000000000001E-48
AT4G17230	SCL13	4	9660593	9663809	-	4590	328.30700000000002	3219	255.494	967	47.684199999999997	754	47.395200000000003	3.086519102	9.6999999999999993E-49	7.1799999999999999E-47
AT4G22214		4	11754912	11756270	+	1796	128.46199999999999	1240	98.419499999999999	566	27.910299999999999	142	8.9258900000000008	3.0835647669999999	5.5699999999999999E-5	2.7677499999999999E-4
AT5G66780		5	26663500	26664436	+	45	3.2186900000000001	111	8.8101299999999991	14	0.690361	21	1.32003	3.0820036750000002	1.2100000000000001E-6	8.0499999999999992E-6
AT5G28630		5	10636612	10637384	+	431	30.8279	537	42.622	101	4.9804599999999999	114	7.1658600000000003	3.080422961	1.14E-22	2.8300000000000001E-21
AT4G24340		4	12607371	12609252	+	2973	212.648	3070	243.66800000000001	842	41.520299999999999	530	33.314900000000002	3.0803522289999998	7.9799999999999996E-43	4.8600000000000003E-41
AT5G54960	PDC2	5	22310553	22312832	-	1786	127.746	1828	145.089	453	22.338100000000001	358	22.503299999999999	3.0794539049999998	3.3000000000000001E-44	2.0899999999999999E-42
AT1G71050	HIPP20	1	26803097	26804292	-	150	10.728999999999999	142	11.2706	41	2.0217700000000001	25	1.5714600000000001	3.0785076490000001	2.7699999999999998E-13	3.7299999999999997E-12
AT2G31945		2	13581534	13582366	+	562	40.197899999999997	518	41.113900000000001	143	7.0515499999999998	100	6.2858400000000003	3.0775831309999999	6.9400000000000003E-30	2.4599999999999999E-28
AT1G79915		1	30057206	30058657	+	244	17.452500000000001	100	7.9370599999999998	53	2.6135100000000002	24	1.5085999999999999	3.0715132669999998	9.1499999999999994E-11	9.9699999999999997E-10
AT1G68690	PERK9	1	25788305	25792324	+	3108	222.304	1591	126.279	426	21.006699999999999	579	36.395000000000003	3.0709070760000001	2.6E-24	7.1099999999999998E-23
AT1G53180		1	19831352	19833028	+	3905	279.31099999999998	2916	231.44499999999999	878	43.295499999999997	652	40.983699999999999	3.068092407	1.15E-49	8.7800000000000006E-48
AT5G02180	AVT1D	5	430858	433821	+	337	24.104399999999998	276	21.906300000000002	79	3.89561	59	3.7086399999999999	3.0663828390000001	4.3600000000000004E-22	1.0400000000000001E-20
AT3G54800		3	20286070	20290268	+	18	1.28748	17	1.3492999999999999	5	0.246558	3	0.18857499999999999	3.0613595789999999	4.5675580000000002E-3	1.4180892E-2
AT5G51830		5	21069110	21071739	+	3880	277.52300000000002	5061	401.69400000000002	1029	50.741599999999998	1001	62.921199999999999	3.0593820209999998	1.82E-35	8.3200000000000002E-34
AT2G40095		2	16742896	16745152	+	2445	174.88200000000001	2166	171.917	492	24.261299999999999	540	33.9435	3.050945113	6.1699999999999997E-40	3.4099999999999999E-38
AT1G70080	TPS06	1	26394492	26397603	-	100	7.1526500000000004	58	4.6034899999999999	10	0.49311500000000003	24	1.5085999999999999	3.0504638079999999	5.75E-7	3.9899999999999999E-6
AT4G12400	HOP3	4	7338018	7341363	-	5161	369.14800000000002	3083	244.69900000000001	1051	51.8264	804	50.5381	3.0496731320000001	1.93E-39	1.05E-37
AT5G62540	UBC3	5	25103934	25105619	+	1605	114.8	2863	227.238	561	27.663799999999998	479	30.109200000000001	3.0495366270000002	4.7100000000000003E-24	1.27E-22
AT3G06460		3	1982659	1983767	+	4116	294.40300000000002	1779	141.19999999999999	782	38.561599999999999	538	33.817799999999998	3.0489962799999999	2.5099999999999998E-25	7.2500000000000004E-24
AT5G60800		5	24460719	24462595	-	662	47.3506	699	55.48	170	8.3829600000000006	142	8.9258900000000008	3.0463275909999998	2.3600000000000002E-31	8.9499999999999993E-30
AT1G36370	SHM7	1	13696042	13698739	-	3292	235.465	4532	359.70699999999999	951	46.895299999999999	854	53.681100000000001	3.045440353	9.7999999999999992E-34	4.12E-32
AT1G69760		1	26239260	26240843	-	2868	205.13800000000001	3672	291.44900000000001	856	42.210700000000003	662	41.612299999999998	3.04447439	5.1599999999999996E-37	2.5199999999999998E-35
AT5G52570	BETA-OHASE	5	21334793	21337126	-	104	1.67659	180	2.0114700000000001	34	7.4387600000000003	32	14.2867	3.043369089	8.8700000000000001E-11	9.7100000000000006E-10
AT5G64905	PEP3	5	25939562	25940080	+	447	31.9724	441	35.002400000000002	63	3.10663	132	8.2973099999999995	3.0432334270000001	1.37E-15	2.19E-14
AT1G04570		1	1246601	1248876	-	149	10.657500000000001	59	4.6828599999999998	30	1.4793499999999999	17	1.0685899999999999	3.0428770470000002	2.1299999999999999E-8	1.8E-7
AT4G19200		4	10498748	10500809	+	4249	303.916	4730	375.423	1125	55.475499999999997	944	59.338299999999997	3.0412741969999999	3.6100000000000001E-45	2.4000000000000002E-43
AT2G34650	PID	2	14589736	14592140	-	267	19.0976	243	19.286999999999999	64	3.1559400000000002	53	3.3314900000000001	3.0383610320000001	1.6200000000000001E-19	3.3599999999999998E-18
AT1G30190		1	10618893	10620067	+	25	1.78816	18	1.4286700000000001	0	0	9	0.56572500000000003	3.0355454810000002	9.2627349999999994E-3	2.6103861999999999E-2
AT4G11100		4	6768614	6770285	+	59	4.2200600000000001	58	4.6034899999999999	8	0.39449200000000001	18	1.1314500000000001	3.035486642	3.89E-6	2.37E-5
ATMG00516	NAD1C	Mt	143219	147048	-	35	2.5034299999999998	60	4.7622299999999997	10	0.49311500000000003	12	0.754301	3.0347674169999999	1.7E-5	9.2999999999999997E-5
AT4G22960		4	12030020	12033380	+	41	2.9325899999999998	24	1.90489	10	0.49311500000000003	5	0.31429200000000002	3.0344382849999998	2.3288700000000001E-4	1.017464E-3
AT1G50460	HKL1	1	18693644	18697709	+	3039	217.369	2578	204.61699999999999	738	36.3919	560	35.200699999999998	3.03024914	2.4799999999999998E-50	1.9500000000000001E-48
AT3G48344		3	17902088	17902872	-	105	7.5102799999999998	55	4.36538	25	1.2327900000000001	12	0.754301	3.029797292	1.18E-7	9.0599999999999999E-7
AT2G47260	WRKY23	2	19404802	19407098	-	310	22.173200000000001	435	34.526200000000003	110	5.4242699999999999	67	4.2115099999999996	3.029579284	6.6599999999999996E-19	1.33E-17
AT4G23030	DTX49	4	12072760	12074580	+	39	2.7895300000000001	16	1.26993	4	0.197246	8	0.50286699999999995	3.0287452560000001	1.1431589999999999E-3	4.235394E-3
AT5G11110	SPS2	5	3536189	3541149	+	6303	450.83199999999999	4467	354.548	1483	73.129000000000005	1008	63.3613	3.0280292869999998	3.3600000000000001E-46	2.2900000000000002E-44
AT1G60750		1	22362293	22363854	-	577	41.270800000000001	1126	89.371200000000002	127	6.2625599999999997	259	16.2803	3.026012546	3.0588000000000002E-4	1.302367E-3
AT4G36430	PER49	4	17204385	17206033	-	96	6.8665500000000002	340	26.986000000000001	30	1.4793499999999999	70	4.4000899999999996	3.0258695250000001	7.8623470000000004E-3	2.2709650000000001E-2
AT1G04920	SPS3	1	1391434	1395953	-	17	1.2159500000000001	17	1.3492999999999999	5	0.246558	3	0.18857499999999999	3.0223821829999999	5.5315779999999997E-3	1.6730018999999999E-2
AT5G22570	WRKY38	5	7495455	7496990	-	416	29.754999999999999	249	19.763300000000001	89	4.3887299999999998	64	4.0229400000000002	3.021930088	7.4800000000000004E-20	1.59E-18
AT2G31940		2	13580371	13581134	+	367	26.2502	415	32.938800000000001	105	5.1777100000000003	79	4.9658100000000003	3.0187689560000002	4.69E-23	1.1900000000000001E-21
AT3G47080		3	17338102	17340543	-	996	71.240399999999994	734	58.258000000000003	208	10.2568	190	11.943099999999999	3.016422189	6.0999999999999998E-34	2.5999999999999997E-32
AT2G30140	UGT87A2	2	12871984	12873866	+	1841	131.68	1777	141.041	390	19.2315	443	27.846299999999999	3.0123601280000001	1.6799999999999999E-35	7.7199999999999996E-34
AT1G63530		1	23563315	23565586	+	785	56.148299999999999	321	25.477900000000002	119	5.8680700000000003	129	8.1087299999999995	3.0120314910000001	3.4100000000000002E-17	6.0800000000000002E-16
AT4G24050		4	12497055	12500326	+	1553	111.081	862	68.417400000000001	293	14.4483	260	16.3432	3.0100194660000001	3.3000000000000003E-29	1.1400000000000001E-27
AT5G49620	AtMYB78	5	20137214	20139609	-	64	4.5777000000000001	96	7.6195700000000004	20	0.98623000000000005	18	1.1314500000000001	3.0078938590000002	6.2200000000000001E-8	4.9800000000000004E-7
AT1G63010		1	23347561	23352831	-	6163	440.81799999999998	6491	515.19399999999996	1768	87.1828	1242	78.070099999999996	3.0063384000000002	8.8599999999999996E-47	6.1399999999999998E-45
AT1G49530	GGPP6	1	18332429	18333689	+	310	22.173200000000001	174	13.810499999999999	63	3.10663	49	3.08006	3.0057842360000002	4.1499999999999999E-16	6.9099999999999999E-15
AT5G65470		5	26172009	26175132	+	3167	226.524	2527	200.56899999999999	754	37.180900000000001	581	36.520699999999998	3.0049484080000002	5.0100000000000001E-49	3.7399999999999999E-47
AT5G49450	BZIP1	5	20051829	20052735	+	4637	331.66800000000001	5700	452.41199999999998	1282	63.217399999999998	1168	73.418599999999998	2.9993985940000001	2.5599999999999998E-38	1.33E-36
AT1G22110		1	7800507	7804061	-	108	7.7248599999999996	83	6.5877600000000003	33	1.6272800000000001	13	0.81715899999999997	2.9993608219999999	9.1600000000000006E-9	8.1299999999999993E-8
AT3G05390		3	1546443	1548679	-	716	51.213000000000001	1023	81.196100000000001	191	9.4184999999999999	219	13.766	2.9984528130000001	6.0200000000000001E-23	1.5200000000000001E-21
AT3G49160	PKP4	3	18221794	18224905	-	546	39.0535	586	46.511099999999999	155	7.6432900000000004	116	7.2915700000000001	2.991786641	7.4100000000000001E-28	2.43E-26
AT2G46740	GULLO5	2	19205157	19207608	-	5411	387.03	4349	345.18299999999999	1136	56.017899999999997	1146	72.035700000000006	2.98837039	2.4900000000000001E-45	1.66E-43
AT5G02020	SIS	5	385878	388231	-	1947	139.262	2424	192.39400000000001	588	28.995200000000001	465	29.229099999999999	2.9874998019999999	2.6500000000000002E-35	1.2E-33
AT2G01150	RHA2B	2	100484	101566	+	717	51.284500000000001	898	71.274799999999999	215	10.602	174	10.9374	2.9859757359999999	3.61E-28	1.2E-26
AT5G19025		5	6354969	6357220	-	491	35.119500000000002	465	36.907299999999999	136	6.7063699999999997	94	5.90869	2.9830691050000002	1.3700000000000001E-26	4.21E-25
AT3G07650	COL9	3	2441565	2444532	+	479	34.261200000000002	737	58.496099999999998	174	8.5801999999999996	124	7.7944399999999998	2.9803046580000001	4.54E-21	1.03E-19
AT5G48390	ZIP4	5	19612020	19615383	+	78	5.5790699999999998	47	3.7304200000000001	20	0.98623000000000005	10	0.62858400000000003	2.980157304	1.2899999999999999E-6	8.5099999999999998E-6
AT3G25610	ALA10	3	9308744	9313599	-	4435	317.22000000000003	2458	195.09299999999999	871	42.950299999999999	743	46.703800000000001	2.9799749960000002	1.13E-33	4.7199999999999999E-32
AT1G73066		1	27481785	27484078	+	78	5.5790699999999998	49	3.88916	16	0.78898400000000002	14	0.88001700000000005	2.975600376	6.5799999999999999E-7	4.5199999999999999E-6
AT3G62010		3	22964534	22971384	+	8000	572.21199999999999	4855	385.34399999999999	1774	87.4786	1284	80.7102	2.9745654250000002	4.04E-39	2.16E-37
AT3G14200		3	4712574	4714698	-	1294	92.555300000000003	1037	82.307299999999998	318	15.681100000000001	241	15.148899999999999	2.9736512209999999	5.4200000000000003E-39	2.8800000000000001E-37
AT1G29395	COR413IM1	1	10288129	10289666	-	38	2.71801	15	1.1905600000000001	4	0.197246	8	0.50286699999999995	2.9731802589999998	1.6436669999999999E-3	5.8286709999999997E-3
AT1G02000	GAE2	1	345516	347603	+	1811	129.535	1412	112.071	439	21.6478	335	21.057600000000001	2.9697724660000002	3.42E-42	2.03E-40
AT3G21680		3	7633214	7634223	-	1398	99.994100000000003	1659	131.67599999999999	471	23.2257	284	17.851800000000001	2.9688364740000002	3.46E-31	1.3000000000000001E-29
AT1G64950	CYP89A5	1	24127506	24129557	+	4088	292.39999999999998	4346	344.94400000000002	1059	52.2209	989	62.166899999999998	2.9548555479999998	1.2200000000000001E-42	7.3799999999999997E-41
AT3G13110	SAT3	3	4214399	4216302	-	7147	511.2	7377	585.51700000000005	1797	88.612799999999993	1723	108.30500000000001	2.9538097329999999	1.27E-44	8.2599999999999995E-43
AT1G09794		1	3171905	3173510	+	258	18.453800000000001	358	28.4147	73	3.5997400000000002	78	4.9029499999999997	2.9473730279999999	1.01E-16	1.77E-15
AT1G33770		1	12241614	12245292	+	15	1.0729	13	1.03182	5	0.246558	2	0.125717	2.9471767180000001	1.3759498E-2	3.6517455999999997E-2
AT3G29430		3	11311266	11312823	+	137	9.7991299999999999	57	4.5241199999999999	17	0.83829600000000004	28	1.76003	2.9444185460000001	2.0599999999999999E-7	1.5200000000000001E-6
AT3G54150		3	20050564	20052931	-	423	30.255700000000001	441	35.002400000000002	77	3.7969900000000001	129	8.1087299999999995	2.9421234460000001	5.4499999999999998E-17	9.649999999999999E-16
AT4G23180	CRK10	4	12137995	12140930	+	404	28.896699999999999	328	26.0335	74	3.6490499999999999	101	6.3487	2.940560112	6.8300000000000004E-19	1.36E-17
AT5G17650		5	5816678	5818472	-	1005	71.884100000000004	1097	87.069500000000005	259	12.771699999999999	256	16.091699999999999	2.9400572970000001	1.3599999999999999E-31	5.1999999999999997E-30
AT4G25390		4	12977192	12979721	+	1821	130.25	1665	132.15199999999999	472	23.274999999999999	386	24.263300000000001	2.937680603	4.9100000000000004E-43	2.9999999999999999E-41
AT1G04445		1	1206760	1207939	+	57	4.0770099999999996	52	4.1272700000000002	16	0.78898400000000002	11	0.691442	2.937674662	2.7700000000000002E-6	1.73E-5
AT2G22750		2	9671673	9673928	+	74	5.2929599999999999	87	6.90524	29	1.4300299999999999	12	0.754301	2.93748612	1.2700000000000001E-7	9.7300000000000004E-7
AT5G24660	LSU2	5	8443279	8444101	-	149	10.657500000000001	571	45.320599999999999	118	5.8187600000000002	71	4.4629500000000002	2.9354010939999999	2.995929E-3	9.8452599999999998E-3
AT1G34050		1	12393426	12396194	+	19	1.359	21	1.6667799999999999	6	0.29586899999999999	4	0.25143399999999999	2.9347832829999998	3.2821539999999998E-3	1.0664876E-2
AT3G47760	ABCA5	3	17611787	17616743	+	136	9.7276100000000003	86	6.8258700000000001	29	1.4300299999999999	25	1.5714600000000001	2.934070347	4.9099999999999996E-10	4.9399999999999999E-9
AT3G15370	ATEXPA12	3	5190554	5192197	+	28	2.0027400000000002	30	2.3811200000000001	5	0.246558	9	0.56572500000000003	2.932702312	6.3303999999999997E-4	2.4989830000000002E-3
AT3G17890		3	6127001	6128315	+	236	16.880299999999998	231	18.334599999999998	58	2.8600699999999999	57	3.5829300000000002	2.9295231990000001	5.5200000000000002E-17	9.7500000000000007E-16
AT1G77640	ERF013	1	29178705	29179877	+	88	6.2943300000000004	61	4.8415999999999997	23	1.1341600000000001	14	0.88001700000000005	2.92757931	1.2700000000000001E-7	9.7000000000000003E-7
AT1G14370	PBL2	1	4915491	4918138	+	1510	108.005	1368	108.57899999999999	393	19.3794	322	20.240400000000001	2.9236038240000002	9.860000000000001E-41	5.6299999999999998E-39
AT3G47400	PME33	3	17465510	17468118	+	2001	143.125	1409	111.833	461	22.732600000000001	380	23.886199999999999	2.9204224550000002	1.0500000000000001E-38	5.55E-37
AT2G41630	TFIIB1	2	17355299	17357622	-	5529	395.47	5077	402.964	1558	76.827299999999994	1105	69.458500000000001	2.9201243560000001	1.15E-48	8.4600000000000001E-47
AT4G39670		4	18409846	18411069	+	838	59.9392	741	58.813600000000001	232	11.440300000000001	164	10.3088	2.9187303349999998	1.17E-32	4.6999999999999999E-31
AT1G11100		1	3703672	3709586	-	866	61.942	598	47.4636	196	9.6650600000000004	165	10.371600000000001	2.9186543399999998	1.3300000000000001E-29	4.6400000000000004E-28
AT2G41290	SSL2	2	17210428	17213179	-	392	28.038399999999999	491	38.9709	112	5.5228900000000003	109	6.8515600000000001	2.9181342400000001	3.9999999999999996E-21	9.1199999999999994E-20
AT4G12430	TPPF	4	7365257	7368730	-	248	17.738600000000002	325	25.795400000000001	99	4.8818400000000004	49	3.08006	2.9180101390000002	2.04E-15	3.2099999999999997E-14
AT3G50910		3	18919327	18922301	+	2824	201.99100000000001	3469	275.33600000000001	808	39.843699999999998	767	48.212400000000002	2.9176808080000001	2.62E-34	1.1299999999999999E-32
AT5G13750	ZIFL1	5	4437804	4441701	+	4441	317.649	8338	661.79200000000003	1394	68.740300000000005	1800	113.145	2.9164923250000001	2.3899999999999999E-19	4.8800000000000002E-18
AT5G59220	SAG113	5	23894404	23896939	-	1165	83.328400000000002	1152	91.434899999999999	444	21.894300000000001	161	10.120200000000001	2.9137858579999998	6.89E-20	1.4700000000000001E-18
AT3G01490		3	190831	193721	-	164	11.7303	195	15.4773	51	2.5148899999999998	40	2.5143399999999998	2.9108153799999998	8.9900000000000001E-14	1.2600000000000001E-12
AT4G34131	UGT73B3	4	16343057	16344818	-	6932	495.822	5240	415.90199999999999	1509	74.411100000000005	1498	94.161900000000003	2.9067547409999999	3.7699999999999998E-43	2.3200000000000002E-41
AT4G23920	UGE2	4	12431097	12433912	+	537	38.409700000000001	646	51.273400000000002	158	7.79122	142	8.9258900000000008	2.9023515030000002	1.0599999999999999E-24	2.9399999999999998E-23
AT2G34340		2	14488584	14489767	-	372	26.607900000000001	514	40.796500000000002	128	6.3118699999999999	100	6.2858400000000003	2.8976248330000001	5.9399999999999998E-20	1.27E-18
AT3G52561		3	19497034	19497650	-	24	1.7166399999999999	55	4.36538	14	0.690361	7	0.44000899999999998	2.8962282149999998	2.0113299999999999E-4	8.9009199999999999E-4
AT4G01895		4	819957	820379	+	78	5.5790699999999998	139	11.032500000000001	42	2.0710799999999998	16	1.00573	2.8957619509999999	7.6399999999999996E-8	6.0399999999999996E-7
AT3G01513		3	201887	202754	-	1076	76.962500000000006	710	56.353099999999998	288	14.201700000000001	167	10.497400000000001	2.8950491700000001	6.6299999999999993E-27	2.0599999999999999E-25
AT5G41550		5	16617232	16620824	-	388	27.752300000000002	128	10.1594	78	3.8462999999999998	50	3.1429200000000002	2.8943418209999998	4.7200000000000002E-11	5.3000000000000003E-10
AT2G43600		2	18085961	18087085	-	468	33.474400000000003	313	24.843	90	4.43804	103	6.4744099999999998	2.8941950439999999	8.7999999999999996E-20	1.8600000000000001E-18
AT3G28910	MYB30	3	10911132	10913190	+	761	54.431699999999999	625	49.6066	168	8.2843400000000003	178	11.188800000000001	2.8941107279999998	4.5800000000000003E-28	1.51E-26
AT3G49530	NAC062	3	18362443	18364959	-	2204	157.64400000000001	2081	165.17	568	28.008900000000001	516	32.434899999999999	2.8919198769999999	1.3299999999999999E-41	7.8300000000000002E-40
AT2G37430	ZAT11	2	15706285	15707224	+	219	15.664300000000001	249	19.763300000000001	48	2.3669500000000001	69	4.3372299999999999	2.8908295850000001	5.9000000000000001E-14	8.3599999999999997E-13
AT4G36900	RAP2-10	4	17388649	17389862	+	1511	108.077	1521	120.723	483	23.817499999999999	303	19.046099999999999	2.8871559740000001	1.2600000000000001E-34	5.5099999999999999E-33
AT5G65550	UGT91B1	5	26198304	26199986	-	36	2.5749499999999999	31	2.4604900000000001	9	0.44380399999999998	8	0.50286699999999995	2.8867164230000002	2.1182899999999999E-4	9.3231200000000003E-4
AT1G20823	ATL80	1	7238693	7239698	+	2300	164.511	1952	154.93100000000001	636	31.362100000000002	453	28.474799999999998	2.886536752	1.0699999999999999E-42	6.4700000000000004E-41
AT5G02320	MYB3R5	5	482793	486473	-	601	42.987400000000001	617	48.971600000000002	166	8.1857100000000003	145	9.1144700000000007	2.8863204279999999	1.02E-27	3.2999999999999998E-26
AT3G25655	IDL1	3	9337431	9338075	-	221	15.807399999999999	169	13.413600000000001	60	2.9586899999999998	40	2.5143399999999998	2.8818444940000001	7.8700000000000005E-15	1.19E-13
AT4G28720	YUC8	4	14192569	14194302	+	1028	73.529300000000006	706	56.035600000000002	252	12.426500000000001	189	11.8802	2.8816488439999999	1.26E-30	4.6199999999999998E-29
AT1G67850		1	25437900	25442221	+	1034	73.958399999999997	853	67.703100000000006	253	12.4758	227	14.2689	2.8784073189999999	5.0400000000000004E-34	2.1499999999999999E-32
AT4G19220	PCMP-E2	4	10505266	10508121	-	113	8.0824999999999996	58	4.6034899999999999	23	1.1341600000000001	20	1.2571699999999999	2.8759339869999998	9.5999999999999999E-8	7.4900000000000005E-7
AT1G55240		1	20604892	20606411	+	1849	132.25299999999999	1132	89.847499999999997	580	28.6007	207	13.011699999999999	2.8746759399999999	2.1400000000000002E-18	4.1500000000000003E-17
AT4G08170	ITPK3	4	5163220	5167192	-	1154	82.541600000000003	1338	106.19799999999999	362	17.8508	286	17.977499999999999	2.8733821150000001	4.8800000000000001E-32	1.9000000000000002E-30
AT3G25780	AOC3	3	9409160	9411090	+	3164	226.31	3624	287.63900000000001	1041	51.333300000000001	738	46.389499999999998	2.870069827	2.4199999999999999E-37	1.2000000000000001E-35
AT5G13700	PAO1	5	4420069	4423095	-	181	12.946300000000001	133	10.5563	48	2.3669500000000001	33	2.0743299999999998	2.869321776	9.9400000000000001E-13	1.28E-11
AT1G19025		1	6568674	6570939	+	218	15.5928	214	16.985299999999999	62	3.0573100000000002	50	3.1429200000000002	2.8671790779999999	4.9699999999999999E-16	8.2599999999999993E-15
AT2G27310		2	11683772	11685342	-	3579	255.99299999999999	3197	253.74799999999999	1026	50.593600000000002	737	46.326599999999999	2.8661413599999999	1.5699999999999999E-45	1.05E-43
AT1G17840	ABCG11	1	6142402	6146521	+	47	3.3617499999999998	26	2.0636299999999999	6	0.29586899999999999	12	0.754301	2.8635045849999998	3.1594499999999998E-4	1.342944E-3
AT1G17665		1	6072153	6074525	-	81	5.7936500000000004	137	10.873799999999999	21	1.0355399999999999	35	2.20004	2.8629412670000001	7.2800000000000003E-8	5.7800000000000001E-7
AT2G47140	SDR3B	2	19350672	19352088	-	4596	328.73599999999999	2822	223.98400000000001	1000	49.311500000000002	888	55.818199999999997	2.8617489580000002	2.2400000000000001E-35	1.02E-33
AT1G02660		1	571826	575085	-	750	53.6449	551	43.733199999999997	178	8.77745	156	9.8059100000000008	2.8610507219999999	3.3000000000000002E-28	1.1E-26
AT4G02880		4	1274465	1278718	+	1295	92.626800000000003	1298	103.023	397	19.576699999999999	283	17.788900000000002	2.8608520940000002	1.4400000000000001E-35	6.6100000000000003E-34
AT1G77390	CYCA1-2	1	29081654	29084285	-	74	5.2929599999999999	47	3.7304200000000001	10	0.49311500000000003	20	1.2571699999999999	2.8601821260000002	8.4100000000000008E-6	4.85E-5
AT3G05830		3	1736307	1738749	+	628	44.918599999999998	603	47.860399999999998	160	7.8898400000000004	158	9.9316300000000002	2.8577978609999999	5.3900000000000002E-27	1.7E-25
AT4G25670		4	13085198	13087090	-	3274	234.178	3765	298.83	1034	50.988100000000003	818	51.418199999999999	2.8562126879999998	5.6E-38	2.87E-36
AT3G20040	ATHXK4	3	6994770	6998185	+	776	55.504600000000003	749	59.448500000000003	206	10.158200000000001	190	11.943099999999999	2.8550141060000001	3.8599999999999999E-30	1.3899999999999999E-28
AT3G19430		3	6736061	6738518	-	2839	203.06399999999999	1183	93.895399999999995	469	23.127099999999999	533	33.503500000000003	2.8544465450000001	1.6299999999999999E-19	3.3599999999999998E-18
AT2G23120		2	9841842	9842634	+	9114	651.89300000000003	15483	1228.8900000000001	4224	208.292	2462	154.75700000000001	2.853780585	1.3099999999999999E-22	3.2199999999999999E-21
AT1G14200		1	4854224	4855287	-	1623	116.08799999999999	1341	106.43600000000001	430	21.204000000000001	342	21.497599999999998	2.852714915	1.75E-39	9.5000000000000009E-38
AT3G45130	LAS1	3	16512170	16517781	-	510	36.478499999999997	361	28.652799999999999	135	6.6570600000000004	93	5.8458300000000003	2.8469395770000001	1.24E-22	3.0400000000000002E-21
AT4G02650		4	1156379	1158788	+	115	8.2255500000000001	99	7.8576800000000002	24	1.1834800000000001	31	1.94861	2.8463396589999999	2.4800000000000001E-9	2.33E-8
AT1G08920	ESL1	1	2867203	2870745	+	3782	270.51299999999998	3569	283.274	1077	53.108499999999999	857	53.869599999999998	2.8452463369999998	7.9800000000000001E-46	5.3999999999999998E-44
AT1G08050		1	2498794	2501581	-	979	70.024500000000003	1417	112.468	302	14.892099999999999	329	20.680399999999999	2.8425723020000002	1.46E-22	3.5700000000000003E-21
AT3G13400	sks13	3	4354923	4357482	+	14	1.0013700000000001	13	1.03182	3	0.14793500000000001	4	0.25143399999999999	2.8382328490000002	1.7585018000000001E-2	4.5046032999999999E-2
AT1G66580	RPL10C	1	24839090	24840806	+	23724	1696.89	38198	3031.8	8337	411.11	8183	514.37	2.8364829779999998	3.8500000000000001E-25	1.1E-23
AT5G59030	COPT1	5	23833493	23834745	-	437	31.257100000000001	485	38.494700000000002	151	7.44604	97	6.0972600000000003	2.8353588529999998	4.7300000000000003E-22	1.13E-20
AT3G54130		3	20042641	20044580	-	1383	98.921199999999999	1573	124.85	428	21.1053	359	22.566199999999998	2.833999849	4.9399999999999997E-33	2.0300000000000001E-31
AT4G14680	APS3	4	8413263	8415650	-	799	57.149700000000003	678	53.813200000000002	210	10.355399999999999	179	11.2517	2.8333870490000002	9.0600000000000007E-31	3.3400000000000003E-29
AT5G62430	CDF1	5	25069093	25071111	-	342	24.4621	281	22.303100000000001	107	5.2763299999999997	60	3.7715000000000001	2.8325281790000001	2.6199999999999999E-18	5.0299999999999999E-17
AT3G24500	MBF1C	3	8918267	8919683	+	1987	142.12299999999999	1749	138.81899999999999	586	28.896599999999999	411	25.834800000000001	2.83024253	8.84E-40	4.8500000000000004E-38
AT3G53800	Fes1B	3	19930798	19932961	+	57	4.0770099999999996	38	3.0160800000000001	14	0.690361	11	0.691442	2.8284625409999999	2.2099999999999998E-5	1.187E-4
AT1G06330		1	1931229	1932429	-	85	6.0797499999999998	46	3.6510500000000001	17	0.83829600000000004	17	1.0685899999999999	2.8250557189999999	2.0499999999999999E-6	1.31E-5
AT3G63140	CSP41A	3	23326867	23328789	-	20	1.4305300000000001	13	1.03182	7	0.34518100000000002	2	0.125717	2.8238584200000001	1.1466759E-2	3.1311526999999999E-2
AT3G46640	PCL1	3	17183042	17186959	+	1695	121.23699999999999	1695	134.53299999999999	509	25.099599999999999	399	25.080500000000001	2.8235103380000002	4.65E-38	2.39E-36
AT3G10815		3	3384807	3386533	-	829	59.295499999999997	641	50.8765	189	9.3198799999999995	196	12.3202	2.8230075440000002	1.8699999999999999E-27	6.0100000000000002E-26
AT1G69530	ATEXPA1	1	26141726	26143538	+	346	24.748200000000001	406	32.224400000000003	122	6.0160099999999996	82	5.1543900000000002	2.8227251739999999	1.32E-19	2.76E-18
AT1G72240		1	27190036	27190754	+	367	26.2502	383	30.398900000000001	122	6.0160099999999996	81	5.0915299999999997	2.820591727	1.13E-20	2.51E-19
AT2G42170		2	17577714	17580397	+	190	13.59	158	12.5405	60	2.9586899999999998	34	2.1371899999999999	2.8202533550000002	4.8199999999999997E-13	6.3799999999999999E-12
AT5G53050		5	21510095	21513620	-	1334	95.416399999999996	1183	93.895399999999995	373	18.3932	299	18.794699999999999	2.8201629050000001	4.6699999999999997E-37	2.28E-35
AT1G55530		1	20729125	20731356	-	2163	154.71199999999999	2039	161.83699999999999	631	31.115600000000001	497	31.240600000000001	2.8168548439999999	3.84E-41	2.2100000000000001E-39
AT3G19480	PGDH3	3	6752422	6754785	+	23	1.6451100000000001	14	1.1111899999999999	7	0.34518100000000002	3	0.18857499999999999	2.8163961670000002	7.1075299999999999E-3	2.0814118999999999E-2
AT4G05120	ENT3	4	2632524	2635143	-	578	41.342300000000002	912	72.385900000000007	219	10.799200000000001	187	11.7545	2.8158949149999999	6.7900000000000003E-20	1.45E-18
AT5G38410		5	15376988	15378642	-	17	1.2159500000000001	23	1.82552	7	0.34518100000000002	4	0.25143399999999999	2.8150063329999999	4.5522440000000004E-3	1.4148338E-2
AT1G71950		1	27080184	27081641	-	2281	163.15199999999999	2983	236.762	817	40.287500000000001	619	38.909300000000002	2.8141006580000001	1.93E-30	6.9899999999999997E-29
AT1G01140	CIPK9	1	64166	67774	-	512	36.621600000000001	456	36.192999999999998	128	6.3118699999999999	129	8.1087299999999995	2.8134052660000002	7.8E-24	2.0700000000000001E-22
AT3G09830		3	3016490	3019103	+	1414	101.13800000000001	1073	85.164599999999993	342	16.8645	317	19.926100000000002	2.8124286789999999	5.0000000000000003E-34	2.1400000000000001E-32
AT3G05500		3	1593182	1595099	+	6088	435.45299999999997	5859	465.03199999999998	1818	89.648300000000006	1419	89.196100000000001	2.805411028	3.1800000000000002E-46	2.18E-44
AT5G49665		5	20166891	20169923	-	2764	197.69900000000001	2425	192.47399999999999	736	36.293300000000002	657	41.298000000000002	2.803544467	5.37E-42	3.16E-40
AT1G63860		1	23701408	23706058	-	97	6.9380699999999997	40	3.17482	19	0.93691899999999995	17	1.0685899999999999	2.8010973780000001	4.1099999999999996E-6	2.5000000000000001E-5
AT3G51600	LTP5	3	19138338	19139423	-	154	11.0151	186	14.7629	33	1.6272800000000001	57	3.5829300000000002	2.800221745	2.4299999999999999E-10	2.5099999999999998E-9
AT1G68390		1	25642534	25645607	+	134	9.5845500000000001	151	11.984999999999999	38	1.87384	39	2.4514800000000001	2.8001760189999998	3.1800000000000003E-11	3.6299999999999999E-10
AT1G17750	PEPR2	1	6106323	6110120	+	499	35.691699999999997	351	27.859100000000002	125	6.1639400000000002	103	6.4744099999999998	2.7999339939999999	3.9E-22	9.39E-21
AT2G32930	ZFN2	2	13965714	13968957	-	362	25.892600000000002	252	20.0014	92	4.5366600000000004	73	4.58866	2.7993023959999999	1.5100000000000001E-18	2.9499999999999999E-17
AT3G55980	SZF1	3	20776220	20778952	+	2337	167.15700000000001	1707	135.48599999999999	612	30.178699999999999	478	30.046299999999999	2.79814834	2.25E-38	1.1700000000000001E-36
AT1G22280	PAPP2C	1	7873867	7876018	+	2999	214.50800000000001	3468	275.25700000000001	996	49.1143	779	48.966700000000003	2.796365255	6.1599999999999996E-36	2.9000000000000002E-34
AT5G54940		5	22307982	22309453	-	11556	826.56	14199	1126.98	4045	199.465	3065	192.661	2.7940004570000001	7.2600000000000002E-36	3.4000000000000001E-34
AT3G15650		3	5305549	5307979	+	154	11.0151	195	15.4773	59	2.9093800000000001	38	2.38862	2.79295955	2.9000000000000002E-12	3.6200000000000002E-11
AT2G45760	BAP2	2	18846944	18847835	-	130	9.2984500000000008	196	15.5566	30	1.4793499999999999	57	3.5829300000000002	2.7926438999999998	4.3299999999999997E-9	3.99E-8
AT4G30780		4	14990286	14993085	+	1688	120.73699999999999	1327	105.325	475	23.422999999999998	346	21.748999999999999	2.7923088279999999	6.6799999999999996E-37	3.2400000000000002E-35
AT1G78710	TBL42	1	29601253	29604610	+	60	4.2915900000000002	30	2.3811200000000001	13	0.64105000000000001	11	0.691442	2.792083619	6.6600000000000006E-5	3.2550199999999997E-4
AT2G33710		2	14258509	14260904	-	1257	89.908799999999999	837	66.433199999999999	279	13.757899999999999	279	17.537500000000001	2.7920309410000002	3.9499999999999999E-28	1.31E-26
AT2G30360	CIPK11	2	12936968	12938834	-	4690	335.459	4403	349.46899999999999	1581	77.961500000000001	940	59.0869	2.791861747	8.0600000000000001E-37	3.8900000000000001E-35
AT3G23250	MYB15	3	8309209	8310910	+	210	15.0206	341	27.0654	43	2.1204000000000001	103	6.4744099999999998	2.788840617	1.57E-9	1.51E-8
AT1G28760		1	10103081	10104883	+	468	33.474400000000003	403	31.9863	122	6.0160099999999996	114	7.1658600000000003	2.7874613680000002	5.2799999999999997E-23	1.3299999999999999E-21
AT3G10820	MED26A	3	3387078	3391003	+	1112	79.537499999999994	749	59.448500000000003	282	13.905799999999999	222	13.954599999999999	2.786624915	2.5899999999999999E-29	8.9399999999999995E-28
AT5G19060		5	6372735	6374903	+	211	15.0921	73	5.7940500000000004	46	2.2683300000000002	30	1.88575	2.7858988820000001	2.2399999999999999E-8	1.8900000000000001E-7
AT3G22210		3	7838784	7839467	-	23	1.6451100000000001	59	4.6828599999999998	18	0.88760700000000003	6	0.37714999999999999	2.7843512060000002	4.3260899999999998E-4	1.777638E-3
AT1G17200		1	5878390	5880073	+	39	2.7895300000000001	41	3.2541899999999999	12	0.59173799999999999	10	0.62858400000000003	2.783460695	8.9099999999999997E-5	4.2363600000000002E-4
AT4G24960	HVA22D	4	12827856	12829303	+	2275	162.72300000000001	3145	249.62	929	45.810400000000001	601	37.777900000000002	2.779856374	1.4900000000000001E-26	4.5200000000000001E-25
AT5G63290		5	25369245	25370940	-	108	7.7248599999999996	99	7.8576800000000002	38	1.87384	20	1.2571699999999999	2.77560692	6.0200000000000003E-9	5.4300000000000003E-8
AT3G53230	CDC48D	3	19723350	19727128	+	3430	245.33600000000001	2480	196.839	893	44.035200000000003	726	45.635199999999998	2.7711331440000002	8.1799999999999994E-40	4.5000000000000001E-38
AT1G74650	ATY13	1	28041146	28043022	+	44	3.14717	59	4.6828599999999998	17	0.83829600000000004	12	0.754301	2.770300158	1.66E-5	9.0699999999999996E-5
AT2G02700		2	756405	757969	+	53	3.7909099999999998	43	3.4129299999999998	18	0.88760700000000003	9	0.56572500000000003	2.7659037259999999	3.0199999999999999E-5	1.5766599999999999E-4
AT4G01700		4	732313	733510	-	2979	213.077	2935	232.953	795	39.2027	830	52.172499999999999	2.7639362310000002	5.8400000000000003E-35	2.5999999999999999E-33
AT5G23220	NIC3	5	7819608	7820760	-	2923	209.072	2600	206.363	823	40.583399999999997	705	44.315199999999997	2.7639241239999999	4.4400000000000002E-42	2.62E-40
AT2G30400	OFP2	2	12956445	12957807	+	439	31.400099999999998	819	65.004499999999993	185	9.1226299999999991	171	10.748799999999999	2.763552191	9.7200000000000002E-16	1.5699999999999999E-14
AT3G50410	DOF3.4	3	18709613	18710836	+	119	8.5116499999999995	279	22.144400000000001	68	3.35318	47	2.9543400000000002	2.7631368539999999	2.11E-9	2E-8
AT5G49700	AHL17	5	20192159	20193800	+	395	28.253	696	55.241900000000001	184	9.0733200000000007	129	8.1087299999999995	2.7609683039999999	5.8300000000000001E-16	9.6300000000000007E-15
AT5G50960	NBP35	5	20734136	20736138	+	2400	171.66399999999999	3141	249.303	857	42.26	705	44.315199999999997	2.7604446679999999	1.3300000000000001E-29	4.6400000000000004E-28
AT2G29480	GSTU2	2	12630198	12631321	-	259	18.525400000000001	243	19.286999999999999	65	3.2052499999999999	73	4.58866	2.7597797599999998	1.08E-15	1.7299999999999999E-14
AT4G26700	FIM1	4	13463097	13467604	+	558	39.911799999999999	479	38.018500000000003	123	6.0653199999999998	159	9.9944799999999994	2.7592782570000001	3.2599999999999999E-20	7.05E-19
AT3G23030	IAA2	3	8180646	8182095	-	2857	204.351	3388	268.90699999999998	1049	51.727800000000002	725	45.572299999999998	2.757652561	1.1299999999999999E-32	4.5699999999999997E-31
AT3G04320		3	1143694	1144672	+	2721	194.624	1900	150.804	612	30.178699999999999	647	40.669400000000003	2.757089831	8.9599999999999996E-32	3.44E-30
AT4G08555		4	5448049	5448638	+	690	49.353299999999997	969	76.9101	194	9.5664300000000004	264	16.5946	2.7569583049999999	6.3500000000000001E-18	1.1799999999999999E-16
AT5G24640		5	8436352	8436895	+	38	2.71801	37	2.9367100000000002	5	0.246558	15	0.94287600000000005	2.756642984	5.0234100000000001E-4	2.0323910000000001E-3
AT3G14260		3	4747769	4748859	-	632	45.204799999999999	695	55.162500000000001	194	9.5664300000000004	177	11.1259	2.7558479899999999	3.25E-25	9.3399999999999993E-24
AT5G40390	RFS5	5	16161449	16165453	+	4835	345.83100000000002	3200	253.98599999999999	1368	67.458200000000005	879	55.252499999999998	2.7548461280000001	6.5999999999999997E-34	2.7999999999999999E-32
AT1G76230		1	28599678	28600491	-	21	1.50206	34	2.6985999999999999	11	0.54242699999999999	5	0.31429200000000002	2.7547350129999999	1.5137989999999999E-3	5.4320790000000002E-3
AT4G23590		4	12307126	12309664	+	1753	125.386	1518	120.485	512	25.247499999999999	403	25.331900000000001	2.7529601590000001	3.29E-38	1.7099999999999998E-36
AT1G09860	PUP16	1	3204016	3205411	-	122	8.7262299999999993	62	4.9209699999999996	37	1.82453	15	0.94287600000000005	2.7501814919999998	4.5900000000000002E-7	3.2399999999999999E-6
ATMG00580	NAD4	Mt	161693	169674	+	65	4.6492199999999997	78	6.1909000000000001	19	0.93691899999999995	21	1.32003	2.749191245	8.16E-7	5.5400000000000003E-6
AT5G66070		5	26421610	26423240	+	1036	74.101500000000001	795	63.099600000000002	260	12.821	247	15.526	2.7480724489999999	1.19E-29	4.1900000000000004E-28
AT4G22590	TPPG	4	11893499	11896480	-	5454	390.10599999999999	5325	422.64800000000002	1523	75.101399999999998	1484	93.281800000000004	2.7466346669999999	2.8400000000000001E-39	1.54E-37
AT4G23050		4	12079859	12084362	+	3905	279.31099999999998	3546	281.44799999999998	1173	57.842399999999998	925	58.143999999999998	2.7459480580000002	9.4300000000000001E-44	5.8900000000000004E-42
AT3G59900	ARGOS	3	22129505	22130472	+	115	8.2255500000000001	215	17.064699999999998	52	2.5642	43	2.7029100000000001	2.7458962090000001	9.0099999999999999E-10	8.8699999999999994E-9
AT4G04460	APA3	4	2224422	2227874	+	1734	124.027	1179	93.5779	495	24.409199999999998	325	20.428999999999998	2.74450934	1.5799999999999999E-30	5.7399999999999999E-29
AT4G28420		4	14055661	14057592	+	19	1.359	22	1.7461500000000001	2	9.8623000000000002E-2	9	0.56572500000000003	2.7423617349999998	8.4278019999999999E-3	2.4084307999999999E-2
AT3G45730		3	16789780	16790690	+	611	43.7027	406	32.224400000000003	171	8.4322700000000008	115	7.2287100000000004	2.742248966	6.3500000000000003E-22	1.5099999999999999E-20
AT1G14640		1	5023426	5025955	+	54	3.8624299999999998	46	3.6510500000000001	8	0.39449200000000001	19	1.19431	2.7421973140000002	7.1099999999999994E-5	3.4519299999999999E-4
AT1G26920		1	9329493	9330612	+	2107	150.70599999999999	2430	192.87	705	34.764600000000002	586	36.835000000000001	2.7394602629999998	4.0600000000000001E-33	1.6700000000000001E-31
AT2G07715		2	3410597	3413161	+	65	4.6492199999999997	66	5.2384599999999999	19	0.93691899999999995	18	1.1314500000000001	2.73606981	1.42E-6	9.3500000000000003E-6
AT3G57740		3	21392501	21393972	+	140	10.0137	131	10.397500000000001	37	1.82453	39	2.4514800000000001	2.7357031730000001	8.7499999999999995E-11	9.58E-10
AT2G41640		2	17360374	17363788	+	1637	117.089	1247	98.975099999999998	421	20.760100000000001	386	24.263300000000001	2.7345957790000002	6.6899999999999996E-34	2.8399999999999998E-32
AT5G14180	LIP2	5	4571294	4574679	-	294	21.0288	554	43.971299999999999	132	6.5091200000000002	114	7.1658600000000003	2.7330281460000001	6.5999999999999996E-14	9.3099999999999997E-13
AT3G10960	AZG1	3	3424813	3427058	-	1999	142.98099999999999	2122	168.42400000000001	699	34.468800000000002	487	30.611999999999998	2.7319700870000001	3.0600000000000001E-34	1.3200000000000001E-32
AT5G46490		5	18850645	18853896	+	43	3.0756399999999999	18	1.4286700000000001	10	0.49311500000000003	7	0.44000899999999998	2.7315012849999998	1.1663489999999999E-3	4.3117759999999998E-3
AT1G53060		1	19775923	19777030	+	123	8.7977600000000002	179	14.2073	53	2.6135100000000002	35	2.20004	2.7301880199999999	2.3800000000000001E-10	2.4600000000000002E-9
AT4G13890	SHM5	4	8031972	8033731	-	1335	95.487899999999996	725	57.543700000000001	334	16.47	244	15.337400000000001	2.730064858	2.3700000000000001E-23	6.0800000000000002E-22
AT1G14205		1	4855533	4856762	+	108	7.7248599999999996	55	4.36538	22	1.0848500000000001	23	1.44574	2.7299207719999998	5.9800000000000003E-7	4.1400000000000002E-6
AT5G38100		5	15199489	15201197	-	391	27.966899999999999	286	22.7	129	6.3611899999999997	66	4.1486499999999999	2.7294885880000002	9.3099999999999999E-17	1.6300000000000001E-15
AT2G22500	PUMP5	2	9562774	9564850	-	2432	173.952	1609	127.70699999999999	657	32.3977	487	30.611999999999998	2.7260925330000001	5.15E-33	2.1100000000000002E-31
AT1G73920		1	27790737	27794928	+	3894	278.524	4396	348.91300000000001	1388	68.444400000000002	1009	63.424100000000003	2.7257011100000001	1.5099999999999999E-35	6.9200000000000004E-34
AT5G36220	CYP81D1	5	14253673	14256284	-	207	14.805999999999999	220	17.461500000000001	77	3.7969900000000001	47	2.9543400000000002	2.7244311849999998	5.2900000000000001E-14	7.5200000000000003E-13
AT5G59550		5	23998164	24000166	-	1744	124.742	1458	115.72199999999999	519	25.592700000000001	395	24.8291	2.724384991	4.6600000000000003E-37	2.28E-35
AT3G07090		3	2242998	2244828	-	5480	391.96499999999997	4020	319.07	1480	72.980999999999995	1211	76.121499999999997	2.7230435719999999	3.2500000000000002E-41	1.88E-39
AT5G50175		5	20427749	20428719	+	286	20.456600000000002	479	38.018500000000003	126	6.2132500000000004	98	6.16012	2.721168042	1.1E-14	1.6400000000000001E-13
AT3G02140	AFP4	3	385237	387051	-	1259	90.051900000000003	1326	105.245	417	20.562899999999999	328	20.617599999999999	2.7202628010000001	4.0899999999999999E-32	1.6000000000000001E-30
AT1G64930	CYP89A7	1	24120723	24122776	+	416	29.754999999999999	403	31.9863	151	7.44604	88	5.5315399999999997	2.7169645760000001	9.0700000000000002E-20	1.9200000000000002E-18
AT5G05190	EDR4	5	1541218	1544137	+	747	53.430300000000003	434	34.446800000000003	169	8.3336500000000004	162	10.1831	2.716070786	1.36E-20	2.9999999999999999E-19
AT5G01040	LAC8	5	13128	16236	-	7459	533.51599999999996	3956	313.99	1743	85.95	1464	92.024699999999996	2.715923852	7.7799999999999996E-28	2.54E-26
AT3G51490	TMT3	3	19104885	19107797	-	40	2.8610600000000002	28	2.2223799999999998	8	0.39449200000000001	11	0.691442	2.7135492989999999	4.7623799999999998E-4	1.93614E-3
AT1G06090		1	1846701	1849693	+	7006	501.11500000000001	3955	313.911	1951	96.206800000000001	1198	75.304299999999998	2.7114416989999999	2.1800000000000001E-27	6.9699999999999998E-26
AT3G62070		3	22983517	22984566	-	142	10.1568	164	13.0168	50	2.4655800000000001	39	2.4514800000000001	2.7112319899999999	2.09E-11	2.4199999999999999E-10
AT1G48070		1	17730417	17731157	-	40	2.8610600000000002	45	3.5716700000000001	9	0.44380399999999998	15	0.94287600000000005	2.710115134	1.3732600000000001E-4	6.2750800000000004E-4
AT4G35783	RTFL6	4	16952406	16952947	+	26	1.8596900000000001	37	2.9367100000000002	14	0.690361	5	0.31429200000000002	2.7091106100000002	9.5819799999999995E-4	3.617618E-3
AT1G04770		1	1336274	1337849	-	1058	75.674999999999997	1439	114.214	399	19.6753	331	20.806100000000001	2.7091000890000001	2.3799999999999999E-24	6.4900000000000005E-23
AT4G39580		4	18385684	18386811	-	267	19.0976	107	8.4926499999999994	35	1.7259	66	4.1486499999999999	2.7087450369999999	2.44E-8	2.05E-7
AT2G36220		2	15192480	15193698	+	1464	104.715	1345	106.753	458	22.584700000000002	355	22.314699999999998	2.7080155600000002	2.8100000000000002E-35	1.27E-33
AT2G32610	CSLB1	2	13836117	13839640	+	1567	112.08199999999999	580	46.0349	367	18.097300000000001	241	15.148899999999999	2.7068061189999999	1.5599999999999999E-15	2.49E-14
AT3G56770	BHLH107	3	21028902	21030754	-	27	1.9312199999999999	49	3.88916	16	0.78898400000000002	7	0.44000899999999998	2.706286237	3.9458000000000001E-4	1.635952E-3
AT5G12340		5	3992623	3993767	-	401	28.682099999999998	606	48.098599999999998	91	4.4873500000000002	192	12.0688	2.705355838	2.05E-11	2.3700000000000001E-10
AT2G19460		2	8431363	8432269	+	377	26.965499999999999	501	39.764600000000002	134	6.6077399999999997	122	7.6687200000000004	2.7050076930000002	3.6599999999999998E-18	6.9400000000000004E-17
AT2G26390		2	11228825	11230598	-	404	28.896699999999999	314	24.9224	110	5.4242699999999999	96	6.0344100000000003	2.704249039	7.5399999999999999E-20	1.6E-18
AT3G44450	BIC2	3	16073765	16074929	-	51	3.64785	52	4.1272700000000002	17	0.83829600000000004	13	0.81715899999999997	2.7038381130000002	1.6699999999999999E-5	9.1100000000000005E-5
AT4G12120	SEC1B	4	7256522	7261180	-	740	52.929600000000001	728	57.781799999999997	228	11.243	197	12.383100000000001	2.7034876149999998	1.7299999999999999E-27	5.5600000000000003E-26
AT2G47550	PME20	2	19508929	19511792	+	2668	190.833	1418	112.547	612	30.178699999999999	546	34.320700000000002	2.699169076	4.9899999999999996E-25	1.4099999999999999E-23
AT1G17190	GSTU26	1	5875295	5876620	+	14177	1014.03	14776	1172.78	5808	286.40100000000001	2888	181.535	2.6962740950000001	1.6299999999999998E-27	5.26E-26
AT2G24100		2	10244745	10246994	+	2353	168.30199999999999	2309	183.267	718	35.405700000000003	637	40.040799999999997	2.6953475820000001	7.6499999999999993E-37	3.6999999999999999E-35
AT2G45400	BEN1	2	18703772	18706401	-	3129	223.80600000000001	2896	229.857	1136	56.017899999999997	652	40.983699999999999	2.6953024600000002	4.2699999999999998E-32	1.67E-30
AT5G27760		5	9830251	9831872	+	2710	193.83699999999999	4180	331.76900000000001	1110	54.735799999999998	932	58.584000000000003	2.6951168139999999	1.5299999999999999E-23	3.9700000000000002E-22
AT4G17895	UBP20	4	9939666	9942988	+	1504	107.57599999999999	933	74.052700000000002	413	20.3657	292	18.354600000000001	2.6950184230000001	4.9799999999999997E-27	1.5699999999999999E-25
AT5G07010	SOT15	5	2174668	2176446	-	1072	76.676400000000001	1796	142.55000000000001	468	23.0778	387	24.3262	2.6917752990000001	1.2599999999999999E-19	2.6500000000000002E-18
AT4G33440		4	16091535	16094965	+	747	53.430300000000003	741	58.813600000000001	243	11.982699999999999	194	12.1945	2.6887230350000002	1.61E-27	5.2100000000000002E-26
AT4G22640		4	11911575	11912665	+	449	32.115400000000001	367	29.129000000000001	132	6.5091200000000002	106	6.6629899999999997	2.6883457129999999	1.9100000000000001E-21	4.4500000000000003E-20
AT1G66160	PUB20	1	24637196	24638608	+	697	49.853999999999999	481	38.177199999999999	151	7.44604	184	11.565899999999999	2.68686946	5.8299999999999997E-20	1.2500000000000001E-18
AT5G24140	SQP2	5	8164319	8167776	-	2549	182.321	2876	228.27	1303	64.252899999999997	383	24.0748	2.6857245769999998	1.19E-14	1.77E-13
AT5G39785		5	15928765	15932347	+	271	19.383700000000001	232	18.414000000000001	80	3.9449200000000002	67	4.2115099999999996	2.6852490470000001	3.0499999999999998E-16	5.17E-15
AT5G43380	TOPP7	5	17419790	17421982	-	390	27.895299999999999	453	35.954900000000002	135	6.6570600000000004	114	7.1658600000000003	2.6846312530000001	1.2500000000000001E-19	2.61E-18
AT3G23410	FAO3	3	8382672	8386181	+	713	50.998399999999997	457	36.272300000000001	162	7.9884700000000004	173	10.874499999999999	2.6826574970000001	1.0499999999999999E-20	2.3299999999999998E-19
AT5G63780	SHA1	5	25523827	25526593	+	1102	78.822199999999995	657	52.146500000000003	286	14.1031	224	14.080299999999999	2.6824137750000001	3.8200000000000002E-24	1.0299999999999999E-22
AT4G34135	UGT73B2	4	16345150	16347434	-	5101	364.85700000000003	4649	368.99400000000003	1413	69.677199999999999	1422	89.384600000000006	2.6806419419999998	3.4400000000000002E-37	1.6999999999999999E-35
AT4G31520		4	15278092	15282014	-	20	1.4305300000000001	15	1.1905600000000001	4	0.197246	6	0.37714999999999999	2.680617646	1.0655614000000001E-2	2.9416525999999998E-2
AT3G59350		3	21932337	21935231	+	5099	364.714	4291	340.57900000000001	1712	84.421300000000002	1081	67.9499	2.6799785809999999	3.0100000000000002E-37	1.49E-35
AT3G23605	PUX12	3	8476482	8477392	+	632	45.204799999999999	950	75.402000000000001	263	12.9689	212	13.326000000000001	2.6776545619999998	1.6799999999999999E-19	3.4600000000000001E-18
AT1G73500	MKK9	1	27639091	27640643	-	658	47.064399999999999	679	53.892600000000002	227	11.1937	171	10.748799999999999	2.6752139819999998	1.62E-25	4.7199999999999999E-24
AT5G43420	ATL16	5	17451488	17453124	+	739	52.8581	642	50.9559	222	10.9472	185	11.6288	2.6738831369999998	2.4300000000000001E-27	7.7699999999999998E-26
AT1G80450	VQ11	1	30243430	30244949	-	122	8.7262299999999993	95	7.5401999999999996	36	1.77521	28	1.76003	2.6719350899999998	3.9000000000000002E-9	3.5999999999999998E-8
AT5G57800	CER3	5	23420184	23424117	+	935	66.877300000000005	758	60.1629	318	15.681100000000001	189	11.8802	2.6707246649999998	7.0499999999999996E-26	2.09E-24
AT4G17940		4	9965742	9967013	+	1724	123.312	2390	189.696	706	34.813899999999997	536	33.692100000000003	2.6706770629999999	4.3699999999999996E-25	1.24E-23
AT5G62620	GALT6	5	25136700	25140024	+	870	62.228099999999998	683	54.210099999999997	276	13.61	186	11.691700000000001	2.6697611060000002	5.3999999999999998E-27	1.7E-25
AT5G48530		5	19666790	19668830	-	1286	91.983099999999993	690	54.765700000000002	279	13.757899999999999	289	18.1661	2.6687369599999999	9.0999999999999997E-21	2.0400000000000001E-19
AT1G78100		1	29387672	29389222	+	4515	322.94200000000001	3677	291.846	1574	77.616299999999995	893	56.1325	2.6684621129999999	5.0499999999999996E-32	1.97E-30
AT3G06520		3	2019849	2022102	+	44	3.14717	49	3.88916	10	0.49311500000000003	17	1.0685899999999999	2.6678586740000001	9.4400000000000004E-5	4.4680300000000001E-4
AT5G18400		5	6092682	6095080	-	2089	149.41900000000001	2483	197.077	678	33.433199999999999	678	42.618000000000002	2.6670139239999999	3.1199999999999998E-28	1.0400000000000001E-26
AT2G31141		2	13271726	13272534	-	42	3.0041099999999998	29	2.3017500000000002	12	0.59173799999999999	9	0.56572500000000003	2.6641773729999998	3.6378300000000001E-4	1.5216660000000001E-3
AT1G70750	MYOB2	1	26679872	26683355	-	1618	115.73	1125	89.291899999999998	498	24.557099999999998	320	20.114699999999999	2.664013185	1.0299999999999999E-28	3.5000000000000001E-27
AT4G02380	SAG21	4	1046042	1047105	-	8196	586.23099999999999	10829	859.50400000000002	3539	174.51300000000001	2291	144.00899999999999	2.6596787669999999	1.1400000000000001E-27	3.6799999999999999E-26
AT4G09150		4	5828505	5833725	+	5077	363.14	2730	216.68199999999999	1227	60.505200000000002	1057	66.441299999999998	2.6562905739999998	1.8499999999999999E-26	5.5999999999999998E-25
AT3G52770	ZPR3	3	19557516	19559323	-	22	1.57358	40	3.17482	17	0.83829600000000004	3	0.18857499999999999	2.6550442240000001	2.6175550000000001E-3	8.7585189999999993E-3
AT1G72790		1	27394598	27396799	+	1318	94.271900000000002	798	63.337699999999998	331	16.322099999999999	291	18.291799999999999	2.6548292529999999	5.1100000000000002E-25	1.44E-23
AT1G80080	TMM	1	30127819	30129649	-	28	2.0027400000000002	20	1.58741	6	0.29586899999999999	8	0.50286699999999995	2.6543735279999998	3.270453E-3	1.0632971E-2
ATMG00560	RPL2	Mt	154744	157345	+	20	1.4305300000000001	27	2.1429999999999998	6	0.29586899999999999	8	0.50286699999999995	2.6539083020000001	3.5767529999999998E-3	1.1483419999999999E-2
AT4G04490	CRK36	4	2231717	2234689	-	101	7.2241799999999996	42	3.3335599999999999	18	0.88760700000000003	23	1.44574	2.6537837400000002	1.0000000000000001E-5	5.7000000000000003E-5
AT2G18720		2	8114785	8117085	-	29	2.0742699999999998	22	1.7461500000000001	7	0.34518100000000002	8	0.50286699999999995	2.6535534260000002	2.3166089999999999E-3	7.8692269999999995E-3
AT2G39200	MLO12	2	16356041	16359943	-	8775	627.64499999999998	4111	326.29199999999997	1834	90.437299999999993	1894	119.054	2.6508958410000001	1.5499999999999999E-21	3.6199999999999998E-20
AT3G13672		3	4472562	4474378	-	32	2.2888500000000001	40	3.17482	13	0.64105000000000001	9	0.56572500000000003	2.6498777960000002	3.4959800000000001E-4	1.468039E-3
AT5G15870		5	5182367	5184948	-	3829	273.875	1989	157.86799999999999	1012	49.903300000000002	715	44.9437	2.6491825250000001	2.21E-24	6.0600000000000003E-23
AT4G33920		4	16260481	16263054	+	2793	199.774	2575	204.37899999999999	859	42.358600000000003	750	47.143799999999999	2.6487645629999998	4.7300000000000001E-38	2.4300000000000001E-36
AT2G16060	AHB1	2	6982531	6983777	-	349	24.962800000000001	228	18.096499999999999	83	4.0928599999999999	87	5.46868	2.6453544980000001	2.9200000000000001E-15	4.5500000000000002E-14
AT4G37610	BT5	4	17670481	17672353	-	4757	340.25200000000001	5313	421.69600000000003	1534	75.643900000000002	1497	94.099000000000004	2.6440450260000001	2.18E-32	8.6399999999999994E-31
AT1G35625	RMR6	1	13158466	13160284	-	44	3.14717	19	1.50804	13	0.64105000000000001	6	0.37714999999999999	2.6415111549999999	1.470315E-3	5.2936959999999996E-3
AT3G60120	BGLU27	3	22205931	22209156	+	30	2.1457999999999999	16	1.26993	3	0.14793500000000001	10	0.62858400000000003	2.639935151	7.3371180000000001E-3	2.1370137000000001E-2
AT3G17920		3	6136986	6142157	+	1516	108.434	878	69.687299999999993	408	20.1191	308	19.360399999999998	2.6387616089999999	1.67E-24	4.6100000000000002E-23
AT4G23040	PUX13	4	12075457	12078877	-	785	56.148299999999999	638	50.638399999999997	272	13.412699999999999	164	10.3088	2.6366081709999998	3.3400000000000001E-24	9.0700000000000004E-23
AT3G20340		3	7092765	7093526	-	688	49.2102	950	75.402000000000001	292	14.398999999999999	215	13.5146	2.6360515339999999	1.02E-20	2.2699999999999998E-19
AT4G30830		4	15015236	15017365	-	86	6.1512799999999999	77	6.1115300000000001	31	1.5286599999999999	19	1.19431	2.6354746530000002	2.7799999999999997E-7	2.0099999999999998E-6
AT3G06420	ATG8H	3	1954990	1956397	-	3432	245.47900000000001	5086	403.67899999999997	1529	75.397300000000001	1121	70.464299999999994	2.6338240939999999	6.6800000000000002E-24	1.78E-22
AT4G14450		4	8309384	8310058	+	15	1.0729	15	1.1905600000000001	4	0.197246	5	0.31429200000000002	2.6334071360000002	1.7835463999999999E-2	4.5589382999999997E-2
AT3G13430		3	4367181	4369029	+	2098	150.06299999999999	1733	137.54900000000001	605	29.833500000000001	550	34.572099999999999	2.631627151	5.8400000000000003E-35	2.5999999999999999E-33
AT1G65620	LBD6	1	24398143	24400989	+	84	6.0082300000000002	84	6.6671300000000002	25	1.2327900000000001	26	1.63432	2.625517103	2.2399999999999999E-7	1.6500000000000001E-6
AT2G43340		2	18007629	18008665	+	2051	146.70099999999999	2943	233.58799999999999	902	44.478999999999999	660	41.486499999999999	2.6243556680000002	1.08E-23	2.8400000000000001E-22
AT2G30720		2	13089368	13091755	-	897	64.159300000000002	770	61.115299999999998	258	12.7224	247	15.526	2.623674957	3.8699999999999997E-27	1.23E-25
AT3G57120		3	21138821	21140667	+	679	48.566499999999998	710	56.353099999999998	240	11.8348	188	11.817399999999999	2.623448588	5.6399999999999996E-25	1.5800000000000001E-23
AT5G24270	CBL4	5	8238428	8243443	-	581	41.556899999999999	890	70.639799999999994	252	12.426500000000001	207	13.011699999999999	2.6216585189999999	3.8500000000000003E-18	7.2799999999999995E-17
AT3G55940	PLC7	3	20747629	20750408	+	577	41.270800000000001	489	38.812199999999997	180	8.8760700000000003	146	9.1773199999999999	2.6211352969999999	1.2E-23	3.1399999999999998E-22
AT2G43820	UGT74F2	2	18152078	18153908	+	6848	489.81400000000002	9050	718.30399999999997	2637	130.03399999999999	2287	143.75700000000001	2.6210240790000001	3.1700000000000002E-28	1.06E-26
AT1G49405		1	18284270	18285418	-	17	1.2159500000000001	13	1.03182	4	0.197246	5	0.31429200000000002	2.6206855770000002	1.8738003E-2	4.7445530999999999E-2
AT5G66650		5	26603003	26607012	-	1310	93.699700000000007	1308	103.81699999999999	491	24.212	324	20.366099999999999	2.6190110180000001	2.1899999999999999E-29	7.5899999999999996E-28
AT1G17870	EGY3	1	6149939	6152222	-	286	20.456600000000002	174	13.810499999999999	57	2.8107600000000001	79	4.9658100000000003	2.6184495330000002	1.1900000000000001E-11	1.41E-10
AT3G06760		3	2132758	2134665	+	1358	97.132999999999996	1460	115.881	492	24.261299999999999	381	23.949000000000002	2.6183052939999998	4.2299999999999998E-30	1.5199999999999999E-28
AT3G16070		3	5451533	5452363	-	18	1.28748	22	1.7461500000000001	4	0.197246	8	0.50286699999999995	2.6176301099999999	8.2968260000000002E-3	2.3761099000000001E-2
AT4G26880		4	13508042	13508813	-	111	7.9394400000000003	128	10.1594	47	2.3176399999999999	28	1.76003	2.6173953640000001	4.8699999999999999E-9	4.4500000000000001E-8
AT4G29190		4	14391849	14393381	-	278	19.884399999999999	258	20.477599999999999	104	5.1284000000000001	63	3.96008	2.617127559	2.04E-15	3.2199999999999998E-14
AT2G37025	TRFL8	2	15549052	15552160	+	67	4.7922799999999999	46	3.6510500000000001	16	0.78898400000000002	18	1.1314500000000001	2.6160198100000001	1.7399999999999999E-5	9.5000000000000005E-5
AT3G46930		3	17285565	17288077	+	933	66.734200000000001	894	70.957300000000004	310	15.2866	253	15.9032	2.61600667	9.5000000000000002E-29	3.23E-27
AT5G45350		5	18381799	18384069	-	1529	109.364	1852	146.994	550	27.121300000000002	496	31.177800000000001	2.6151197320000001	5.5999999999999999E-27	1.7500000000000001E-25
AT4G16230		4	9185298	9187170	+	31	2.21732	19	1.50804	7	0.34518100000000002	8	0.50286699999999995	2.6148294349999999	3.1134880000000002E-3	1.0190088999999999E-2
AT1G21010		1	7346156	7347283	+	386	27.609200000000001	476	37.7804	161	7.9391499999999997	110	6.9144199999999998	2.611990397	6.5399999999999999E-18	1.2099999999999999E-16
AT3G17250		3	5892550	5894518	-	447	31.9724	433	34.367400000000004	149	7.3474199999999996	123	7.7315800000000001	2.61140616	5.0200000000000002E-21	1.14E-19
AT2G20630	PPC3-1.2	2	8896912	8899898	-	7773	555.976	10200	809.58	3272	161.34700000000001	2386	149.97999999999999	2.6110374649999999	2.3499999999999998E-28	7.9000000000000006E-27
AT3G50260	ERF011	3	18634546	18635514	+	1237	88.478300000000004	1124	89.212500000000006	341	16.815200000000001	377	23.697600000000001	2.6099324770000001	2.1000000000000001E-26	6.3600000000000004E-25
AT1G76690	OPR2	1	28778622	28780483	+	4215	301.48399999999998	4065	322.64100000000002	1416	69.825100000000006	1152	72.412899999999993	2.607330927	5.9299999999999994E-39	3.1399999999999999E-37
AT5G01070		5	25012	25908	-	57	4.0770099999999996	54	4.2860100000000001	23	1.1341600000000001	12	0.754301	2.6070795360000001	1.95E-5	1.0552600000000001E-4
AT4G24160		4	12539656	12542489	+	7727	552.68499999999995	5407	429.15699999999998	2108	103.949	1896	119.18	2.6069809589999999	7.0400000000000001E-36	3.2999999999999998E-34
ATMG00650	NAD4L	Mt	188929	189231	-	45	3.2186900000000001	50	3.9685299999999999	19	0.93691899999999995	11	0.691442	2.6068239150000001	6.4300000000000004E-5	3.1605899999999999E-4
AT4G26890	MAPKKK16	4	13511837	13513406	+	408	29.1828	358	28.4147	137	6.7556799999999999	101	6.3487	2.6062156179999998	9.8300000000000001E-20	2.0700000000000002E-18
AT4G04760		4	2424030	2427769	+	47	3.3617499999999998	45	3.5716700000000001	12	0.59173799999999999	16	1.00573	2.6059421270000001	9.1600000000000004E-5	4.3450599999999998E-4
AT3G28740	CYP81D11	3	10788698	10790553	-	13746	983.20299999999997	15937	1264.93	4619	227.77	4562	286.76	2.605578656	2.7499999999999998E-31	1.0399999999999999E-29
AT1G09180	ATSAR1	1	2965023	2965972	+	26	1.8596900000000001	24	1.90489	5	0.246558	10	0.62858400000000003	2.6039014260000002	3.6478740000000002E-3	1.1680226E-2
AT1G22830	PCMP-E24	1	8075996	8079137	+	577	41.270800000000001	203	16.112200000000001	127	6.2625599999999997	107	6.7258500000000003	2.603693781	2.1799999999999998E-11	2.5100000000000001E-10
AT2G36950	HIPP05	2	15514923	15517002	+	4850	346.904	5533	439.15699999999998	1775	87.527900000000002	1474	92.653300000000002	2.601896671	2.93E-33	1.2199999999999999E-31
AT5G18550		5	6160097	6163171	+	530	37.909100000000002	503	39.923400000000001	186	9.1719399999999993	137	8.6115999999999993	2.6013172070000001	1.46E-22	3.5800000000000001E-21
AT5G36250		5	14282059	14284684	+	1409	100.78100000000001	894	70.957300000000004	391	19.280799999999999	316	19.863299999999999	2.600739286	3.7099999999999998E-26	1.11E-24
ATCG01020	RPL32	Pt	113449	113607	+	95	6.7950200000000001	158	12.5405	60	2.9586899999999998	23	1.44574	2.598987986	2.0599999999999999E-7	1.5200000000000001E-6
AT1G02270		1	443118	446296	-	898	64.230800000000002	789	62.623399999999997	278	13.708600000000001	245	15.4003	2.597413457	8.6300000000000001E-28	2.8100000000000001E-26
AT5G13400	NPF6.1	5	4296688	4299264	-	26	1.8596900000000001	13	1.03182	7	0.34518100000000002	5	0.31429200000000002	2.5954017079999998	9.3623519999999991E-3	2.6326667000000002E-2
AT1G68795	CLE12	1	25840626	25841686	-	512	36.621600000000001	562	44.606299999999997	205	10.1089	136	8.5487400000000004	2.5939681920000002	1.02E-20	2.2699999999999998E-19
AT1G67920		1	25473544	25474140	+	273	19.526700000000002	299	23.7318	106	5.2270200000000004	75	4.7143800000000002	2.5935536259999998	1.07E-15	1.7199999999999999E-14
AT3G56040	UGP3	3	20792477	20797670	-	640	45.777000000000001	493	39.1297	204	10.0596	150	9.4287600000000005	2.5919417490000001	3.3299999999999998E-23	8.5199999999999994E-22
AT5G53590		5	21771811	21772794	+	1060	75.818100000000001	995	78.973699999999994	356	17.5549	288	18.103200000000001	2.5912966819999999	1.15E-29	4.0299999999999999E-28
AT4G19460		4	10610261	10612135	-	379	27.108499999999999	418	33.176900000000003	142	7.0022399999999996	110	6.9144199999999998	2.5894508900000002	1.12E-18	2.2E-17
AT5G54070	HSFA9	5	21943983	21945651	+	63	4.50617	84	6.6671300000000002	28	1.3807199999999999	19	1.19431	2.5893975089999999	2.08E-6	1.3200000000000001E-5
AT5G53500		5	21725441	21729413	-	1528	109.29300000000001	1346	106.833	477	23.521599999999999	421	26.4634	2.5858263890000002	2.2399999999999999E-32	8.8600000000000003E-31
AT1G30620	MUR4	1	10854517	10858280	+	1936	138.47499999999999	1487	118.024	578	28.502099999999999	490	30.800599999999999	2.5835990720000002	4.43E-33	1.8199999999999999E-31
AT2G25690		2	10940071	10942454	-	363	25.964099999999998	319	25.319199999999999	115	5.67082	99	6.2229799999999997	2.5820695769999999	2.8100000000000001E-18	5.3700000000000002E-17
AT5G50640	CBSCBSPB5	5	20605218	20608594	-	73	5.2214400000000003	55	4.36538	15	0.73967300000000002	24	1.5085999999999999	2.5814231570000001	1.31E-5	7.2700000000000005E-5
AT5G59570	BOA	5	24003888	24007844	+	359	25.678000000000001	308	24.446100000000001	123	6.0653199999999998	88	5.5315399999999997	2.5810064000000001	6.08E-18	1.1300000000000001E-16
AT5G54860		5	22284425	22287206	+	1905	136.25800000000001	1326	105.245	534	26.3324	473	29.731999999999999	2.5767157599999999	8.5400000000000004E-30	3.0100000000000002E-28
AT1G78340	GSTU22	1	29472845	29474003	-	7330	524.28899999999999	6933	550.27599999999995	2059	101.532	2371	149.03700000000001	2.5765523859999999	1.4000000000000001E-29	4.8599999999999996E-28
AT2G21180		2	9074660	9075631	-	594	42.486699999999999	487	38.653500000000001	205	10.1089	139	8.7373200000000004	2.5740898720000001	2.6799999999999999E-22	6.49E-21
AT5G59200	PCMP-E41	5	23888793	23890431	-	37	2.6464799999999999	39	3.09545	12	0.59173799999999999	12	0.754301	2.5736188750000002	3.13966E-4	1.3355369999999999E-3
AT2G30340	LBD13	2	12931172	12932828	-	1954	139.76300000000001	1724	136.83500000000001	642	31.658000000000001	522	32.812100000000001	2.5734897769999998	8.8399999999999996E-35	3.9099999999999997E-33
AT1G77000	SKP2B	1	28940147	28942639	+	647	46.277700000000003	870	69.052400000000006	279	13.757899999999999	211	13.2631	2.5711592720000001	4.7599999999999997E-20	1.02E-18
AT2G38940	PHT1-4	2	16257157	16260253	+	1987	142.12299999999999	1954	155.09	606	29.8828	632	39.726500000000001	2.5709955820000001	4.2399999999999998E-29	1.4599999999999999E-27
AT1G32870	ANAC13	1	11911631	11913947	+	421	30.1127	449	35.6374	148	7.2980999999999998	129	8.1087299999999995	2.569870302	1.85E-19	3.8199999999999997E-18
AT4G39830		4	18478890	18481343	+	315	22.530899999999999	171	13.5724	62	3.0573100000000002	86	5.4058200000000003	2.5693189489999999	5.1500000000000003E-11	5.7599999999999998E-10
AT3G57770		3	21397542	21398923	+	40	2.8610600000000002	69	5.4765699999999997	23	1.1341600000000001	13	0.81715899999999997	2.5652146660000001	6.2199999999999994E-5	3.0636599999999997E-4
AT1G78280		1	29452555	29457373	+	1900	135.9	1461	115.96	625	30.819700000000001	449	28.223400000000002	2.5615115689999999	5.9000000000000005E-32	2.2899999999999999E-30
AT3G11260	WOX5	3	3527280	3528440	+	51	3.64785	121	9.6038399999999999	27	1.33141	29	1.8228899999999999	2.561268262	8.9800000000000004E-6	5.1400000000000003E-5
AT3G55430		3	20549423	20552215	-	5664	405.12599999999998	5423	430.42700000000002	1905	93.938400000000001	1634	102.711	2.5612453839999998	2.34E-38	1.2200000000000001E-36
ATCG00740	RPOA	Pt	77901	78890	-	305	21.8156	228	18.096499999999999	92	4.5366600000000004	77	4.8400999999999996	2.5608523980000002	2.3400000000000002E-15	3.6600000000000003E-14
AT3G61800		3	22874363	22878667	-	898	64.230800000000002	603	47.860399999999998	257	12.6731	218	13.703099999999999	2.556614545	1.7800000000000001E-23	4.5899999999999999E-22
AT2G42270	BRR2B	2	17604076	17611333	+	2386	170.66200000000001	1371	108.81699999999999	596	29.389700000000001	578	36.332099999999997	2.5558121269999998	9.1399999999999998E-24	2.4100000000000002E-22
AT2G34910		2	14726800	14728128	+	1730	123.741	1376	109.214	557	27.4665	438	27.532	2.552976906	1.71E-32	6.8300000000000002E-31
AT1G32928		1	11931149	11931801	+	379	27.108499999999999	442	35.081800000000001	128	6.3118699999999999	135	8.4858799999999999	2.5525226120000002	8.1299999999999997E-17	1.43E-15
AT5G39090		5	15643493	15645172	+	192	13.7331	168	13.334300000000001	53	2.6135100000000002	61	3.8343600000000002	2.5507001869999999	1.8100000000000001E-11	2.1199999999999999E-10
AT2G29995	PSY3	2	12796503	12799441	-	1088	77.820800000000006	1276	101.277	450	22.190200000000001	323	20.3033	2.5505038839999998	5.1200000000000002E-25	1.44E-23
AT2G43020	PAO2	2	17891503	17894635	+	2360	168.803	2010	159.535	791	39.005400000000002	617	38.7836	2.548893761	1.9800000000000001E-35	9.0099999999999998E-34
AT1G17170	GSTU24	1	5869543	5870883	+	7684	549.61	12946	1027.53	3414	168.35	3319	208.62700000000001	2.548725117	2.2100000000000002E-19	4.5299999999999998E-18
AT3G19390	RD21C	3	6722825	6725110	+	12654	905.096	12022	954.19299999999998	4768	235.11699999999999	3275	205.86099999999999	2.5483164249999999	7.1799999999999997E-38	3.6599999999999999E-36
AT5G17760		5	5860350	5862475	-	681	48.709600000000002	829	65.798199999999994	306	15.0893	193	12.1317	2.546022706	1.95E-20	4.2400000000000002E-19
AT3G14870		3	5002271	5005877	+	326	23.317599999999999	274	21.747499999999999	98	4.8325300000000002	94	5.90869	2.5445709820000002	2.9500000000000001E-16	5.0099999999999998E-15
AT1G63090	PP2A11	1	23390968	23392873	-	871	62.299599999999998	941	74.687700000000007	306	15.0893	281	17.6632	2.5416110330000001	1.23E-24	3.39E-23
AT3G17510	CIPK1	3	5988924	5993001	-	2679	191.62	2665	211.523	1141	56.264400000000002	632	39.726500000000001	2.5409861779999998	1.4800000000000001E-26	4.5200000000000001E-25
AT5G43050	NPQ6	5	17267838	17269172	+	359	25.678000000000001	259	20.556999999999999	104	5.1284000000000001	94	5.90869	2.5389794050000001	3.8900000000000001E-16	6.5200000000000002E-15
AT4G12320	CYP706A6	4	7313779	7316871	-	23	1.6451100000000001	16	1.26993	10	0.49311500000000003	3	0.18857499999999999	2.5385860689999999	1.1559104000000001E-2	3.1495768E-2
AT3G45660		3	16761716	16764439	+	110	7.8679199999999998	109	8.6513899999999992	37	1.82453	34	2.1371899999999999	2.5372269369999998	1.4500000000000001E-8	1.2499999999999999E-7
AT4G26080	ABI1	4	13219915	13222376	-	4670	334.029	6655	528.21100000000001	2227	109.81699999999999	1550	97.430499999999995	2.5356768139999999	2.0400000000000001E-23	5.2399999999999997E-22
AT1G08310		1	2618647	2620452	+	625	44.704099999999997	368	29.208400000000001	192	9.4678100000000001	129	8.1087299999999995	2.535654251	1.4800000000000001E-17	2.7100000000000002E-16
AT5G42570		5	17021218	17022723	-	3105	222.09	3639	288.82900000000001	1318	64.992599999999996	917	57.641100000000002	2.534251748	1.1499999999999999E-28	3.8900000000000002E-27
AT5G02170	AVT1E	5	427642	430695	+	966	69.0946	518	41.113900000000001	282	13.905799999999999	196	12.3202	2.534055366	1.5699999999999999E-18	3.0699999999999998E-17
AT3G25990	GT-4	3	9504677	9506787	-	42	3.0041099999999998	30	2.3811200000000001	11	0.54242699999999999	12	0.754301	2.533491535	5.71041E-4	2.2793240000000001E-3
ATMG00160	COX2	Mt	40502	42628	-	564	40.341000000000001	561	44.526899999999998	193	9.5171200000000002	173	10.874499999999999	2.5331976209999998	6.82E-22	1.6199999999999999E-20
AT3G16510		3	5616801	5618322	-	548	39.1965	311	24.684200000000001	161	7.9391499999999997	116	7.2915700000000001	2.5326263689999999	2.43E-16	4.15E-15
AT3G17700	CNGC20	3	6048814	6052675	+	347	24.819700000000001	281	22.303100000000001	73	3.5997400000000002	124	7.7944399999999998	2.5319726459999998	5.9699999999999998E-12	7.2799999999999997E-11
AT4G34710	SPE2	4	16560030	16563044	-	9067	648.53099999999995	12162	965.30499999999995	4041	199.268	3023	190.02099999999999	2.5301999350000002	2.85E-26	8.5799999999999996E-25
AT5G54400		5	22090417	22092165	+	26	1.8596900000000001	14	1.1111899999999999	8	0.39449200000000001	5	0.31429200000000002	2.5271331290000001	9.7296410000000007E-3	2.7229496999999998E-2
AT2G27500		2	11752064	11754066	-	1631	116.66	1707	135.48599999999999	630	31.066299999999998	474	29.794899999999998	2.524738514	7.9300000000000001E-30	2.7999999999999998E-28
AT1G53170	ERF8	1	19821337	19822399	-	356	25.4634	359	28.494	122	6.0160099999999996	112	7.0401400000000001	2.5239418069999999	2.0099999999999999E-17	3.64E-16
AT4G01630	EXPA17	4	700566	701769	+	2292	163.93899999999999	4024	319.387	906	44.676200000000001	1163	73.104299999999995	2.5235869919999998	2.0999999999999998E-15	3.3099999999999999E-14
AT4G01770	RGXT1	4	764473	766876	+	959	68.593900000000005	744	59.051699999999997	281	13.8565	270	16.971800000000002	2.5230604319999999	5.4100000000000003E-25	1.5200000000000001E-23
AT1G72720		1	27376682	27377473	-	40	2.8610600000000002	43	3.4129299999999998	12	0.59173799999999999	15	0.94287600000000005	2.5187327389999998	2.6251699999999998E-4	1.1328930000000001E-3
AT3G59710		3	22054667	22057156	-	510	36.478499999999997	691	54.845100000000002	293	14.4483	122	7.6687200000000004	2.5160913960000002	1.48E-13	2.0400000000000002E-12
AT2G17450	ATL44	2	7576388	7577846	-	1554	111.152	1786	141.756	596	29.389700000000001	512	32.183500000000002	2.5153578329999999	5.6799999999999998E-27	1.78E-25
AT1G47710		1	17557091	17560331	+	2081	148.84700000000001	2274	180.489	805	39.695799999999998	643	40.417900000000003	2.5149778729999999	5.1499999999999997E-30	1.8399999999999999E-28
AT1G24330	PUB6	1	8631206	8635055	+	121	8.6547099999999997	101	8.0164299999999997	40	1.9724600000000001	33	2.0743299999999998	2.5148780359999998	1.2499999999999999E-8	1.09E-7
AT1G02400	GA2OX6	1	486800	489651	+	899	64.302300000000002	1064	84.450299999999999	402	19.8232	260	16.3432	2.5138961530000001	3.41E-22	8.2199999999999996E-21
AT1G73010	PS2	1	27464528	27466348	-	237	16.951799999999999	252	20.0014	99	4.8818400000000004	65	4.0857999999999999	2.5128091160000001	1.1099999999999999E-13	1.5500000000000001E-12
AT5G17810	WOX12	5	5880424	5884770	-	80	5.7221200000000003	114	9.0482399999999998	29	1.4300299999999999	35	2.20004	2.5126168839999998	5.4600000000000005E-7	3.8E-6
AT2G18700	TPS11	2	8108898	8112010	+	5350	382.66699999999997	4953	393.12200000000001	1705	84.076099999999997	1669	104.911	2.5120690579999998	6.9999999999999997E-34	2.9600000000000001E-32
AT1G01810		1	295207	295859	+	30	2.1457999999999999	36	2.8573400000000002	12	0.59173799999999999	10	0.62858400000000003	2.5120253080000001	9.2101100000000001E-4	3.4947390000000002E-3
AT3G01650	RGLG1	3	241739	245284	+	1935	138.404	1678	133.184	695	34.271500000000003	508	31.932099999999998	2.507253285	1.5800000000000001E-32	6.3300000000000001E-31
AT1G69750	COX19-2	1	26235071	26238542	+	800	57.221200000000003	1079	85.640799999999999	320	15.7797	307	19.297499999999999	2.5069282579999999	1.4100000000000001E-19	2.9400000000000001E-18
AT1G11410		1	3840877	3844479	+	69	4.9353300000000004	83	6.5877600000000003	35	1.7259	17	1.0685899999999999	2.5063024939999998	3.72E-6	2.2799999999999999E-5
AT3G23170		3	8267920	8268961	-	406	29.0398	419	33.256300000000003	157	7.7419099999999998	119	7.4801500000000001	2.5061010800000001	1.2799999999999999E-18	2.51E-17
AT1G17310		1	5927925	5928833	-	65	4.6492199999999997	62	4.9209699999999996	28	1.3807199999999999	15	0.94287600000000005	2.5038260729999999	1.11E-5	6.2700000000000006E-5
AT3G49710	PCMP-H79	3	18437845	18440010	+	269	19.240600000000001	153	12.143700000000001	66	3.2545600000000001	71	4.4629500000000002	2.496988864	4.58E-11	5.1599999999999998E-10
AT1G49210	ATL76	1	18201889	18202764	+	33	2.3603700000000001	31	2.4604900000000001	9	0.44380399999999998	12	0.754301	2.4963555300000002	1.2738739999999999E-3	4.6657219999999998E-3
AT1G49720	ABF1	1	18400003	18402628	+	429	30.684899999999999	368	29.208400000000001	147	7.2487899999999996	119	7.4801500000000001	2.4957868799999998	5.7800000000000003E-19	1.16E-17
AT3G15210	ERF4	3	5121303	5122562	+	3217	230.101	2451	194.53700000000001	1133	55.87	770	48.401000000000003	2.494128543	5.4300000000000002E-32	2.1100000000000001E-30
AT4G35110		4	16712280	16715114	-	1550	110.866	1430	113.5	502	24.7544	487	30.611999999999998	2.4940906379999999	1.25E-28	4.2299999999999996E-27
AT5G16380		5	5359307	5360710	-	522	37.336799999999997	622	49.368499999999997	198	9.7636800000000008	186	11.691700000000001	2.4939026540000002	6.18E-19	1.2299999999999999E-17
AT1G74020	SSL12	1	27835123	27837443	-	6353	454.40800000000002	7908	627.66200000000003	3050	150.4	1861	116.979	2.492717732	5.4900000000000001E-25	1.5399999999999999E-23
AT2G46140		2	18958999	18960645	+	4353	311.35500000000002	4828	383.20100000000002	1832	90.338700000000003	1297	81.527299999999997	2.4897004589999998	1.44E-30	5.2599999999999999E-29
AT3G03170		3	731862	732914	+	764	54.646299999999997	791	62.7821	275	13.560700000000001	247	15.526	2.4896985539999998	1.56E-23	4.0399999999999999E-22
AT1G05340		1	1558778	1559917	-	1625	116.23099999999999	2628	208.58600000000001	785	38.709499999999998	671	42.177999999999997	2.4879477269999999	1.63E-18	3.1899999999999998E-17
AT1G61260		1	22593465	22595338	-	322	23.031500000000001	230	18.255199999999999	101	4.9804599999999999	83	5.2172499999999999	2.4875751890000002	8.3999999999999992E-15	1.2699999999999999E-13
AT1G72660	DRG2	1	27353765	27356852	+	43	3.0756399999999999	36	2.8573400000000002	18	0.88760700000000003	9	0.56572500000000003	2.4873370499999998	4.1141600000000001E-4	1.6985850000000001E-3
AT3G22060	CRRSP38	3	7770899	7772357	+	1777	127.10299999999999	1045	82.9422	631	31.115600000000001	326	20.491800000000001	2.4863362059999998	6.6399999999999999E-19	1.33E-17
AT2G34390	NIP2-1	2	14514487	14515988	-	39	2.7895300000000001	43	3.4129299999999998	10	0.49311500000000003	17	1.0685899999999999	2.4846706749999998	4.6082000000000002E-4	1.880905E-3
AT4G11660	HSFB2B	4	7042354	7044708	+	1103	78.893699999999995	808	64.131399999999999	366	18.047999999999998	276	17.3489	2.4831450849999999	9.32E-26	2.7499999999999999E-24
AT1G68340		1	25613926	25615404	-	269	19.240600000000001	346	27.462199999999999	138	6.8049900000000001	76	4.7772399999999999	2.4817765289999998	5.4999999999999998E-13	7.25E-12
AT1G80670	RAE1	1	30320525	30323902	-	1900	135.9	2115	167.869	696	34.320799999999998	659	41.423699999999997	2.4814107939999999	6.7900000000000006E-27	2.11E-25
AT2G45080	CYCU2-1	2	18591628	18592729	+	67	4.7922799999999999	78	6.1909000000000001	31	1.5286599999999999	19	1.19431	2.4798053869999999	4.0500000000000002E-6	2.4600000000000002E-5
AT5G01200		5	76872	78543	+	244	17.452500000000001	364	28.890899999999998	126	6.2132500000000004	85	5.3429599999999997	2.4797255479999998	1.7199999999999999E-12	2.17E-11
AT1G15125		1	5204312	5205964	+	65	4.6492199999999997	61	4.8415999999999997	32	1.5779700000000001	12	0.754301	2.4782208940000001	2.9499999999999999E-5	1.5476199999999999E-4
AT4G01400		4	575756	577303	-	85	6.0797499999999998	38	3.0160800000000001	18	0.88760700000000003	22	1.3828800000000001	2.477897005	5.9200000000000002E-5	2.9275900000000002E-4
AT2G40270		2	16821934	16825160	-	1631	116.66	1006	79.846800000000002	484	23.866800000000001	396	24.8919	2.4778877619999999	4.6499999999999997E-24	1.2499999999999999E-22
AT3G28340	GATL10	3	10588947	10590685	-	608	43.488100000000003	543	43.098199999999999	206	10.158200000000001	182	11.440200000000001	2.47740976	4.7799999999999997E-22	1.1399999999999999E-20
AT5G51130		5	20781658	20784071	+	415	29.683499999999999	442	35.081800000000001	160	7.8898400000000004	132	8.2973099999999995	2.4756530560000001	2.39E-18	4.6000000000000002E-17
AT2G23170	GH3.3	2	9863855	9866562	-	309	22.101700000000001	228	18.096499999999999	71	3.5011199999999998	105	6.6001300000000001	2.474042426	1.0799999999999999E-11	1.28E-10
AT1G18100	MFT	1	6227217	6230194	-	38	2.71801	138	10.953099999999999	38	1.87384	25	1.5714600000000001	2.4732460980000002	7.47E-5	3.6032300000000001E-4
AT1G08910		1	2856162	2861170	+	1122	80.252700000000004	548	43.495100000000001	285	14.053800000000001	266	16.720300000000002	2.4730299429999998	1.1900000000000001E-16	2.0500000000000002E-15
AT1G27910	PUB45	1	9720733	9724800	-	549	39.268099999999997	486	38.574100000000001	197	9.7143700000000006	155	9.7430500000000002	2.4721163779999999	3.0599999999999999E-21	7.0199999999999995E-20
AT5G14570	NRT2.7	5	4695084	4697078	-	129	9.2269199999999998	276	21.906300000000002	85	4.1914800000000003	58	3.6457899999999999	2.4708978539999999	1.92E-8	1.6299999999999999E-7
AT5G67480	BT4	5	26930539	26933352	-	953	68.1648	931	73.894000000000005	318	15.681100000000001	318	19.989000000000001	2.470660654	4.5600000000000003E-24	1.23E-22
AT1G02610		1	553019	556152	-	579	41.413899999999998	546	43.336300000000001	198	9.7636800000000008	183	11.5031	2.470364461	3.3900000000000001E-21	7.76E-20
AT1G17340	SAC5	1	5933780	5938817	+	3406	243.619	2417	191.839	1285	63.365299999999998	719	45.1952	2.4695146659999998	5.2999999999999997E-25	1.49E-23
AT2G29410	MTPB	2	12616378	12617987	+	124	8.8692899999999995	61	4.8415999999999997	42	2.0710799999999998	21	1.32003	2.469495894	2.4200000000000001E-6	1.5299999999999999E-5
AT3G47780	ABCA7	3	17624340	17629285	+	3602	257.63799999999998	2436	193.34700000000001	764	37.673999999999999	1199	75.367199999999997	2.4693413689999999	2.9199999999999999E-17	5.2300000000000002E-16
AT1G70590		1	26618099	26620421	+	1593	113.94199999999999	1503	119.294	640	31.5594	428	26.903400000000001	2.4671963629999998	1.7700000000000001E-28	5.9700000000000002E-27
AT2G41880	GK-1	2	17474527	17477311	+	578	41.342300000000002	528	41.907699999999998	212	10.454000000000001	166	10.4345	2.466969438	9.9499999999999997E-22	2.3500000000000001E-20
AT4G37690	GT6	4	17707894	17709847	+	110	7.8679199999999998	62	4.9209699999999996	27	1.33141	30	1.88575	2.466765047	1.8700000000000001E-6	1.2E-5
AT5G24590	NAC091	5	8416375	8419076	-	2022	144.62700000000001	1565	124.215	679	33.482500000000002	540	33.9435	2.4654903730000002	3.8299999999999999E-31	1.4300000000000001E-29
AT5G39040	ABCB27	5	15625460	15629835	+	1811	129.535	3001	238.191	799	39.399900000000002	856	53.806800000000003	2.4647158249999999	8.77E-17	1.53E-15
AT3G14225	GLIP4	3	4734553	4735993	-	137	9.7991299999999999	97	7.6989400000000003	35	1.7259	43	2.7029100000000001	2.4626348579999999	4.7099999999999998E-8	3.8299999999999998E-7
ATMG01370	ORF111D	Mt	360717	361052	-	58	4.1485399999999997	44	3.4923000000000002	21	1.0355399999999999	14	0.88001700000000005	2.4611996079999998	7.1500000000000003E-5	3.4681000000000002E-4
AT1G80120		1	30138818	30140360	+	948	67.807100000000005	1129	89.609399999999994	438	21.598400000000002	290	18.228899999999999	2.456979606	9.6100000000000007E-22	2.2700000000000001E-20
AT1G20550		1	7115241	7118331	-	500	35.763300000000001	520	41.2727	170	8.3829600000000006	178	11.188800000000001	2.4559740140000001	2.38E-18	4.5899999999999998E-17
AT3G01620		3	235197	236968	-	33	2.3603700000000001	20	1.58741	10	0.49311500000000003	8	0.50286699999999995	2.4552459789999999	3.6122149999999998E-3	1.1579176E-2
AT5G59510	RTFL5	5	23989755	23990824	+	345	24.676600000000001	347	27.541599999999999	109	5.3749599999999997	126	7.9201600000000001	2.4547622640000002	5.9999999999999997E-15	9.1200000000000005E-14
AT4G37730	AtbZIP7	4	17723639	17725037	+	595	42.558300000000003	607	48.177900000000001	233	11.489599999999999	183	11.5031	2.4543566289999998	1.8200000000000001E-21	4.2300000000000002E-20
AT1G68600	ALMT5	1	25759736	25762982	+	20	1.4305300000000001	17	1.3492999999999999	9	0.44380399999999998	4	0.25143399999999999	2.4538061990000002	1.3870964E-2	3.6748540000000003E-2
AT4G27350		4	13690645	13692832	-	1000	71.526499999999999	1281	101.67400000000001	463	22.831199999999999	337	21.183299999999999	2.4530686130000001	2.7600000000000001E-21	6.3699999999999996E-20
AT1G01520		1	190408	192436	+	31	2.21732	20	1.58741	7	0.34518100000000002	10	0.62858400000000003	2.4519048849999998	4.7290980000000002E-3	1.4612157000000001E-2
AT5G14280	GPL2	5	4608745	4610448	+	58	4.1485399999999997	19	1.50804	16	0.78898400000000002	10	0.62858400000000003	2.4518504839999999	1.4430160000000001E-3	5.2149509999999998E-3
AT4G11600	GPX6	4	7009769	7011406	-	9538	682.22	12583	998.72	4038	199.12	3648	229.30699999999999	2.4518055959999998	6.3400000000000004E-25	1.7800000000000001E-23
AT5G07440	GDH2	5	2355759	2358241	+	33365	2386.48	43729	3470.79	15674	772.90899999999999	11458	720.23099999999999	2.4500778009999999	6.89E-26	2.0500000000000001E-24
AT3G56200	AVT6C	3	20849762	20852104	+	1361	97.3476	1224	97.149600000000007	570	28.107600000000001	337	21.183299999999999	2.4490458190000002	1.0800000000000001E-24	2.99E-23
AT5G07070	CIPK2	5	2196428	2198539	-	329	23.5322	231	18.334599999999998	112	5.5228900000000003	81	5.0915299999999997	2.4468310249999998	2.2800000000000001E-14	3.3299999999999999E-13
AT3G48346		3	17902972	17903751	+	84	6.0082300000000002	75	5.9527900000000002	24	1.1834800000000001	30	1.88575	2.4466323189999999	2.3599999999999999E-6	1.5E-5
AT2G28650	ATEXO70H8	2	12289152	12291092	-	253	18.0962	244	19.366399999999999	98	4.8325300000000002	75	4.7143800000000002	2.4445369289999999	6.2900000000000002E-14	8.8900000000000005E-13
AT3G01070	ENODL16	3	19409	20806	+	465	33.259799999999998	331	26.271699999999999	136	6.7063699999999997	135	8.4858799999999999	2.4438754889999998	1.03E-16	1.7899999999999999E-15
AT5G13200		5	4206738	4208289	+	646	46.206099999999999	595	47.225499999999997	193	9.5171200000000002	230	14.4574	2.4414738489999999	1.7699999999999998E-18	3.4599999999999998E-17
AT3G07565		3	2413623	2416284	+	752	53.7879	1070	84.926500000000004	346	17.061800000000002	296	18.606100000000001	2.4396106789999998	4.2800000000000003E-18	8.0600000000000006E-17
AT1G28050	COL15	1	9775522	9778043	-	517	36.979199999999999	558	44.288800000000002	207	10.2075	169	10.623100000000001	2.4392918570000002	1.1799999999999999E-19	2.4799999999999999E-18
AT3G03640	BGLU25	3	880988	884157	+	1867	133.54	2268	180.012	856	42.210700000000003	608	38.2179	2.4389512830000002	1.6399999999999999E-24	4.5299999999999999E-23
AT3G27540		3	10205074	10207423	+	122	8.7262299999999993	120	9.5244700000000009	43	2.1204000000000001	41	2.5771899999999999	2.4359330689999998	1.1900000000000001E-8	1.04E-7
AT3G48440		3	17941046	17943855	+	136	9.7276100000000003	118	9.3657299999999992	46	2.2683300000000002	42	2.64005	2.4351932469999999	5.0199999999999996E-9	4.58E-8
AT5G22690		5	7541072	7545256	+	435	31.114000000000001	242	19.207699999999999	150	7.3967299999999998	86	5.4058200000000003	2.4346754079999999	6.7700000000000004E-13	8.8600000000000006E-12
AT1G16130	WAKL2	1	5525293	5528212	+	601	42.987400000000001	281	22.303100000000001	188	9.2705699999999993	117	7.3544299999999998	2.4329291620000002	7.6799999999999996E-13	9.9999999999999994E-12
AT5G33290	XGD1	5	12558154	12562020	+	1059	75.746600000000001	1110	88.101299999999995	422	20.8095	341	21.434699999999999	2.4304157430000002	2.4899999999999998E-25	7.2100000000000005E-24
AT4G27845		4	13866983	13868702	+	23	1.6451100000000001	18	1.4286700000000001	6	0.29586899999999999	8	0.50286699999999995	2.4302892819999999	1.0252882E-2	2.8454202000000001E-2
ATCG00790	RPL16	Pt	81189	82652	-	5709	408.34500000000003	10013	794.73699999999997	3237	159.62100000000001	2428	152.62	2.4287866880000002	2.2700000000000001E-17	4.0899999999999999E-16
AT3G04060	anac046	3	1053360	1055196	-	1489	106.503	1189	94.371600000000001	575	28.354099999999999	371	23.320499999999999	2.426688907	3.1800000000000002E-26	9.5400000000000005E-25
AT2G37700		2	15810520	15814218	-	718	51.356000000000002	291	23.096800000000002	193	9.5171200000000002	152	9.5544700000000002	2.4258620670000002	3.1300000000000002E-12	3.9000000000000001E-11
AT4G28485	DMP7	4	14075235	14076011	-	34	2.4319000000000002	23	1.82552	12	0.59173799999999999	8	0.50286699999999995	2.4236153159999998	2.7554440000000001E-3	9.1467609999999998E-3
AT3G16330		3	5535124	5536237	+	463	33.116799999999998	781	61.988399999999999	275	13.560700000000001	178	11.188800000000001	2.4210392010000001	1.4399999999999999E-13	2E-12
AT5G05730	ASA1	5	1719533	1722933	-	2955	211.36099999999999	3118	247.477	780	38.463000000000001	1291	81.150199999999998	2.4202289750000001	5.6100000000000004E-16	9.2699999999999996E-15
AT3G03660	WOX11	3	889166	892229	-	62	4.4346399999999999	56	4.44475	19	0.93691899999999995	22	1.3828800000000001	2.419153031	3.2100000000000001E-5	1.6690100000000001E-4
AT5G37770	CML24	5	14997514	14999619	-	1227	87.763000000000005	1083	85.958299999999994	483	23.817499999999999	337	21.183299999999999	2.419025113	9.1899999999999995E-27	2.8299999999999998E-25
AT4G01240		4	517795	521972	-	758	54.217100000000002	736	58.416699999999999	270	13.3141	255	16.0289	2.4167706510000002	2.4E-22	5.8300000000000003E-21
AT5G06300	LOG7	5	1921548	1925407	-	3635	259.99900000000002	4717	374.39100000000002	1522	75.052099999999996	1444	90.767499999999998	2.4155699410000002	2.9100000000000002E-23	7.4600000000000001E-22
AT5G60700		5	24402129	24405600	-	1712	122.453	1480	117.468	575	28.354099999999999	544	34.195	2.4134383580000001	3.2599999999999999E-28	1.0900000000000001E-26
AT2G43880		2	18172889	18174705	+	1074	76.819500000000005	1006	79.846800000000002	404	19.921900000000001	333	20.931799999999999	2.412657308	2.4599999999999999E-26	7.4300000000000001E-25
AT5G01640	PRA1B5	5	241212	242322	-	471	33.689	212	16.826599999999999	106	5.2270200000000004	126	7.9201600000000001	2.4112334980000001	8.2100000000000006E-11	9.0199999999999999E-10
AT1G06620		1	2025544	2027413	+	2619	187.328	2206	175.09100000000001	973	47.9801	741	46.578099999999999	2.4093250209999999	2.1199999999999999E-32	8.3999999999999996E-31
AT1G12950	DTX31	1	4419714	4422684	+	733	52.428899999999999	875	69.449200000000005	373	18.3932	214	13.451700000000001	2.4085050699999999	3.6299999999999999E-18	6.9E-17
AT1G67560	LOX6	1	25319804	25324581	+	2048	146.48599999999999	1695	134.53299999999999	694	34.222200000000001	624	39.223599999999998	2.4084937110000002	6.78E-30	2.4000000000000002E-28
AT1G02520	ABCB11	1	523536	529069	+	4866	348.048	3074	243.98500000000001	1181	58.236899999999999	1539	96.739099999999993	2.404152641	1.5999999999999999E-19	3.3200000000000001E-18
AT5G50170		5	20420951	20425604	+	340	24.318999999999999	416	33.0182	143	7.0515499999999998	128	8.0458700000000007	2.403817493	4.4699999999999997E-15	6.8499999999999998E-14
AT1G02310	MAN1	1	458133	460831	-	352	25.177299999999999	309	24.525500000000001	145	7.1501700000000001	93	5.8458300000000003	2.4027071430000002	1.6300000000000001E-15	2.6E-14
AT1G18300	NUDT4	1	6299669	6301139	+	368	26.3218	475	37.701000000000001	180	8.8760700000000003	127	7.9830199999999998	2.4002317049999999	3.9700000000000002E-15	6.1199999999999994E-14
AT1G13195		1	4501581	4503676	-	664	47.493600000000001	1086	86.196399999999997	378	18.639800000000001	266	16.720300000000002	2.3986409549999999	4.8500000000000003E-15	7.4099999999999995E-14
AT3G13310		3	4310544	4311629	-	3777	270.15600000000001	3846	305.25900000000001	1483	73.129000000000005	1250	78.572999999999993	2.3983476669999999	1.8199999999999999E-31	6.9400000000000003E-30
AT1G13390		1	4592304	4594468	-	1211	86.618600000000001	1241	98.498900000000006	491	24.212	391	24.5776	2.3981647960000001	5.2200000000000001E-26	1.56E-24
AT1G76590		1	28740540	28742231	+	1310	93.699700000000007	1338	106.19799999999999	532	26.233699999999999	421	26.4634	2.397720343	1.4499999999999999E-26	4.4400000000000003E-25
AT2G02230	PP2B1	2	589945	591689	-	1000	71.526499999999999	835	66.2744	357	17.604199999999999	297	18.668900000000001	2.3976070580000002	2.59E-25	7.4700000000000005E-24
AT5G54490	PBP1	5	22121102	22122122	+	409	29.254300000000001	591	46.908000000000001	174	8.5801999999999996	185	11.6288	2.3975437739999998	5.6200000000000003E-14	7.9800000000000003E-13
AT1G59870	ABCG36	1	22034423	22040126	+	26390	1887.58	11807	937.12800000000004	6027	297.20100000000002	7035	442.209	2.3973020049999998	2.1799999999999999E-16	3.7300000000000003E-15
AT5G13800	PPH	5	4451733	4454813	-	1054	75.388900000000007	1586	125.88200000000001	564	27.811699999999998	405	25.457599999999999	2.3970313970000001	1.3200000000000001E-17	2.4100000000000002E-16
AT5G20190		5	6813762	6815873	+	2186	156.357	2337	185.489	897	44.232399999999998	732	46.012300000000003	2.3968570100000002	2.8200000000000001E-28	9.4599999999999993E-27
AT3G02410	ICMEL2	3	489670	494958	-	28	2.0027400000000002	36	2.8573400000000002	18	0.88760700000000003	6	0.37714999999999999	2.3957038690000001	2.5644550000000002E-3	8.6050539999999991E-3
AT5G03390		5	834859	836751	+	27	1.9312199999999999	16	1.26993	7	0.34518100000000002	8	0.50286699999999995	2.3950659980000002	9.9672570000000002E-3	2.7767248000000001E-2
AT3G13600	IQM2	3	4444554	4447660	+	1392	99.564899999999994	772	61.274099999999997	418	20.612200000000001	345	21.6861	2.3925497070000001	2.2999999999999998E-19	4.7200000000000003E-18
AT2G44578		2	18400646	18401339	-	31	2.21732	51	4.0479000000000003	10	0.49311500000000003	19	1.19431	2.3925144199999999	1.0717190000000001E-3	4.0007549999999999E-3
AT3G54020	IPCS1	3	20005616	20008254	+	1345	96.203199999999995	962	76.354500000000002	472	23.274999999999999	353	22.189	2.3924294719999999	4.85E-25	1.37E-23
AT1G17830		1	6135751	6138500	-	48	3.4332699999999998	110	8.7307600000000001	29	1.4300299999999999	29	1.8228899999999999	2.3909326709999998	3.65E-5	1.87424E-4
AT3G09310		3	2860402	2861359	-	27	1.9312199999999999	15	1.1905600000000001	9	0.44380399999999998	6	0.37714999999999999	2.389205762	1.1016107000000001E-2	3.0245437E-2
AT3G11820	SYP121	3	3729305	3731251	-	2658	190.11699999999999	2211	175.488	947	46.698	797	50.098100000000002	2.3890890890000001	7.7699999999999997E-32	2.99E-30
AT2G26540	UROS	2	11287308	11290361	-	373	26.679400000000001	340	26.986000000000001	149	7.3474199999999996	109	6.8515600000000001	2.388892813	1.53E-16	2.6399999999999999E-15
AT3G60130	BGLU16	3	22210026	22213882	+	4859	347.54700000000003	5468	433.99799999999999	2222	109.57	1561	98.121899999999997	2.3870161630000002	6.2200000000000002E-28	2.04E-26
AT4G11350		4	6901456	6904426	+	340	24.318999999999999	302	23.969899999999999	137	6.7556799999999999	96	6.0344100000000003	2.3860512530000002	1.64E-15	2.6E-14
AT1G10370	GSTU17	1	3396883	3398358	-	742	53.072699999999998	1679	133.26300000000001	509	25.099599999999999	395	24.8291	2.38601135	1.0499999999999999E-11	1.2500000000000001E-10
AT5G14760	AO	5	4768263	4772153	+	86	6.1512799999999999	140	11.1119	50	2.4655800000000001	34	2.1371899999999999	2.3827363949999998	5.1799999999999995E-7	3.6200000000000001E-6
AT1G50600	SCL5	1	18737063	18739649	-	3937	281.60000000000002	3396	269.54199999999997	1510	74.460400000000007	1147	72.098600000000005	2.3823001760000002	1.0699999999999999E-33	4.4799999999999998E-32
AT3G09920	PIP5K9	3	3038780	3044989	-	1121	80.181200000000004	1393	110.563	434	21.401199999999999	472	29.6692	2.3819779350000001	3.7300000000000001E-19	7.5399999999999999E-18
AT5G60610		5	24363591	24365615	+	80	5.7221200000000003	108	8.5720200000000002	32	1.5779700000000001	36	2.2629000000000001	2.3813013249999999	1.44E-6	9.4499999999999993E-6
AT4G04020	PAP1	4	1931883	1933950	+	381	27.2516	424	33.653100000000002	169	8.3336500000000004	126	7.9201600000000001	2.3796712109999998	2.6800000000000002E-16	4.5699999999999997E-15
AT4G21200	GA2OX8	4	11302682	11306770	+	40	2.8610600000000002	48	3.80979	23	1.1341600000000001	10	0.62858400000000003	2.3792949989999999	4.36966E-4	1.7942349999999999E-3
AT2G30220		2	12891233	12892666	-	89	6.3658599999999996	40	3.17482	27	1.33141	19	1.19431	2.378932925	5.77E-5	2.8615100000000001E-4
AT1G64010		1	23750764	23751671	-	14	1.0013700000000001	25	1.9842599999999999	5	0.246558	9	0.56572500000000003	2.3788709520000002	1.6280783E-2	4.2211835000000003E-2
AT3G48580	XTH11	3	18007098	18008535	+	25	1.78816	35	2.7779699999999998	18	0.88760700000000003	5	0.31429200000000002	2.3769766539999999	4.218617E-3	1.3267065E-2
AT5G65990	AVT3A	5	26394823	26396513	+	983	70.310599999999994	558	44.288800000000002	359	17.7028	202	12.6974	2.3755210899999999	4.1100000000000002E-16	6.8499999999999997E-15
AT1G22570	NPF5.15	1	7976424	7978810	-	452	32.33	317	25.160499999999999	146	7.1994800000000003	130	8.1715900000000001	2.3743826029999999	4.0599999999999999E-16	6.7799999999999997E-15
AT2G37110		2	15592552	15594033	+	5315	380.16300000000001	6540	519.08299999999997	2514	123.96899999999999	1869	117.482	2.3740625149999999	1.55E-25	4.55E-24
AT5G03690	FBA4	5	963147	965327	-	344	24.6051	346	27.462199999999999	133	6.5584300000000004	118	7.4172900000000004	2.3734308099999999	1.0999999999999999E-15	1.77E-14
AT1G61380	SD129	1	22645923	22650072	-	736	52.643500000000003	316	25.081099999999999	204	10.0596	169	10.623100000000001	2.3724028509999999	1.61E-12	2.05E-11
AT5G16830	SYP21	5	5532846	5535295	-	2591	185.32499999999999	2424	192.39400000000001	995	49.064999999999998	831	52.235300000000002	2.372251216	4.05E-31	1.5100000000000001E-29
AT5G41610	CHX18	5	16638302	16641933	-	546	39.0535	695	55.162500000000001	223	10.996499999999999	230	14.4574	2.3692810280000001	2.4100000000000002E-16	4.1199999999999999E-15
AT5G05400		5	1597351	1601255	-	905	64.731499999999997	392	31.113299999999999	239	11.785500000000001	220	13.828799999999999	2.367430396	4.1799999999999999E-13	5.5699999999999999E-12
AT1G22470		1	7932777	7933604	-	388	27.752300000000002	570	45.241199999999999	212	10.454000000000001	147	9.2401800000000005	2.3671711480000002	6.57E-14	9.2800000000000008E-13
AT5G54390	AHL	5	22085998	22088094	+	1253	89.622699999999995	1685	133.739	572	28.206199999999999	512	32.183500000000002	2.366921279	9.5900000000000006E-20	2.02E-18
AT4G27870		4	13878701	13882905	+	5853	418.64499999999998	4758	377.64499999999998	2223	109.62	1663	104.533	2.3649648299999999	6.2399999999999997E-34	2.65E-32
AT3G13275		3	4289086	4289860	-	294	21.0288	305	24.207999999999998	124	6.11463	97	6.0972600000000003	2.3629191839999999	1.9499999999999999E-14	2.8599999999999999E-13
AT2G25735		2	10974655	10975916	-	148	10.585900000000001	102	8.0958000000000006	33	1.6272800000000001	55	3.4572099999999999	2.3622647479999999	4.1199999999999998E-7	2.92E-6
AT4G17905	ATL4H	4	9948706	9950041	-	72	5.1499100000000002	59	4.6828599999999998	27	1.33141	21	1.32003	2.3613780819999999	1.5099999999999999E-5	8.3100000000000001E-5
AT4G02940		4	1306313	1311038	+	4938	353.19799999999998	5197	412.48899999999998	1968	97.045100000000005	1754	110.254	2.3610064980000001	1.2E-29	4.1900000000000004E-28
AT2G32410	AXL1	2	13757593	13761152	+	584	41.771500000000003	464	36.8279	217	10.7006	167	10.497400000000001	2.3606285749999998	1.3300000000000001E-19	2.7799999999999998E-18
AT2G43060	IBH1	2	17909007	17910210	+	946	67.664100000000005	1276	101.277	509	25.099599999999999	329	20.680399999999999	2.3599326700000001	4.7600000000000001E-18	8.9300000000000004E-17
AT1G47620	CYP96A8	1	17507893	17509731	-	139	9.9421900000000001	121	9.6038399999999999	38	1.87384	55	3.4572099999999999	2.3598571220000002	7.98E-8	6.2900000000000003E-7
AT4G15215	ABCG41	4	8671349	8679176	+	724	51.785200000000003	276	21.906300000000002	193	9.5171200000000002	163	10.245900000000001	2.359744713	4.4299999999999998E-11	5.0000000000000003E-10
AT5G47230	ERF5	5	19179881	19181182	+	867	62.013500000000001	1012	80.322999999999993	352	17.357700000000001	339	21.309000000000001	2.358960229	4.0100000000000001E-20	8.6399999999999999E-19
AT3G22250	UGT82A1	3	7867753	7870229	+	386	27.609200000000001	230	18.255199999999999	122	6.0160099999999996	101	6.3487	2.3589239439999998	3.5400000000000001E-13	4.7499999999999998E-12
AT5G60270	LECRK17	5	24257723	24260043	+	847	60.582999999999998	377	29.922699999999999	222	10.9472	214	13.451700000000001	2.3559614149999999	5.1900000000000001E-13	6.8600000000000003E-12
AT5G64900	PEP1	5	25937078	25938176	+	116	8.2970799999999993	207	16.4297	80	3.9449200000000002	44	2.7657699999999998	2.3553775809999999	1.1899999999999999E-7	9.1399999999999995E-7
AT2G40710		2	16980943	16981606	-	26	1.8596900000000001	26	2.0636299999999999	9	0.44380399999999998	10	0.62858400000000003	2.354149686	4.755062E-3	1.4680336E-2
AT5G52660	RVE6	5	21359001	21362273	-	526	37.622900000000001	720	57.146799999999999	277	13.6593	193	12.1317	2.3540866980000001	7.1E-16	1.1600000000000001E-14
AT1G06080	ADS1	1	1843463	1846311	+	887	63.444000000000003	359	28.494	281	13.8565	173	10.874499999999999	2.352015057	8.2999999999999998E-12	9.9799999999999994E-11
AT5G01630	BRCA2B	5	234851	241106	-	670	47.922800000000002	252	20.0014	157	7.7419099999999998	169	10.623100000000001	2.3510601270000002	2.7900000000000002E-10	2.8699999999999998E-9
AT1G50060		1	18551121	18552660	+	1578	112.869	1123	89.133099999999999	516	25.444700000000001	468	29.4177	2.3509852389999999	1.36E-24	3.7499999999999999E-23
AT2G17280	PGM	2	7513128	7515117	+	1036	74.101500000000001	1283	101.83199999999999	483	23.817499999999999	385	24.200500000000002	2.3506634929999999	8.9000000000000006E-21	1.9900000000000001E-19
AT5G51980		5	21113361	21116314	-	1449	103.642	1655	131.358	622	30.671800000000001	534	33.566400000000002	2.348133926	1.0200000000000001E-23	2.69E-22
AT1G73340		1	27573114	27575273	+	1137	81.325599999999994	666	52.860799999999998	408	20.1191	258	16.217500000000001	2.3478222400000002	6.1700000000000003E-18	1.15E-16
AT1G43000		1	16140526	16141792	+	57	4.0770099999999996	24	1.90489	8	0.39449200000000001	20	1.2571699999999999	2.3456489469999999	2.4088830000000001E-3	8.1471500000000006E-3
AT3G05580	TOPP9	3	1617599	1620702	-	1793	128.24700000000001	1547	122.786	685	33.778399999999998	553	34.7607	2.3448433770000001	6.2400000000000005E-29	2.1299999999999999E-27
AT3G06150		3	1861759	1864566	-	970	69.380700000000004	698	55.400599999999997	366	18.047999999999998	254	15.965999999999999	2.3423125680000001	1.54E-21	3.6100000000000001E-20
AT3G30775	POX1	3	12448636	12451556	-	19927	1425.31	23480	1863.62	8222	405.43900000000002	7928	498.34100000000001	2.3418102630000002	9.0399999999999997E-26	2.6700000000000002E-24
AT3G07960	PIP5K6	3	2534776	2538374	+	434	31.0425	310	24.604900000000001	165	8.1364000000000001	112	7.0401400000000001	2.3406498920000001	1.94E-15	3.0699999999999998E-14
AT5G53740		5	21811633	21814908	+	110	7.8679199999999998	84	6.6671300000000002	47	2.3176399999999999	26	1.63432	2.340034674	7.4000000000000001E-7	5.0599999999999998E-6
AT4G21320	HSA32	4	11340362	11342075	+	334	23.889900000000001	207	16.4297	110	5.4242699999999999	89	5.5944000000000003	2.3394735820000001	1.6799999999999999E-12	2.1399999999999998E-11
ATCG00780	RPL14	Pt	80696	81064	-	862	61.655900000000003	954	75.719499999999996	414	20.414999999999999	275	17.286100000000001	2.338417481	1.4099999999999999E-20	3.1200000000000001E-19
AT3G53480	ABCG37	3	19825267	19831880	+	22103	1580.95	12290	975.46400000000006	6033	297.49599999999998	6380	401.03699999999998	2.33816391	7.2800000000000003E-21	1.64E-19
AT1G21910	ERF012	1	7696427	7697831	+	171	12.231	154	12.223100000000001	71	3.5011199999999998	51	3.2057799999999999	2.336070919	4.79E-10	4.8300000000000001E-9
AT5G18270	ANAC087	5	6040919	6043014	-	1257	89.908799999999999	1188	94.292199999999994	446	21.992899999999999	458	28.789100000000001	2.3352634819999998	4.0700000000000002E-23	1.04E-21
AT1G50050		1	18546086	18549046	+	18	1.28748	23	1.82552	5	0.246558	10	0.62858400000000003	2.3307114109999998	1.4942265E-2	3.9114395000000003E-2
AT1G66480		1	24805418	24807557	-	812	58.079500000000003	959	76.116399999999999	394	19.428699999999999	281	17.6632	2.330078877	9.0199999999999997E-20	1.9099999999999999E-18
AT3G04420	anac048	3	1172687	1174508	+	56	4.0054800000000004	67	5.3178299999999998	22	1.0848500000000001	24	1.5085999999999999	2.3295679260000002	4.5800000000000002E-5	2.3114199999999999E-4
AT1G53840	PME1	1	20101299	20103690	+	5147	368.14699999999999	4359	345.976	2024	99.8065	1547	97.241900000000001	2.3287735280000001	3.1199999999999999E-33	1.3E-31
AT5G67190	ERF010	5	26808876	26810116	-	411	29.397400000000001	574	45.558700000000002	210	10.355399999999999	166	10.4345	2.3285983180000001	1.81E-14	2.6599999999999998E-13
AT3G45640	MPK3	3	16756571	16758874	+	2289	163.72399999999999	1591	126.279	753	37.131599999999999	682	42.869399999999999	2.327800324	2.0499999999999999E-25	5.9299999999999997E-24
AT5G04840		5	1405181	1407962	+	406	29.0398	418	33.176900000000003	160	7.8898400000000004	149	9.3658999999999999	2.3273062260000001	3.1199999999999999E-16	5.27E-15
AT2G15980		2	6951349	6952845	-	164	11.7303	159	12.619899999999999	63	3.10663	58	3.6457899999999999	2.327097282	7.49E-10	7.4499999999999997E-9
AT1G18485	PCMP-H8	1	6363042	6366263	+	52	3.7193800000000001	27	2.1429999999999998	15	0.73967300000000002	14	0.88001700000000005	2.3267453900000001	9.9386000000000006E-4	3.7315590000000002E-3
AT4G01410		4	578028	579287	+	543	38.838900000000002	606	48.098599999999998	261	12.8703	178	11.188800000000001	2.3262481620000002	9.1699999999999997E-18	1.6900000000000001E-16
AT4G30090		4	14708624	14711685	-	69	4.9353300000000004	66	5.2384599999999999	29	1.4300299999999999	22	1.3828800000000001	2.3262088869999999	1.45E-5	7.9900000000000004E-5
AT5G48540	CRRSP55	5	19668964	19669920	-	2834	202.70599999999999	2059	163.42400000000001	948	46.747300000000003	870	54.686799999999998	2.3223324179999998	5.13E-27	1.62E-25
AT1G51760	ILL4	1	19199351	19201707	+	2880	205.99600000000001	3817	302.95699999999999	1377	67.902000000000001	1179	74.11	2.320823437	1.6599999999999999E-21	3.8700000000000003E-20
AT4G27280		4	13663415	13664621	-	814	58.2226	885	70.242900000000006	327	16.1249	314	19.737500000000001	2.3186547599999998	3.6700000000000003E-20	7.9300000000000004E-19
AT3G04000	ChlADR2	3	1035238	1036672	+	31	2.21732	20	1.58741	10	0.49311500000000003	9	0.56572500000000003	2.317764833	6.0496869999999998E-3	1.810819E-2
AT5G64660	PUB27	5	25841913	25843555	-	790	56.505899999999997	873	69.290499999999994	346	17.061800000000002	287	18.040400000000002	2.3174332830000002	1.06E-20	2.35E-19
AT5G39080		5	15641442	15643216	+	245	17.524000000000001	211	16.747199999999999	70	3.45181	98	6.16012	2.3168966370000001	2.6500000000000002E-10	2.7200000000000001E-9
AT4G25620		4	13067186	13069762	-	845	60.439900000000002	604	47.939799999999998	327	16.1249	222	13.954599999999999	2.315885116	6.4700000000000005E-20	1.38E-18
AT2G47180	GOLS1	2	19368798	19370478	-	510	36.478499999999997	496	39.367800000000003	228	11.243	157	9.8687699999999996	2.3158162340000001	5.1600000000000003E-18	9.6699999999999999E-17
AT2G42150		2	17572305	17574679	+	88	6.2943300000000004	115	9.1276100000000007	50	2.4655800000000001	29	1.8228899999999999	2.3153386779999998	1.06E-6	7.1300000000000003E-6
ATCG00670	CLPP1	Pt	69910	71882	-	34	2.4319000000000002	68	5.3971999999999998	30	1.4793499999999999	11	0.691442	2.3145743169999999	6.8136300000000004E-4	2.672467E-3
AT3G54510		3	20180007	20183588	+	236	16.880299999999998	234	18.572700000000001	94	4.6352799999999998	84	5.2801	2.3142010100000001	2.8500000000000002E-12	3.5599999999999999E-11
AT2G03210	FUT2	2	968269	970232	-	28	2.0027400000000002	14	1.1111899999999999	11	0.54242699999999999	5	0.31429200000000002	2.31285002	1.4941054E-2	3.9114395000000003E-2
AT5G37670	HSP15.7	5	14968758	14969591	+	38	2.71801	58	4.6034899999999999	20	0.98623000000000005	17	1.0685899999999999	2.3125781409999999	3.2376799999999999E-4	1.3720690000000001E-3
AT3G62720	XXT1	3	23201032	23202988	+	1066	76.247299999999996	877	69.608000000000004	454	22.3874	290	18.228899999999999	2.312415868	3.21E-22	7.7600000000000006E-21
AT3G59080		3	21836406	21838620	+	488	34.904899999999998	361	28.652799999999999	126	6.2132500000000004	185	11.6288	2.3116650000000001	2.0600000000000001E-12	2.5899999999999999E-11
AT5G13310		5	4263482	4265952	+	588	42.057600000000001	664	52.701999999999998	262	12.919600000000001	217	13.6403	2.3112246829999998	1.81E-18	3.5300000000000002E-17
AT1G15670		1	5389952	5391672	+	3935	281.45699999999999	3599	285.65499999999997	1687	83.188500000000005	1200	75.430099999999996	2.3097944589999999	1.41E-30	5.1300000000000001E-29
AT1G64700		1	24039706	24040636	-	141	10.0852	135	10.715	69	3.4024899999999998	38	2.38862	2.308932333	2E-8	1.6899999999999999E-7
AT1G30320		1	10680079	10683137	+	529	37.837499999999999	963	76.433800000000005	282	13.905799999999999	293	18.4175	2.3076799970000001	5.27E-12	6.4400000000000005E-11
AT1G44318	HEMB2	1	16831016	16834011	+	464	33.188299999999998	164	13.0168	156	7.6925999999999997	81	5.0915299999999997	2.3072541050000002	2.4299999999999999E-8	2.04E-7
AT1G19310		1	6676210	6677680	-	832	59.510100000000001	808	64.131399999999999	344	16.963200000000001	283	17.788900000000002	2.3049698319999998	3.09E-22	7.4700000000000003E-21
AT1G70790	CAR9	1	26699321	26702544	+	416	29.754999999999999	502	39.844000000000001	206	10.158200000000001	150	9.4287600000000005	2.304016973	1.8099999999999998E-15	2.8599999999999999E-14
AT5G64810	WRKY51	5	25908247	25909881	+	694	49.639400000000002	764	60.639099999999999	210	10.355399999999999	332	20.869	2.3037879729999999	6.16E-13	8.0799999999999995E-12
AT5G01820	CIPK14	5	313190	315405	-	3216	230.029	3045	241.68299999999999	1377	67.902000000000001	1031	64.807000000000002	2.3023377520000001	4.8200000000000003E-30	1.7300000000000001E-28
AT4G15120		4	8634508	8635591	+	439	31.400099999999998	506	40.161499999999997	192	9.4678100000000001	171	10.748799999999999	2.3013155259999998	4.5000000000000002E-16	7.4800000000000001E-15
AT4G30240		4	14807889	14810075	-	1508	107.86199999999999	1473	116.913	728	35.898800000000001	436	27.406300000000002	2.29858999	2.2300000000000001E-22	5.42E-21
AT5G38780		5	15529778	15531524	+	35	2.5034299999999998	30	2.3811200000000001	8	0.39449200000000001	16	1.00573	2.2974431110000002	3.2725319999999999E-3	1.0638201E-2
AT1G20870	IDM3	1	7259023	7261524	-	26	1.8596900000000001	20	1.58741	6	0.29586899999999999	11	0.691442	2.2965639269999998	1.0957840999999999E-2	3.0100094000000001E-2
AT2G45360		2	18698592	18699514	+	38	2.71801	26	2.0636299999999999	5	0.246558	18	1.1314500000000001	2.2954961780000001	6.4131789999999998E-3	1.9054858000000001E-2
AT2G24535		2	10424688	10425764	+	32	2.2888500000000001	39	3.09545	18	0.88760700000000003	10	0.62858400000000003	2.2937104330000002	1.5621319999999999E-3	5.5799320000000001E-3
ATMG00070	NAD9	Mt	23663	24235	-	46	3.2902200000000001	63	5.0003399999999996	20	0.98623000000000005	22	1.3828800000000001	2.292189837	1.5953399999999999E-4	7.1926100000000001E-4
AT1G68450	VQ8	1	25661487	25662276	-	366	26.178699999999999	228	18.096499999999999	103	5.0790899999999999	119	7.4801500000000001	2.292147785	1.1900000000000001E-11	1.41E-10
AT5G64300	RIBA1	5	25718008	25721166	+	2865	204.923	2628	208.58600000000001	1146	56.511000000000003	966	60.721200000000003	2.2918896869999998	8.2400000000000004E-30	2.9099999999999999E-28
AT1G69810	WRKY36	1	26276948	26279255	-	2552	182.536	2372	188.267	1044	51.481200000000001	854	53.681100000000001	2.2912825849999998	2.4199999999999999E-29	8.3599999999999996E-28
AT4G32440		4	15656681	15660223	+	2140	153.06700000000001	1757	139.45400000000001	868	42.802399999999999	636	39.977899999999998	2.2912758809999998	5.6700000000000003E-28	1.8699999999999999E-26
AT4G29440		4	14473757	14477963	-	859	61.441299999999998	460	36.5105	274	13.5114	225	14.1431	2.2899344660000001	2.2299999999999999E-15	3.5099999999999997E-14
AT4G15420		4	8823402	8826152	+	1666	119.163	993	78.814999999999998	573	28.255500000000001	440	27.657699999999998	2.2898412509999999	3.3E-20	7.1400000000000001E-19
AT5G59730	ATEXO70H7	5	24063875	24066170	-	2644	189.11600000000001	1536	121.913	957	47.191099999999999	645	40.543700000000001	2.2898374920000002	2.7800000000000002E-20	6.0299999999999999E-19
AT5G49870	JAL48	5	20270101	20272895	-	127	9.0838699999999992	62	4.9209699999999996	49	2.4162599999999999	24	1.5085999999999999	2.2894901349999999	8.9299999999999992E-6	5.1100000000000002E-5
AT5G48610		5	19711541	19716059	+	941	67.306399999999996	834	66.194999999999993	386	19.034199999999998	300	18.857500000000002	2.288703736	3.3499999999999998E-23	8.5700000000000007E-22
AT1G77170	PCMP-E21	1	28998038	28999600	-	205	14.6629	189	15.000999999999999	83	4.0928599999999999	69	4.3372299999999999	2.288641004	4.6100000000000001E-11	5.1899999999999997E-10
AT5G02160		5	426226	427461	+	120	8.5831800000000005	47	3.7304200000000001	30	1.4793499999999999	32	2.0114700000000001	2.288070957	3.54E-5	1.8247599999999999E-4
AT4G03320	TIC20-IV	4	1464467	1466174	+	868	62.085000000000001	1057	83.8947	386	19.034199999999998	360	22.629000000000001	2.287864575	9.4800000000000008E-19	1.8700000000000001E-17
AT2G02620		2	717256	719389	+	240	17.166399999999999	89	7.0639799999999999	59	2.9093800000000001	63	3.96008	2.2852264189999998	6.13E-7	4.2400000000000001E-6
AT1G14860	NUDT18	1	5124670	5126280	+	2362	168.946	3345	265.495	1261	62.181800000000003	990	62.229799999999997	2.2836226709999998	3.9699999999999999E-19	8.0200000000000005E-18
AT5G51050		5	20753040	20756137	+	441	31.543199999999999	315	25.0017	151	7.44604	138	8.6744599999999998	2.282471052	4.5599999999999999E-15	6.9800000000000003E-14
AT4G03430	STA1	4	1516030	1520563	-	3990	285.39100000000002	2570	203.982	1352	66.669200000000004	1155	72.601399999999998	2.2808011079999999	9.7000000000000001E-25	2.6999999999999998E-23
AT2G39420		2	16460247	16463220	+	4581	327.66300000000001	3850	305.577	1910	94.185000000000002	1379	86.681700000000006	2.2783486310000001	9.8399999999999998E-31	3.6199999999999997E-29
AT1G73165	CLE1	1	27508444	27509272	-	324	23.174600000000002	376	29.843299999999999	128	6.3118699999999999	143	8.9887499999999996	2.2746350180000001	8.6700000000000004E-13	1.1200000000000001E-11
AT5G07640		5	2414823	2416299	+	39	2.7895300000000001	35	2.7779699999999998	17	0.83829600000000004	12	0.754301	2.2743875650000001	1.1537870000000001E-3	4.2690310000000004E-3
ATMG00640	ORF25	Mt	188084	188662	-	34	2.4319000000000002	41	3.2541899999999999	19	0.93691899999999995	11	0.691442	2.2704907099999998	1.268616E-3	4.647478E-3
AT4G37330	CYP81D4	4	17562317	17564763	-	1226	87.691500000000005	1185	94.054100000000005	556	27.417200000000001	396	24.8919	2.268823239	8.7899999999999997E-24	2.3200000000000001E-22
AT5G24940		5	8591143	8593601	-	44	3.14717	46	3.6510500000000001	17	0.83829600000000004	18	1.1314500000000001	2.2686439300000001	4.2882599999999999E-4	1.763056E-3
AT3G50760	GATL2	3	18867834	18869399	+	450	32.186900000000001	279	22.144400000000001	152	7.4953500000000002	129	8.1087299999999995	2.26848502	9.9100000000000002E-14	1.38E-12
AT5G67290		5	26848127	26850040	-	603	43.130499999999998	490	38.891599999999997	255	12.574400000000001	175	11.0002	2.2671515229999999	2.82E-18	5.38E-17
AT2G27389		2	11720294	11721081	+	527	37.694499999999998	428	33.970599999999997	112	5.5228900000000003	243	15.2746	2.2671137969999999	2.7200000000000001E-9	2.55E-8
AT2G27080	NHL13	2	11563933	11567504	+	1308	93.556700000000006	939	74.528899999999993	509	25.099599999999999	369	23.194700000000001	2.2671011540000001	1.62E-22	3.9500000000000002E-21
AT1G05200	GLR3.4	1	1504941	1509152	+	311	22.244700000000002	229	18.175899999999999	115	5.67082	95	5.9715499999999997	2.2663147050000001	7.4800000000000004E-13	9.7700000000000006E-12
AT3G59050	PAO3	3	21824696	21827509	-	1260	90.123400000000004	1214	96.355900000000005	545	26.8748	429	26.966200000000001	2.2655249070000001	1.5099999999999999E-24	4.17E-23
AT3G16390	NSP3	3	5562400	5564574	+	2075	148.41800000000001	1493	118.5	988	48.719799999999999	444	27.909099999999999	2.264184298	3.5399999999999998E-16	5.9599999999999998E-15
AT4G28160		4	13980316	13981001	+	37	2.6464799999999999	52	4.1272700000000002	23	1.1341600000000001	13	0.81715899999999997	2.2633866650000001	6.2753400000000001E-4	2.4789790000000001E-3
AT1G03600	PSB27-1	1	898480	899794	+	80	5.7221200000000003	73	5.7940500000000004	26	1.2821	33	2.0743299999999998	2.2627703440000002	1.3499999999999999E-5	7.47E-5
AT2G47060		2	19332825	19335163	-	2126	152.065	1428	113.34099999999999	781	38.512300000000003	605	38.029299999999999	2.2615221839999999	1.0599999999999999E-23	2.7800000000000001E-22
AT3G05220	HIPP34	3	1488329	1491772	+	4577	327.37700000000001	3095	245.65199999999999	1724	85.013099999999994	1276	80.207300000000004	2.2614779989999998	4.5099999999999999E-26	1.35E-24
AT1G13210	ALA11	1	4508906	4514010	-	7166	512.55899999999997	3153	250.255	1947	96.009500000000003	1962	123.328	2.2609542139999999	3.9599999999999997E-15	6.1000000000000005E-14
AT5G49690	UGT91C1	5	20189655	20191604	-	151	10.8005	247	19.604500000000002	95	4.68459	66	4.1486499999999999	2.2606334220000002	1.33E-8	1.15E-7
AT5G11180	GLR2.6	5	3557238	3561575	-	64	4.5777000000000001	42	3.3335599999999999	21	1.0355399999999999	20	1.2571699999999999	2.260628563	1.79944E-4	8.05024E-4
AT5G57500		5	23286197	23287739	-	219	15.664300000000001	187	14.8423	97	4.78322	64	4.0229400000000002	2.2599114779999998	7.42E-11	8.1799999999999997E-10
AT4G18890	BEH3	4	10352386	10355555	+	741	53.001100000000001	661	52.463900000000002	276	13.61	271	17.034600000000001	2.2585864340000001	1.64E-19	3.3900000000000001E-18
AT3G14720	MPK19	3	4945601	4949042	+	3353	239.828	2154	170.964	1210	59.666899999999998	940	59.0869	2.2573375580000001	6.0300000000000002E-24	1.6100000000000001E-22
AT1G62570	FMOGS-OX4	1	23168767	23172175	+	9608	687.22699999999998	9428	748.30600000000004	4752	234.328	2898	182.16399999999999	2.2572834570000002	6.6599999999999995E-26	1.9799999999999999E-24
ATCG01130	YCF1.2	Pt	123884	129244	-	2941	210.35900000000001	4598	364.94600000000003	1881	92.754999999999995	1195	75.115799999999993	2.2566077849999999	3.9399999999999999E-16	6.6E-15
AT5G62910		5	25250256	25252354	+	598	42.7729	791	62.7821	327	16.1249	233	14.646000000000001	2.2548361030000001	8.6099999999999999E-16	1.4E-14
AT5G04480		5	1271505	1278102	-	1888	135.042	1305	103.57899999999999	682	33.630499999999998	566	35.577800000000003	2.2545805670000001	9.7700000000000006E-24	2.57E-22
AT4G22217		4	11758578	11759098	+	276	19.741299999999999	201	15.9535	124	6.11463	67	4.2115099999999996	2.2512542949999998	9.3999999999999999E-11	1.02E-9
AT3G55740	PROT2	3	20695433	20698292	+	1767	126.387	1567	124.374	710	35.011200000000002	607	38.155000000000001	2.2501167030000002	1.62E-26	4.9399999999999998E-25
AT1G04490		1	1217690	1220899	-	123	8.7977600000000002	80	6.34964	40	1.9724600000000001	39	2.4514800000000001	2.249339043	1.08E-6	7.2099999999999996E-6
AT3G16770	RAP2-3	3	5705541	5707084	+	339	24.247499999999999	274	21.747499999999999	156	7.6925999999999997	90	5.6572500000000003	2.2493126609999998	8.3599999999999997E-13	1.0899999999999999E-11
AT4G15760	MO1	4	8972649	8974769	-	4567	326.66199999999998	3996	317.16500000000002	1631	80.427099999999996	1715	107.80200000000001	2.2484963599999999	1.95E-25	5.6600000000000001E-24
AT3G43720	LTPG2	3	15615386	15617309	-	215	15.3782	339	26.906600000000001	127	6.2625599999999997	98	6.16012	2.2463765759999998	4.2499999999999998E-10	4.2999999999999996E-9
AT2G46370	JAR1	2	19033586	19036683	+	6182	442.17700000000002	6539	519.00400000000002	2920	143.99	2188	137.53399999999999	2.2462258930000001	7.4000000000000004E-28	2.43E-26
AT3G03440		3	815550	818876	+	559	39.9833	750	59.527900000000002	302	14.892099999999999	228	14.3317	2.24513842	2.2900000000000001E-15	3.5999999999999998E-14
AT4G39890	RABH1C	4	18505919	18507703	+	257	18.382300000000001	224	17.779	93	4.5859699999999997	96	6.0344100000000003	2.245049415	1.23E-11	1.4499999999999999E-10
AT3G23050	IAA7	3	8194606	8197161	+	5192	371.36599999999999	4447	352.96100000000001	2329	114.84699999999999	1542	96.927599999999998	2.244283384	3.08E-28	1.03E-26
AT2G41730		2	17409370	17410334	+	103	7.3672300000000002	68	5.3971999999999998	17	0.83829600000000004	47	2.9543400000000002	2.2415897440000001	1.2778E-4	5.8816800000000002E-4
AT2G42440	LBD17	2	17668701	17669836	-	35	2.5034299999999998	24	1.90489	17	0.83829600000000004	7	0.44000899999999998	2.2381883309999999	5.1426859999999996E-3	1.5696899E-2
AT5G09660	PMDH2	5	2993411	2995784	-	25	1.78816	31	2.4604900000000001	15	0.73967300000000002	8	0.50286699999999995	2.2381815120000002	5.3745299999999998E-3	1.6314195E-2
AT5G16170		5	5277787	5279821	+	571	40.8416	313	24.843	179	8.8267600000000002	166	10.4345	2.2378544489999999	4.4900000000000001E-13	5.9599999999999996E-12
ATMG00510	NAD7	Mt	132071	138153	+	136	9.7276100000000003	160	12.699299999999999	63	3.10663	56	3.52007	2.2367667359999999	1.7500000000000001E-8	1.49E-7
AT4G19191	PCMP-E1	4	10496228	10498192	+	64	4.5777000000000001	38	3.0160800000000001	27	1.33141	14	0.88001700000000005	2.2367028260000001	3.6733700000000002E-4	1.534543E-3
AT2G14960	GH3.1	2	6451319	6453797	-	205	14.6629	148	11.7468	70	3.45181	69	4.3372299999999999	2.2360832749999999	1.5E-9	1.44E-8
AT3G50900		3	18917782	18918811	+	621	44.417999999999999	839	66.591899999999995	258	12.7224	322	20.240400000000001	2.2356281760000001	3.0999999999999999E-13	4.1700000000000002E-12
AT2G23630	sks16	2	10052365	10055427	-	1534	109.72199999999999	669	53.0989	451	22.2395	405	25.457599999999999	2.2340800820000002	2.7000000000000001E-13	3.6399999999999998E-12
AT3G25600	CML16	3	9306776	9307967	+	955	68.3078	728	57.781799999999997	362	17.8508	308	19.360399999999998	2.2316439269999999	4.5300000000000001E-21	1.03E-19
AT1G58200	MSL3	1	21548140	21553266	-	922	65.947400000000002	786	62.385300000000001	376	18.5411	308	19.360399999999998	2.231604355	5.6899999999999999E-22	1.36E-20
AT3G50290		3	18639672	18641256	+	175	12.517099999999999	129	10.238799999999999	59	2.9093800000000001	61	3.8343600000000002	2.2306354110000002	1.18E-8	1.04E-7
AT1G23160		1	8209226	8211486	+	753	53.859499999999997	450	35.716700000000003	242	11.933400000000001	231	14.520300000000001	2.2289230729999998	2.5800000000000001E-15	4.0200000000000002E-14
AT1G79640		1	29966313	29971640	-	314	22.459299999999999	207	16.4297	95	4.68459	109	6.8515600000000001	2.2285579339999999	8.17E-11	8.97E-10
AT5G47070	PBL19	5	19118465	19121103	-	108	7.7248599999999996	133	10.5563	42	2.0710799999999998	54	3.3943500000000002	2.2284353509999999	7.06E-7	4.8400000000000002E-6
AT5G13820	TRP4	5	4460840	4464737	+	1336	95.559399999999997	1351	107.23	604	29.784199999999998	483	30.360600000000002	2.227708163	1.2899999999999999E-23	3.3699999999999998E-22
AT3G53130	CYP97C1	3	19692757	19697542	+	30	2.1457999999999999	27	2.1429999999999998	13	0.64105000000000001	10	0.62858400000000003	2.2273416620000002	4.5526890000000004E-3	1.4148338E-2
AT2G23400		2	9963809	9965414	-	315	22.530899999999999	228	18.096499999999999	137	6.7556799999999999	83	5.2172499999999999	2.226760633	8.0699999999999993E-12	9.7300000000000003E-11
AT5G50890		5	20702453	20704418	+	232	16.594200000000001	100	7.9370599999999998	69	3.4024899999999998	61	3.8343600000000002	2.2265036660000002	2.0100000000000001E-7	1.4899999999999999E-6
AT3G19010		3	6556197	6558648	-	4567	326.66199999999998	3926	311.60899999999998	1821	89.796300000000002	1583	99.504800000000003	2.225992218	9.3400000000000005E-30	3.29E-28
AT3G29035	NAC59	3	11033665	11035308	+	2130	152.351	3184	252.71600000000001	1219	60.110700000000001	966	60.721200000000003	2.2256522630000002	5.0100000000000003E-17	8.8700000000000002E-16
AT2G47150		2	19352324	19353114	-	59	4.2200600000000001	24	1.90489	8	0.39449200000000001	23	1.44574	2.2235897520000001	4.1866009999999999E-3	1.3177384E-2
AT1G69890		1	26323086	26324946	-	334	23.889900000000001	407	32.303800000000003	165	8.1364000000000001	137	8.6115999999999993	2.2235274399999998	2.2E-13	3.0000000000000001E-12
AT1G65730	YSL7	1	24442388	24446291	+	1048	74.959800000000001	715	56.749899999999997	363	17.900099999999998	337	21.183299999999999	2.223213882	3.2599999999999999E-19	6.6100000000000003E-18
AT5G02940		5	684474	689955	-	123	8.7977600000000002	89	7.0639799999999999	46	2.2683300000000002	39	2.4514800000000001	2.2201705239999998	5.4600000000000005E-7	3.8099999999999999E-6
AT3G48131		3	17775456	17775587	-	26	1.8596900000000001	18	1.4286700000000001	12	0.59173799999999999	6	0.37714999999999999	2.219797813	1.3771411000000001E-2	3.6540488000000003E-2
AT5G01750		5	289717	291604	+	4310	308.279	4095	325.02199999999999	1774	87.4786	1618	101.705	2.2176260120000002	8.1599999999999998E-28	2.6599999999999999E-26
AT3G19800		3	6876043	6877642	+	35	2.5034299999999998	14	1.1111899999999999	8	0.39449200000000001	11	0.691442	2.2131990959999999	1.3435506999999999E-2	3.5796335999999998E-2
AT5G53380		5	21654585	21656722	+	125	8.9408100000000008	87	6.90524	68	3.35318	21	1.32003	2.212613186	1.47E-5	8.1199999999999995E-5
AT5G15450	CLPB3	5	5014212	5018347	-	1731	123.812	750	59.527900000000002	571	28.1569	418	26.274799999999999	2.2125500429999998	2.7799999999999998E-13	3.75E-12
AT3G59210		3	21889476	21891944	+	1666	119.163	2146	170.32900000000001	899	44.331099999999999	679	42.680799999999998	2.2118128540000002	2.4400000000000001E-19	4.9899999999999996E-18
AT1G17145		1	5860078	5862890	-	1098	78.536100000000005	698	55.400599999999997	404	19.921900000000001	319	20.0518	2.2116470279999998	1.2900000000000001E-18	2.5299999999999999E-17
AT2G22010	RKP	2	9363109	9369461	-	2218	158.64599999999999	1715	136.12	887	43.7393	709	44.566600000000001	2.2091359869999998	4.6200000000000001E-26	1.3799999999999999E-24
AT1G73880	UGT89B1	1	27784928	27786804	+	593	42.415199999999999	684	54.289499999999997	309	15.237299999999999	220	13.828799999999999	2.2084736390000002	9.9099999999999998E-17	1.7299999999999999E-15
AT1G12060	BAG5	1	4076226	4077230	+	96	6.8665500000000002	129	10.238799999999999	57	2.8107600000000001	37	2.3257599999999998	2.2077347039999999	9.9000000000000005E-7	6.6699999999999997E-6
AT3G49900		3	18500575	18502778	-	38	2.71801	38	3.0160800000000001	16	0.78898400000000002	15	0.94287600000000005	2.2049379070000001	1.3329279999999999E-3	4.8586619999999997E-3
AT5G20810		5	7043758	7045830	+	115	8.2255500000000001	71	5.6353099999999996	40	1.9724600000000001	35	2.20004	2.2024875850000001	3.8500000000000004E-6	2.3499999999999999E-5
AT1G07985		1	2475226	2476167	+	353	25.248899999999999	507	40.240900000000003	180	8.8760700000000003	175	11.0002	2.2021257969999999	5.12E-12	6.2800000000000005E-11
AT1G74870		1	28126928	28128790	+	27	1.9312199999999999	30	2.3811200000000001	16	0.78898400000000002	8	0.50286699999999995	2.2008440550000001	5.6055039999999999E-3	1.6922105999999999E-2
AT4G20000		4	10838310	10839335	+	1021	73.028599999999997	628	49.844700000000003	325	16.026199999999999	336	21.1204	2.1960454739999999	4.1700000000000002E-16	6.94E-15
AT1G21810	FPP2	1	7656319	7659167	-	24	1.7166399999999999	16	1.26993	7	0.34518100000000002	9	0.56572500000000003	2.1955296049999999	1.952365E-2	4.9186797999999997E-2
AT2G23410	DPS	2	9966127	9967788	-	1318	94.271900000000002	759	60.2423	507	25.000900000000001	343	21.560400000000001	2.1943599900000001	1.07E-16	1.87E-15
AT2G17830		2	7754048	7755604	+	158	11.3012	112	8.8895	64	3.1559400000000002	47	2.9543400000000002	2.1920096349999998	5.5799999999999997E-8	4.4900000000000001E-7
AT1G48000	MYB112	1	17704132	17706460	-	28	2.0027400000000002	78	6.1909000000000001	17	0.83829600000000004	27	1.6971799999999999	2.1909520320000002	1.6485009999999999E-3	5.8448959999999996E-3
AT1G04620	HCAR	1	1282163	1286619	-	29	2.0742699999999998	44	3.4923000000000002	19	0.93691899999999995	12	0.754301	2.190169338	2.2436090000000001E-3	7.6523149999999998E-3
AT3G14075		3	4663569	4667079	-	868	62.085000000000001	860	68.258700000000005	391	19.280799999999999	325	20.428999999999998	2.189152183	1.6999999999999999E-20	3.7300000000000001E-19
AT3G02040	GDPD1	3	348167	350010	-	784	56.076799999999999	867	68.814300000000003	423	20.858799999999999	273	17.160299999999999	2.188472988	1.21E-17	2.2200000000000001E-16
AT1G17147	VQ1	1	5863109	5864059	-	1138	81.397199999999998	718	56.988100000000003	386	19.034199999999998	366	23.0062	2.188249866	1.3200000000000001E-17	2.4100000000000002E-16
AT2G33700	PP2C27	2	14253212	14256003	+	1934	138.33199999999999	2043	162.154	917	45.218699999999998	739	46.452300000000001	2.187839233	7.9800000000000002E-24	2.1200000000000002E-22
AT1G14590		1	4998767	5000710	-	181	12.946300000000001	204	16.191600000000001	90	4.43804	71	4.4629500000000002	2.1856012960000002	9.2200000000000002E-10	9.0599999999999997E-9
AT1G76970	TOL4	1	28922415	28925468	-	1357	97.061499999999995	1201	95.323999999999998	576	28.403400000000001	482	30.297699999999999	2.1853457019999998	8.1399999999999997E-24	2.1599999999999999E-22
AT2G41010	CAMBP25	2	17113798	17115047	-	425	30.398800000000001	369	29.287700000000001	188	9.2705699999999993	142	8.9258900000000008	2.18459388	2.4899999999999998E-15	3.8999999999999998E-14
AT2G38490	CIPK22	2	16113909	16115204	-	54	3.8624299999999998	73	5.7940500000000004	27	1.33141	26	1.63432	2.1843956850000001	9.6500000000000001E-5	4.5544800000000001E-4
AT1G47340		1	17353847	17356564	-	193	13.804600000000001	215	17.064699999999998	91	4.4873500000000002	79	4.9658100000000003	2.18399623	4.4200000000000002E-10	4.4699999999999997E-9
AT5G62350		5	25037191	25038424	+	1825	130.536	3136	248.90600000000001	1167	57.546500000000002	942	59.212600000000002	2.1831005970000001	5.5499999999999997E-14	7.8899999999999997E-13
AT5G59480		5	23979390	23982208	-	1253	89.622699999999995	1420	112.706	713	35.159100000000002	425	26.7148	2.182174174	3.8099999999999998E-18	7.2100000000000003E-17
AT5G65690	PCK2	5	26266180	26269763	+	6002	429.30200000000002	4585	363.91399999999999	2128	104.935	2192	137.786	2.1802331339999999	3.4500000000000002E-24	9.3599999999999999E-23
AT2G43330	INT1	2	18000822	18004195	+	2220	158.78899999999999	1397	110.881	822	40.534100000000002	664	41.738	2.1797789500000002	8.5900000000000005E-21	1.93E-19
AT1G71360		1	26891956	26894856	-	612	43.7742	549	43.574399999999997	277	13.6593	208	13.0745	2.1794394640000001	4.1199999999999996E-18	7.7800000000000002E-17
AT3G07000		3	2209405	2211515	+	718	51.356000000000002	329	26.1129	231	11.391	194	12.1945	2.1792916	1.6E-11	1.87E-10
AT5G10720	AHK5	5	3385901	3390686	+	1726	123.455	1275	101.197	646	31.8552	587	36.8979	2.1791525680000001	1.37E-22	3.37E-21
AT2G27200	LSG1-1	2	11625157	11628290	+	304	21.7441	471	37.383499999999998	191	9.4184999999999999	140	8.8001699999999996	2.1770170850000001	5.72E-11	6.3699999999999997E-10
AT5G39380		5	15758717	15761747	-	708	50.640799999999999	702	55.7181	343	16.913900000000002	251	15.7775	2.174408927	9.5499999999999993E-19	1.8799999999999999E-17
AT1G66080		1	24599939	24601308	-	321	22.96	212	16.826599999999999	114	5.6215099999999998	105	6.6001300000000001	2.1741888870000001	2.5299999999999999E-11	2.9099999999999998E-10
AT4G37320	CYP81D5	4	17559378	17561975	-	394	28.1814	416	33.0182	174	8.5801999999999996	164	10.3088	2.1734321250000002	3.1E-14	4.4800000000000001E-13
AT1G49700		1	18388792	18390523	-	39	2.7895300000000001	41	3.2541899999999999	21	1.0355399999999999	13	0.81715899999999997	2.1728151599999999	1.2342430000000001E-3	4.5325770000000003E-3
AT3G12980	HAC5	3	4146399	4154895	+	1730	123.741	1069	84.847099999999998	586	28.896599999999999	560	35.200699999999998	2.1709895779999999	1.7699999999999998E-18	3.4599999999999998E-17
AT3G19830	NTMC2TYPE5.2	3	6884711	6890441	-	727	51.9998	542	43.018799999999999	287	14.1524	240	15.086	2.1708949990000002	4.6899999999999997E-18	8.8199999999999996E-17
AT3G62420	BZIP53	3	23091586	23092850	-	5537	396.04199999999997	6143	487.57299999999998	2873	141.672	2088	131.24799999999999	2.1701585520000002	2.21E-24	6.0600000000000003E-23
AT1G74420	FUT3	1	27967771	27969965	-	39	2.7895300000000001	29	2.3017500000000002	20	0.98623000000000005	9	0.56572500000000003	2.1694760739999999	3.3411389999999999E-3	1.08223E-2
ATMG00030	ORF107A	Mt	11918	12241	+	3503	250.55699999999999	3228	256.20800000000003	1733	85.456900000000005	1126	70.778499999999994	2.1686711860000001	6.4000000000000002E-25	1.7899999999999999E-23
AT1G13990		1	4794664	4796599	+	956	68.379300000000001	1291	102.467	519	25.592700000000001	436	27.406300000000002	2.1678555209999999	2.5900000000000002E-16	4.4100000000000003E-15
AT2G30395	OFP17	2	12954174	12955288	-	321	22.96	566	44.923699999999997	257	12.6731	133	8.3601700000000001	2.1670171030000001	2.2499999999999999E-9	2.1200000000000001E-8
AT3G16050	PDX12	3	5443950	5445329	-	1269	90.767099999999999	708	56.194400000000002	475	23.422999999999998	347	21.811900000000001	2.1642172240000002	5.6399999999999999E-16	9.3299999999999998E-15
AT5G17460		5	5757073	5759817	-	1738	124.313	2464	195.56899999999999	1128	55.623399999999997	696	43.749400000000001	2.1640664649999999	1.03E-15	1.6700000000000001E-14
AT3G51660		3	19163995	19165322	-	302	21.600999999999999	295	23.414300000000001	137	6.7556799999999999	115	7.2287100000000004	2.1609781749999999	8.4600000000000003E-13	1.1000000000000001E-11
AT5G07620		5	2407401	2409259	-	122	8.7262299999999993	65	5.15909	52	2.5642	27	1.6971799999999999	2.160947079	1.5800000000000001E-5	8.6500000000000002E-5
AT1G23170		1	8212556	8215807	+	838	59.9392	721	57.226199999999999	399	19.6753	264	16.5946	2.160736242	5.0900000000000005E-19	1.02E-17
AT3G09480		3	2914701	2915442	-	117	8.3686000000000007	189	15.000999999999999	79	3.89561	54	3.3943500000000002	2.1570744730000002	3.6600000000000002E-7	2.61E-6
AT1G70410	BCA4	1	26533824	26538437	-	10547	754.39	10715	850.45500000000004	4891	241.18299999999999	4122	259.10199999999998	2.1565254020000002	1.2100000000000001E-27	3.8999999999999999E-26
AT3G51090		3	18977924	18980053	-	321	22.96	358	28.4147	152	7.4953500000000002	136	8.5487400000000004	2.1562736299999998	8.3399999999999998E-13	1.0899999999999999E-11
AT5G20820		5	7046747	7047446	-	60	4.2915900000000002	51	4.0479000000000003	26	1.2821	21	1.32003	2.1522444900000002	1.8189899999999999E-4	8.1309199999999996E-4
AT5G19900		5	6727342	6730407	-	2812	201.13300000000001	2135	169.45599999999999	1173	57.842399999999998	917	57.641100000000002	2.1517437770000001	1.7E-25	4.9700000000000003E-24
AT4G17840		4	9918052	9920511	-	670	47.922800000000002	1139	90.403099999999995	444	21.894300000000001	344	21.6233	2.1500835509999998	3.04E-12	3.79E-11
AT5G48900		5	19825078	19829140	+	1579	112.94	1009	80.084900000000005	673	33.186700000000002	427	26.840499999999999	2.1498156900000001	5.6300000000000001E-18	1.0500000000000001E-16
AT1G50260	NTMC2TYPE5.1	1	18617593	18621957	-	406	29.0398	666	52.860799999999998	207	10.2075	249	15.6517	2.149345399	2.8699999999999999E-10	2.9499999999999999E-9
AT4G32280	IAA29	4	15583332	15584903	+	53	3.7909099999999998	42	3.3335599999999999	27	1.33141	14	0.88001700000000005	2.1477064609999998	6.3827399999999998E-4	2.5161279999999999E-3
AT1G12600	UTR4	1	4286204	4289069	-	99	7.0811200000000003	79	6.27027	45	2.21902	31	1.94861	2.146989676	5.2100000000000001E-6	3.1099999999999997E-5
AT1G71530		1	26939567	26942952	+	1451	103.785	956	75.878200000000007	577	28.4527	440	27.657699999999998	2.146190796	1.3399999999999999E-19	2.8000000000000001E-18
AT1G71500		1	26935982	26937607	+	272	19.455200000000001	307	24.366800000000001	149	7.3474199999999996	102	6.4115599999999997	2.1435845499999999	1.36E-11	1.5999999999999999E-10
AT2G20500		2	8835120	8836044	-	205	14.6629	233	18.493300000000001	107	5.2763299999999997	82	5.1543900000000002	2.1427586860000001	3.7599999999999999E-10	3.8199999999999996E-9
AT5G44060		5	17731005	17732298	+	955	68.3078	669	53.0989	416	20.5136	278	17.474599999999999	2.142584115	9.7600000000000005E-18	1.7999999999999999E-16
AT3G15750		3	5334844	5336485	+	92	6.5804400000000003	66	5.2384599999999999	37	1.82453	30	1.88575	2.1417757370000001	1.6399999999999999E-5	8.9800000000000001E-5
AT2G43590		2	18081304	18082776	-	1191	85.188100000000006	1306	103.658	439	21.6478	606	38.092199999999998	2.1413610439999999	4.6200000000000001E-14	6.5900000000000002E-13
AT3G04650		3	1261857	1264687	+	339	24.247499999999999	301	23.890499999999999	160	7.8898400000000004	115	7.2287100000000004	2.1409577679999998	3.4599999999999999E-13	4.6399999999999996E-12
AT2G47485		2	19485809	19486833	+	1159	82.899199999999993	1432	113.65900000000001	654	32.249699999999997	475	29.857700000000001	2.1383901519999999	7.7000000000000006E-18	1.4300000000000001E-16
AT1G30730		1	10900681	10902626	+	5382	384.95600000000002	3357	266.447	1480	72.980999999999995	2103	132.191	2.1373352450000001	2.0199999999999998E-14	2.96E-13
AT5G50930	MHF1	5	20722069	20724481	+	44	3.14717	69	5.4765699999999997	25	1.2327900000000001	24	1.5085999999999999	2.1360387489999999	3.4040200000000001E-4	1.4331529999999999E-3
AT1G28200	FIP1	1	9849844	9852449	-	2095	149.84800000000001	1905	151.20099999999999	935	46.106299999999997	779	48.966700000000003	2.1359877109999998	4.2799999999999998E-25	1.2200000000000001E-23
AT1G64065		1	23778255	23779529	+	98	7.0095999999999998	83	6.5877600000000003	46	2.2683300000000002	32	2.0114700000000001	2.1358954379999999	4.6299999999999997E-6	2.7900000000000001E-5
AT5G63320	GTE10	5	25373955	25379297	-	2317	165.727	2059	163.42400000000001	1002	49.4101	868	54.561100000000003	2.1356973730000002	2.6800000000000002E-25	7.7099999999999998E-24
AT5G41100		5	16447185	16450909	+	1135	81.182599999999994	637	50.558999999999997	409	20.168399999999998	338	21.246099999999998	2.1354216670000001	1.9099999999999999E-15	3.0300000000000001E-14
AT5G35320		5	13521746	13523506	+	750	53.6449	615	48.812899999999999	339	16.7166	248	15.588900000000001	2.1349282289999998	1.6399999999999999E-18	3.21E-17
AT4G38940		4	18152692	18154132	+	418	29.898099999999999	418	33.176900000000003	202	9.9609299999999994	159	9.9944799999999994	2.1337863719999999	8.9899999999999997E-15	1.3500000000000001E-13
AT2G35960	NHL12	2	15106940	15108086	+	53	3.7909099999999998	74	5.8734200000000003	28	1.3807199999999999	27	1.6971799999999999	2.1322748219999998	1.4025999999999999E-4	6.3975100000000003E-4
AT2G19800	MIOX2	2	8530865	8533779	-	3081	220.37299999999999	3921	311.21199999999999	1515	74.706999999999994	1503	94.476200000000006	2.1315340119999999	2.7799999999999998E-18	5.3100000000000002E-17
AT2G18915	ADO2	2	8194512	8197483	-	1075	76.891000000000005	881	69.9255	516	25.444700000000001	333	20.931799999999999	2.1308130680000001	1.8800000000000001E-19	3.8600000000000003E-18
AT1G29195		1	10202414	10203491	-	247	17.667000000000002	369	29.287700000000001	166	8.1857100000000003	107	6.7258500000000003	2.1305632299999999	7.9400000000000005E-10	7.8700000000000003E-9
AT4G36990	HSFB1	4	17440177	17442151	+	5873	420.07499999999999	7743	614.56600000000003	3181	156.86000000000001	2748	172.73500000000001	2.1296791000000002	3.1699999999999998E-19	6.4299999999999997E-18
AT5G65207		5	26052200	26052717	-	3848	275.23399999999998	4677	371.21600000000001	2295	113.17	1468	92.2761	2.12945707	2.16E-19	4.4400000000000003E-18
AT4G31820	NPY1	4	15390519	15394626	-	900	64.373900000000006	791	62.7821	429	21.154599999999999	304	19.108899999999998	2.1294251989999999	9.9E-20	2.0800000000000001E-18
AT2G35290		2	14861199	14862178	-	44	3.14717	38	3.0160800000000001	24	1.1834800000000001	12	0.754301	2.1291288289999999	1.48522E-3	5.340554E-3
AT1G51770		1	19201789	19203386	+	39	2.7895300000000001	48	3.80979	15	0.73967300000000002	22	1.3828800000000001	2.1268654979999999	1.4160119999999999E-3	5.1259560000000001E-3
AT1G72070		1	27118621	27119918	-	70	5.0068599999999996	111	8.8101299999999991	46	2.2683300000000002	34	2.1371899999999999	2.1260068909999998	1.9700000000000001E-5	1.0679399999999999E-4
AT5G58320	NET4A	5	23577128	23579786	+	2217	158.57400000000001	2305	182.94900000000001	1218	60.061399999999999	772	48.526699999999998	2.1257168800000001	5.2999999999999999E-21	1.2000000000000001E-19
AT3G53400		3	19798107	19800136	+	550	39.339599999999997	567	45.003100000000003	295	14.546900000000001	195	12.257400000000001	2.125117183	1.13E-15	1.8200000000000001E-14
AT4G21570		4	11470761	11473037	-	2999	214.50800000000001	3301	262.00200000000001	1462	72.093400000000003	1271	79.893000000000001	2.1250333079999999	1.1799999999999999E-22	2.9200000000000001E-21
AT1G61890	DTX37	1	22867689	22871358	-	7556	540.45399999999995	6431	510.43200000000002	3727	183.78399999999999	2387	150.04300000000001	2.1244012730000001	3.42E-25	9.8100000000000005E-24
AT3G06250	FRS7	3	1888834	1892830	-	817	58.437199999999997	994	78.894300000000001	410	20.217700000000001	377	23.697600000000001	2.123535816	2.2800000000000001E-16	3.91E-15
AT1G11190	ENDO1	1	3750066	3752780	-	585	41.843000000000004	560	44.447499999999998	356	17.5549	156	9.8059100000000008	2.122784819	6.1299999999999999E-12	7.4500000000000001E-11
AT1G54290		1	20268474	20270140	-	282	20.170500000000001	462	36.669199999999996	193	9.5171200000000002	138	8.6744599999999998	2.122683608	6.1500000000000005E-10	6.1600000000000002E-9
AT1G74370		1	27958086	27959400	-	227	16.236499999999999	259	20.556999999999999	116	5.7201399999999998	96	6.0344100000000003	2.1222194609999998	1.4399999999999999E-10	1.5300000000000001E-9
AT5G49480	ATCP1	5	20070489	20071682	+	6116	437.45600000000002	6911	548.53	2522	124.364	3045	191.404	2.1218641950000001	1.22E-17	2.2399999999999999E-16
AT2G31880	SOBIR1	2	13554870	13556977	+	2330	166.65700000000001	1260	100.00700000000001	755	37.230200000000004	757	47.583799999999997	2.1192961800000001	1.25E-15	2E-14
AT5G48850	SDI1	5	19805437	19807853	-	102	7.2957000000000001	265	21.033200000000001	91	4.4873500000000002	74	4.6515199999999997	2.1184477670000001	6.4400000000000002E-6	3.79E-5
AT4G35940		4	17021380	17024108	+	614	43.917299999999997	590	46.828600000000002	282	13.905799999999999	241	15.148899999999999	2.1174589410000002	3.2300000000000002E-17	5.7599999999999999E-16
AT3G12920	BRG3	3	4121789	4123582	-	1612	115.301	1789	141.994	790	38.956099999999999	694	43.623699999999999	2.1162827150000001	1.6900000000000001E-20	3.7200000000000002E-19
AT5G02140		5	423202	424437	+	116	8.2970799999999993	108	8.5720200000000002	56	2.76145	42	2.64005	2.1140833649999999	6.6400000000000002E-7	4.5600000000000004E-6
AT4G00460	ROPGEF3	4	211000	213697	-	824	58.937800000000003	733	58.178600000000003	375	18.491800000000001	303	19.046099999999999	2.1139593759999999	2.0700000000000001E-19	4.2499999999999997E-18
AT4G38810		4	18115283	18119160	-	2341	167.44399999999999	3077	244.22300000000001	1316	64.894000000000005	1076	67.635599999999997	2.1138977570000002	3.7300000000000002E-18	7.0699999999999995E-17
AT5G03990		5	1075671	1077549	+	212	15.163600000000001	219	17.382200000000001	111	5.4735800000000001	79	4.9658100000000003	2.1119882149999998	4.2099999999999999E-10	4.2700000000000004E-9
AT4G36250	ALDH3F1	4	17150740	17153663	+	222	15.8789	132	10.476900000000001	76	3.7476799999999999	75	4.7143800000000002	2.110797947	3.1200000000000001E-8	2.5899999999999998E-7
AT5G64430		5	25762160	25764420	-	2049	146.55799999999999	1748	138.74	888	43.788600000000002	762	47.898099999999999	2.1101167049999998	2.6800000000000001E-24	7.3E-23
AT3G18690	MKS1	3	6429534	6430517	-	424	30.327200000000001	374	29.6846	196	9.6650600000000004	153	9.6173300000000008	2.1096526359999999	1.38E-14	2.0500000000000001E-13
AT5G24280	GMI1	5	8251220	8262603	-	129	9.2269199999999998	56	4.44475	44	2.1697099999999998	35	2.20004	2.109615185	3.4400000000000003E-5	1.7765500000000001E-4
AT1G60130	JAL18	1	22173937	22176343	+	201	14.376799999999999	165	13.0961	68	3.35318	88	5.5315399999999997	2.1094736790000002	2.4900000000000001E-8	2.0800000000000001E-7
AT3G63380	ACA12	3	23406484	23410360	-	1500	107.29	2216	175.88499999999999	549	27.071999999999999	1033	64.932699999999997	2.1086323180000002	1.75E-9	1.66E-8
AT2G24490	RPA2A	2	10397377	10400802	-	1109	79.322900000000004	1030	81.7517	483	23.817499999999999	447	28.0977	2.1083207920000002	2.8399999999999998E-20	6.15E-19
AT3G04360		3	1156908	1158470	-	146	10.4429	126	10.0007	84	4.1421700000000001	38	2.38862	2.106410935	6.7899999999999998E-7	4.6600000000000003E-6
AT5G15960	KIN1	5	5209717	5210826	+	221	15.807399999999999	494	39.209099999999999	236	11.637499999999999	98	6.16012	2.1060033659999999	8.0599999999999999E-7	5.48E-6
AT5G10690	CBSPPR1	5	3373640	3377579	-	320	22.888500000000001	171	13.5724	115	5.67082	96	6.0344100000000003	2.1058039470000001	2.5300000000000002E-9	2.37E-8
AT5G47880	ERF1-1	5	19386045	19388587	-	3234	231.31700000000001	3697	293.43299999999999	1684	83.040599999999998	1379	86.681700000000006	2.1050154700000001	7.9100000000000003E-22	1.8800000000000001E-20
AT3G09560	PAH1	3	2934592	2939511	-	1584	113.298	1210	96.038399999999996	660	32.5456	557	35.012099999999997	2.1022831339999999	6.1199999999999999E-22	1.46E-20
AT5G60760		5	24438078	24442287	+	282	20.170500000000001	335	26.589099999999998	125	6.1639400000000002	144	9.0516100000000002	2.1019996070000002	1.8999999999999999E-10	1.9800000000000002E-9
AT3G49690	RAX3	3	18427735	18429281	+	206	14.734500000000001	271	21.509399999999999	143	7.0515499999999998	74	4.6515199999999997	2.1006907510000001	1.0800000000000001E-8	9.4899999999999996E-8
AT1G04160	XI-B	1	1086170	1096510	+	1200	85.831800000000001	721	57.226199999999999	525	25.888500000000001	320	20.114699999999999	2.1000728120000001	4.6500000000000002E-15	7.1099999999999995E-14
AT3G13090	ABCC6	3	4202811	4208261	-	178	12.7317	174	13.810499999999999	78	3.8462999999999998	76	4.7772399999999999	2.0995657560000001	7.06E-9	6.3300000000000004E-8
AT4G30600		4	14937840	14941208	-	7788	557.048	7460	592.10400000000004	3693	182.107	3028	190.33500000000001	2.0992249360000002	2.0599999999999998E-27	6.6099999999999997E-26
AT4G32000		4	15473898	15476990	-	192	13.7331	139	11.032500000000001	88	4.33941	58	3.6457899999999999	2.0985165229999998	1.9499999999999999E-8	1.6500000000000001E-7
AT4G29850		4	14601621	14603011	-	30	2.1457999999999999	19	1.50804	16	0.78898400000000002	6	0.37714999999999999	2.0977318569999999	1.5468737E-2	4.0356955E-2
AT5G65140	TPPJ	5	26019457	26022380	-	205	14.6629	203	16.112200000000001	102	5.0297799999999997	79	4.9658100000000003	2.095190412	7.5099999999999999E-10	7.4600000000000003E-9
AT4G39360		4	18302775	18303624	+	48	3.4332699999999998	54	4.2860100000000001	29	1.4300299999999999	17	1.0685899999999999	2.0941006249999998	5.1986100000000004E-4	2.0972629999999998E-3
AT1G17620		1	6061895	6063362	+	5911	422.79300000000001	3824	303.51299999999998	2575	126.977	1722	108.242	2.0923666710000002	8.1199999999999993E-21	1.82E-19
AT4G38900		4	18139237	18142071	-	1168	83.543000000000006	778	61.750300000000003	460	22.683299999999999	390	24.514800000000001	2.090966667	6.1499999999999996E-18	1.15E-16
AT3G05685		3	1673015	1674908	-	70	5.0068599999999996	158	12.5405	63	3.10663	42	2.64005	2.0905667769999998	3.65E-5	1.8728399999999999E-4
AT1G76390	PUB43	1	28655208	28658711	+	976	69.809899999999999	809	64.210800000000006	424	20.908100000000001	362	22.7547	2.090174223	9.5E-20	2.0000000000000001E-18
AT4G12090		4	7241906	7243228	-	349	24.962800000000001	412	32.700699999999998	180	8.8760700000000003	159	9.9944799999999994	2.0892260939999998	1.95E-12	2.4600000000000001E-11
AT4G35660		4	16912509	16913704	+	54	3.8624299999999998	41	3.2541899999999999	24	1.1834800000000001	18	1.1314500000000001	2.089138063	6.88494E-4	2.6976249999999999E-3
AT5G27520	PNC2	5	9714348	9716418	-	1159	82.899199999999993	1418	112.547	644	31.756599999999999	512	32.183500000000002	2.0890832559999999	1.6399999999999999E-17	2.9800000000000001E-16
AT5G51060	RBOHC	5	20757199	20762461	-	3038	217.298	2044	162.233	1199	59.124499999999998	1024	64.367000000000004	2.0883345790000001	1.5200000000000001E-21	3.5800000000000003E-20
AT5G01220	SQD2	5	86543	90117	-	2700	193.12200000000001	1920	152.39099999999999	1148	56.6096	889	55.881100000000004	2.087435943	1.2099999999999999E-22	2.99E-21
AT5G50920	CLPC1	5	20715453	20720681	-	9242	661.048	9070	719.89099999999996	4591	226.38900000000001	3582	225.15899999999999	2.0864847000000002	7.2800000000000003E-27	2.26E-25
AT1G73805	SARD1	1	27744790	27749248	-	32	2.2888500000000001	24	1.90489	9	0.44380399999999998	15	0.94287600000000005	2.0852642760000002	9.8560279999999993E-3	2.7535151000000001E-2
AT4G21865		4	11601706	11603283	+	112	8.0109700000000004	148	11.7468	52	2.5642	63	3.96008	2.0839559040000002	1.6700000000000001E-6	1.0900000000000001E-5
AT3G05170		3	1466483	1468400	+	620	44.346400000000003	667	52.940199999999997	321	15.829000000000001	256	16.091699999999999	2.0826447319999999	2.7499999999999998E-16	4.6699999999999998E-15
AT5G02350		5	495189	497372	-	1073	76.747900000000001	591	46.908000000000001	442	21.7957	294	18.480399999999999	2.0813663689999999	7.6000000000000004E-14	1.0700000000000001E-12
AT1G65570		1	24373874	24375895	-	577	41.270800000000001	1021	81.037300000000002	518	25.543399999999998	235	14.771699999999999	2.0783782240000002	3.2799999999999998E-9	3.0500000000000002E-8
AT5G65170		5	26041045	26043267	+	125	8.9408100000000008	127	10.0801	50	2.4655800000000001	61	3.8343600000000002	2.0770896560000001	9.5000000000000001E-7	6.4099999999999996E-6
AT5G43870		5	17631426	17635945	-	129	9.2269199999999998	175	13.889799999999999	71	3.5011199999999998	66	4.1486499999999999	2.0757819990000002	2.4999999999999999E-7	1.8199999999999999E-6
AT1G03590	PPC6-6	1	894238	897718	-	2403	171.87799999999999	1872	148.58199999999999	1002	49.4101	893	56.1325	2.0736661519999999	5.2700000000000003E-23	1.3299999999999999E-21
AT1G11000	MLO4	1	3671756	3676133	-	1452	103.85599999999999	1142	90.641199999999998	630	31.066299999999998	525	33.000700000000002	2.073068686	2.0400000000000001E-21	4.7400000000000003E-20
AT3G61740	ATX3	3	22850811	22857016	-	376	26.893999999999998	466	36.986699999999999	207	10.2075	174	10.9374	2.0726243379999998	1.8600000000000002E-12	2.35E-11
AT4G02330	PME41	4	1032350	1035055	+	146	10.4429	61	4.8415999999999997	30	1.4793499999999999	57	3.5829300000000002	2.072138625	1.3886399999999999E-4	6.3402E-4
AT1G53920	GLIP5	1	20137537	20139716	+	1425	101.925	1112	88.260099999999994	686	33.8277	458	28.789100000000001	2.0709838509999998	6.2900000000000006E-20	1.34E-18
AT3G61930		3	22935510	22936253	+	174	12.445600000000001	346	27.462199999999999	166	8.1857100000000003	80	5.02867	2.07081494	7.2500000000000005E-7	4.9599999999999999E-6
AT3G48420	CBBY	3	17929581	17931713	+	42	3.0041099999999998	43	3.4129299999999998	19	0.93691899999999995	19	1.19431	2.0695793889999998	1.3674970000000001E-3	4.9694370000000002E-3
AT2G41120		2	17141275	17142485	-	129	9.2269199999999998	115	9.1276100000000007	57	2.8107600000000001	52	3.26864	2.06944975	4.58E-7	3.23E-6
AT4G28320	MAN5	4	14018183	14020323	-	176	12.588699999999999	147	11.6675	80	3.9449200000000002	65	4.0857999999999999	2.0666010890000002	1.7900000000000001E-8	1.5300000000000001E-7
AT1G55450		1	20704915	20707071	-	1895	135.54300000000001	1095	86.910799999999995	550	27.121300000000002	740	46.5152	2.0652100889999998	1.3100000000000001E-12	1.6700000000000001E-11
AT5G45280	PAE11	5	18345534	18349695	+	5932	424.29500000000002	3935	312.32299999999998	2279	112.381	2088	131.24799999999999	2.0648596229999998	2.1000000000000001E-21	4.8800000000000001E-20
AT1G25682		1	9002285	9004762	-	1239	88.621300000000005	983	78.021299999999997	542	26.726800000000001	454	28.537700000000001	2.0635424109999998	1.83E-20	3.9999999999999999E-19
AT2G37540		2	15751568	15754061	-	1516	108.434	796	63.179000000000002	623	30.7211	412	25.8977	2.0621555749999998	7.77E-14	1.09E-12
AT2G46260		2	18995645	18998672	+	2595	185.61099999999999	2554	202.71199999999999	1289	63.5625	1045	65.686999999999998	2.0611499439999998	1.31E-23	3.41E-22
AT3G15520	CYP37	3	5249599	5252792	-	218	15.5928	103	8.1751699999999996	67	3.3038699999999999	73	4.58866	2.060787355	1.13E-6	7.52E-6
AT5G21990	OEP61	5	7273071	7276579	+	3228	230.88800000000001	3284	260.65300000000002	1708	84.224100000000007	1267	79.641599999999997	2.0586143539999999	2.6799999999999998E-23	6.88E-22
AT3G17680		3	6042907	6044762	-	87	6.22281	75	5.9527900000000002	45	2.21902	29	1.8228899999999999	2.0574645450000002	2.4000000000000001E-5	1.27923E-4
AT4G05020	NDB2	4	2572427	2576599	+	6597	471.86	5810	461.14299999999997	3113	153.50700000000001	2505	157.46	2.0573455350000001	4.02E-27	1.28E-25
AT4G38410		4	17980678	17981766	+	41	2.9325899999999998	82	6.5083900000000003	24	1.1834800000000001	32	2.0114700000000001	2.0550381990000002	7.6470200000000002E-4	2.9643529999999999E-3
AT3G62770	ATG18A	3	23218610	23221243	-	2418	172.95099999999999	2408	191.124	1263	62.2804	947	59.526899999999998	2.0531150710000001	8.0500000000000005E-23	2.0100000000000001E-21
AT2G20320		2	8766486	8772668	+	1339	95.774000000000001	1109	88.021900000000002	543	26.776199999999999	553	34.7607	2.0526361180000001	8.3499999999999999E-19	1.65E-17
AT3G61890	ATHB-12	3	22914154	22915393	-	348	24.891200000000001	480	38.097900000000003	310	15.2866	91	5.72011	2.0524896159999999	4.15E-7	2.9399999999999998E-6
AT2G40715		2	16983087	16985791	-	62	4.4346399999999999	38	3.0160800000000001	31	1.5286599999999999	15	0.94287600000000005	2.048310866	1.0412419999999999E-3	3.8940580000000002E-3
AT3G10986		3	3444077	3445772	-	38	2.71801	36	2.8573400000000002	20	0.98623000000000005	14	0.88001700000000005	2.0482137169999999	2.765923E-3	9.1728859999999999E-3
AT3G58790	GAUT15	3	21742071	21746324	-	162	11.587300000000001	101	8.0164299999999997	51	2.5148899999999998	65	4.0857999999999999	2.0480245670000001	2.08E-6	1.33E-5
AT3G14590	NTMC2TYPE6.2	3	4904270	4908067	-	1068	76.390299999999996	804	63.813899999999997	470	23.176400000000001	379	23.8233	2.0467948819999999	8.0400000000000002E-19	1.59E-17
AT5G51470		5	20907195	20909533	+	246	17.595500000000001	169	13.413600000000001	105	5.1777100000000003	83	5.2172499999999999	2.0457309640000001	2.5599999999999998E-9	2.4E-8
AT1G28190		1	9846747	9848015	-	303	21.672499999999999	496	39.367800000000003	163	8.0377799999999997	202	12.6974	2.0442632359999999	1.02E-8	8.9999999999999999E-8
AT1G75590		1	28382813	28383769	-	247	17.667000000000002	217	17.223400000000002	117	5.76945	95	5.9715499999999997	2.0436668459999998	2.18E-10	2.2600000000000001E-9
AT5G23230	NIC2	5	7825858	7826611	-	116	8.2970799999999993	157	12.4612	78	3.8462999999999998	50	3.1429200000000002	2.0430440989999998	1.0300000000000001E-6	6.9299999999999997E-6
AT1G23880		1	8435657	8438811	+	179	12.8032	166	13.1755	81	3.9942299999999999	76	4.7772399999999999	2.0426125989999999	1.4999999999999999E-8	1.29E-7
AT1G77450	NAC032	1	29099839	29101759	+	2432	173.952	2436	193.34700000000001	1212	59.765599999999999	1022	64.241299999999995	2.0412346490000002	1.4699999999999999E-22	3.6099999999999998E-21
AT3G19200		3	6649228	6650199	-	140	10.0137	248	19.683900000000001	95	4.68459	86	5.4058200000000003	2.0404943709999999	5.0800000000000005E-7	3.5499999999999999E-6
AT4G35590	RKD5	4	16892909	16895105	+	23	1.6451100000000001	33	2.6192299999999999	14	0.690361	12	0.754301	2.0401924820000001	9.5449300000000001E-3	2.6778896E-2
AT1G19780	CNGC8	1	6833669	6836633	-	41	2.9325899999999998	46	3.6510500000000001	21	1.0355399999999999	19	1.19431	2.0395724199999998	1.3924090000000001E-3	5.051842E-3
AT5G46350	WRKY8	5	18801164	18804056	-	72	5.1499100000000002	51	4.0479000000000003	19	0.93691899999999995	35	2.20004	2.039346686	5.9432199999999999E-4	2.3601590000000001E-3
AT4G11570	PYRP2	4	7004265	7006125	+	1484	106.145	1517	120.405	860	42.407899999999998	542	34.069200000000002	2.038670244	1.7800000000000002E-18	3.4599999999999998E-17
AT4G29880	PIRL7	4	14606926	14608478	-	33	2.3603700000000001	44	3.4923000000000002	27	1.33141	10	0.62858400000000003	2.037237384	4.1534049999999998E-3	1.3080188E-2
AT2G18450	SDH1-2	2	7997344	8000825	-	540	38.624299999999998	416	33.0182	240	11.8348	197	12.383100000000001	2.0355395839999999	1.0499999999999999E-14	1.5599999999999999E-13
AT3G27930		3	10369298	10372534	-	696	49.782499999999999	608	48.257300000000001	354	17.456299999999999	250	15.714600000000001	2.0335742319999999	1.14E-16	1.9799999999999998E-15
AT2G36910	ABCB1	2	15501726	15507501	+	4328	309.56700000000001	5688	451.46	2534	124.955	2135	134.203	2.0331709610000002	1.33E-17	2.4400000000000002E-16
AT2G28210	ATACA2	2	12029666	12033096	+	20	1.4305300000000001	26	2.0636299999999999	9	0.44380399999999998	12	0.754301	2.033046449	1.8924566E-2	4.7853569999999998E-2
AT5G35940	JAL41	5	14090574	14093007	+	5839	417.64299999999997	4445	352.80200000000002	2442	120.419	2241	140.86600000000001	2.0309582430000002	1.37E-23	3.5600000000000001E-22
AT3G24670		3	9005939	9008801	-	4835	345.83100000000002	4518	358.596	2343	115.53700000000001	1970	123.831	2.0307621	3.5899999999999999E-25	1.0299999999999999E-23
AT3G22370	AOX1A	3	7906521	7908746	+	2379	170.16200000000001	2402	190.648	1147	56.560299999999998	1056	66.378500000000003	2.0289454309999999	3.0699999999999998E-21	7.0199999999999995E-20
AT4G39570		4	18384000	18385548	-	316	22.602399999999999	259	20.556999999999999	159	7.8405300000000002	108	6.78871	2.0288800810000001	2.7E-11	3.1000000000000002E-10
AT3G07120		3	2254479	2255742	+	37	2.6464799999999999	40	3.17482	21	1.0355399999999999	15	0.94287600000000005	2.0281618579999998	2.5521530000000001E-3	8.5663159999999992E-3
AT4G12450		4	7385695	7386931	-	209	14.949	273	21.668199999999999	136	6.7063699999999997	92	5.7829699999999997	2.0258865469999998	5.04E-9	4.6000000000000002E-8
AT2G16365		2	7074119	7079519	+	1015	72.599400000000003	964	76.513199999999998	517	25.4941	403	25.331900000000001	2.0256706910000002	3.7600000000000001E-19	7.5900000000000004E-18
AT2G38010		2	15906555	15909931	+	794	56.792099999999998	946	75.084500000000006	460	22.683299999999999	356	22.377600000000001	2.0254124820000001	1.24E-15	1.9800000000000001E-14
AT5G13210		5	4213955	4216908	+	161	11.5158	215	17.064699999999998	77	3.7969900000000001	96	6.0344100000000003	2.0248827729999999	2.3900000000000001E-7	1.75E-6
AT5G65630	GTE7	5	26225832	26229574	-	5312	379.94900000000001	4496	356.85	2502	123.377	2032	127.72799999999999	2.0246324269999998	7.1700000000000004E-26	2.1199999999999999E-24
AT1G60730		1	22357976	22360277	-	1590	113.727	2955	234.54	771	38.019199999999998	1307	82.155900000000003	2.0237798599999999	6.2808960000000002E-3	1.8701163E-2
AT3G55950	CCR3	3	20753565	20756690	-	1270	90.838700000000003	753	59.765999999999998	483	23.817499999999999	436	27.406300000000002	2.0235462819999999	4.2999999999999997E-15	6.5999999999999996E-14
AT4G40063		4	18575070	18575318	+	125	8.9408100000000008	84	6.6671300000000002	59	2.9093800000000001	38	2.38862	2.0229447220000001	5.7899999999999996E-6	3.4400000000000003E-5
AT1G10650		1	3523986	3526531	-	1058	75.674999999999997	944	74.925799999999995	570	28.107600000000001	370	23.2576	2.021570723	5.3300000000000001E-18	9.9699999999999998E-17
AT4G20010	OSB2	4	10841935	10844124	+	706	50.497700000000002	545	43.256999999999998	309	15.237299999999999	267	16.783200000000001	2.0214085499999999	4.0700000000000001E-16	6.7900000000000003E-15
AT1G34300		1	12503360	12506172	+	1296	92.698400000000007	1132	89.847499999999997	646	31.8552	486	30.549199999999999	2.0198124659999999	1.83E-20	3.9999999999999999E-19
AT1G10690	SMR8	1	3549920	3550848	-	448	32.043900000000001	312	24.7636	208	10.2568	145	9.1144700000000007	2.018848953	2.6200000000000001E-12	3.2799999999999999E-11
AT5G10130	DFC	5	3171266	3172701	-	3559	254.56299999999999	2290	181.75899999999999	1360	67.063699999999997	1305	82.030199999999994	2.0178822080000001	1.4599999999999999E-18	2.8700000000000003E-17
AT5G45580	PHL11	5	18480809	18483044	-	281	20.0989	243	19.286999999999999	154	7.5939699999999997	93	5.8458300000000003	2.0176950109999998	2.84E-10	2.9100000000000001E-9
AT5G56340	ATCRT1	5	22817480	22819730	+	1264	90.409499999999994	1683	133.58099999999999	782	38.561599999999999	613	38.532200000000003	2.0170948649999998	2.43E-15	3.8000000000000002E-14
AT1G72330	ALAAT2	1	27233418	27236822	+	371	26.536300000000001	372	29.5258	200	9.8622999999999994	149	9.3658999999999999	2.0163208799999999	1.0300000000000001E-12	1.33E-11
AT4G32020		4	15487914	15490048	+	11125	795.73199999999997	9036	717.19200000000001	5497	271.065	3948	248.16499999999999	2.012975043	1.6000000000000001E-25	4.68E-24
AT3G53650		3	19889297	19890251	+	359	25.678000000000001	702	55.7181	253	12.4758	251	15.7775	2.0126212539999999	1.4E-8	1.2100000000000001E-7
AT5G08780		5	2856740	2859006	+	398	28.467600000000001	242	19.207699999999999	174	8.5801999999999996	123	7.7315800000000001	2.0125253700000001	1.5299999999999999E-10	1.62E-9
AT4G02195	SYP42	4	969994	972342	-	448	32.043900000000001	400	31.748200000000001	216	10.651300000000001	180	11.314500000000001	2.011141259	6.7799999999999999E-14	9.5599999999999997E-13
AT5G63370	CDKG1	5	25383810	25387270	-	6460	462.06099999999998	3927	311.68799999999999	2679	132.10599999999999	2121	133.32300000000001	2.0096392920000001	4.1500000000000001E-19	8.3600000000000002E-18
AT1G79660		1	29975667	29976773	+	1243	88.907499999999999	1143	90.720500000000001	646	31.8552	478	30.046299999999999	2.0088017109999998	6.9000000000000004E-20	1.4700000000000001E-18
AT5G44070	PCS1	5	17734706	17737859	+	3089	220.94499999999999	2153	170.88499999999999	1323	65.239099999999993	1106	69.5214	2.008711812	5.0300000000000001E-21	1.14E-19
AT1G06800	PLA-I{gamma}1	1	2089417	2091686	-	562	40.197899999999997	586	46.511099999999999	276	13.61	261	16.405999999999999	2.0074373790000002	1.89E-14	2.7900000000000002E-13
AT1G53050		1	19771916	19775817	+	2531	181.03399999999999	2280	180.965	1190	58.680700000000002	1056	66.378500000000003	2.0068986080000002	1.27E-22	3.1299999999999999E-21
AT1G35670	CPK11	1	13205345	13208289	+	2601	186.04	2993	237.55600000000001	1524	75.150800000000004	1138	71.532799999999995	2.0058179549999999	2.5700000000000001E-19	5.2399999999999999E-18
AT3G56050		3	20797871	20801428	-	2124	151.922	1684	133.66	989	48.769100000000002	795	49.9724	2.0027745189999999	4.7900000000000004E-22	1.15E-20
ATCG00760	RPL36	Pt	79489	79602	-	114	8.1540199999999992	45	3.5716700000000001	41	2.0217700000000001	32	2.0114700000000001	2.0023999699999999	2.3515499999999999E-4	1.0265770000000001E-3
AT4G03510	RMA1	4	1557120	1559437	-	1339	95.774000000000001	1639	130.08799999999999	703	34.665999999999997	699	43.938000000000002	2.0021762889999999	1.42E-15	2.26E-14
AT2G22850	AtbZIP6	2	9731279	9733612	-	525	37.551400000000001	584	46.352400000000003	301	14.8428	228	14.3317	1.998567099	4.5899999999999999E-14	6.5600000000000003E-13
AT1G08800	MYOB1	1	2812818	2818071	-	2712	193.98	2593	205.80799999999999	1381	68.099199999999996	1127	70.841399999999993	1.998419655	7.6799999999999994E-23	1.92E-21
AT3G03650	EDA5	3	884133	886410	-	174	12.445600000000001	192	15.239100000000001	108	5.3256399999999999	68	4.2743700000000002	1.9979364079999999	3.8099999999999997E-8	3.1399999999999998E-7
AT2G40080	ELF4	2	16734294	16734953	-	410	29.325900000000001	593	47.066699999999997	267	13.1662	215	13.5146	1.9968575260000001	5.1100000000000003E-11	5.7199999999999999E-10
AT5G50950	FUM2	5	20729431	20733941	+	85	6.0797499999999998	52	4.1272700000000002	42	2.0710799999999998	23	1.44574	1.9967001209999999	2.2204500000000001E-4	9.7404900000000005E-4
AT1G23550	SRO2	1	8350728	8352791	+	128	9.1553900000000006	177	14.0486	102	5.0297799999999997	48	3.0171999999999999	1.995996358	2.74E-6	1.7200000000000001E-5
AT4G32480		4	15676240	15677977	+	2084	149.06100000000001	2089	165.80500000000001	1116	55.031700000000001	869	54.623899999999999	1.995674964	2.7300000000000001E-21	6.31E-20
AT3G22900	NRPD7	3	8115065	8116253	+	55	3.9339599999999999	44	3.4923000000000002	28	1.3807199999999999	19	1.19431	1.9950201750000001	8.6566699999999998E-4	3.314235E-3
AT2G34810		2	14685170	14687216	+	209	14.949	335	26.589099999999998	130	6.4104999999999999	130	8.1715900000000001	1.9937886339999999	4.4199999999999999E-8	3.6100000000000002E-7
AT1G30755		1	10905731	10909760	-	1247	89.193600000000004	729	57.8611	439	21.6478	469	29.480599999999999	1.9933359820000001	2.38E-13	3.2300000000000002E-12
AT5G54730	ATG18F	5	22233789	22237370	-	1414	101.13800000000001	1465	116.27800000000001	753	37.131599999999999	618	38.846499999999999	1.9917168300000001	2.5300000000000002E-19	5.1600000000000003E-18
AT5G23210	SCPL34	5	7810645	7815089	+	5150	368.36200000000002	2591	205.649	1913	94.332899999999995	1677	105.414	1.986831886	2.1799999999999999E-14	3.19E-13
AT1G72490		1	27288900	27291107	-	119	8.5116499999999995	151	11.984999999999999	72	3.55043	58	3.6457899999999999	1.9864986849999999	1.0699999999999999E-6	7.1799999999999999E-6
AT1G80160		1	30150897	30152614	+	54	3.8624299999999998	151	11.984999999999999	55	2.7121300000000002	46	2.8914900000000001	1.9863854489999999	2.7638000000000001E-4	1.187954E-3
AT1G69900		1	26326216	26327965	-	220	15.735799999999999	155	12.3024	91	4.4873500000000002	85	5.3429599999999997	1.9847852909999999	2.25E-8	1.9000000000000001E-7
AT5G55700	BAM4	5	22551734	22554964	+	734	52.500500000000002	800	63.496400000000001	394	19.428699999999999	342	21.497599999999998	1.9792862600000001	1.5499999999999999E-15	2.4799999999999999E-14
AT3G23870		3	8619192	8621949	+	494	35.334099999999999	547	43.415700000000001	296	14.5962	209	13.1374	1.979024245	2.26E-13	3.07E-12
AT1G18265		1	6282233	6283348	-	56	4.0054800000000004	61	4.8415999999999997	29	1.4300299999999999	27	1.6971799999999999	1.9782765369999999	3.82013E-4	1.5890959999999999E-3
AT3G08690	UBC11	3	2641012	2642919	+	1317	94.200400000000002	1398	110.96	753	37.131599999999999	560	35.200699999999998	1.978218112	2.4300000000000002E-18	4.6799999999999997E-17
AT4G00080	UNE11	4	32748	33756	+	1865	133.39699999999999	904	71.751000000000005	757	37.328800000000001	548	34.446399999999997	1.9771993670000001	1.79E-12	2.2600000000000001E-11
AT1G30860		1	10986496	10989593	-	73	5.2214400000000003	89	7.0639799999999999	47	2.3176399999999999	32	2.0114700000000001	1.976641259	5.8699999999999997E-5	2.9034999999999998E-4
AT2G30990		2	13187407	13190458	-	1536	109.86499999999999	1214	96.355900000000005	719	35.454999999999998	592	37.212200000000003	1.975683069	4.7000000000000001E-20	1.01E-18
AT3G50350		3	18672102	18674022	+	620	44.346400000000003	520	41.2727	293	14.4483	251	15.7775	1.9747120970000001	2.72E-15	4.2500000000000002E-14
AT4G00400	GPAT8	4	173953	176870	-	402	28.753699999999998	221	17.540900000000001	163	8.0377799999999997	131	8.2344500000000007	1.974520007	1.43E-9	1.3799999999999999E-8
ATMG00080	RPL16	Mt	25076	25615	-	79	5.6505900000000002	42	3.3335599999999999	37	1.82453	21	1.32003	1.9734607529999999	6.1784800000000005E-4	2.4454189999999999E-3
AT2G38750	ANN4	2	16196265	16198832	-	4030	288.25200000000001	3499	277.71800000000002	2740	135.114	1021	64.178399999999996	1.9725445930000001	3.2499999999999998E-11	3.7100000000000001E-10
AT2G19240		2	8348869	8352562	-	52	3.7193800000000001	58	4.6034899999999999	28	1.3807199999999999	25	1.5714600000000001	1.9724606739999999	5.6027400000000004E-4	2.2414919999999999E-3
AT2G32400	GLR3.7	2	13752263	13756893	-	518	37.050699999999999	321	25.477900000000002	220	10.8485	178	11.188800000000001	1.972202467	9.9700000000000005E-12	1.19E-10
AT1G72500		1	27295147	27298715	-	2161	154.56899999999999	1946	154.45500000000001	1194	58.878	802	50.412399999999998	1.9703421729999999	2.0099999999999999E-20	4.38E-19
AT5G04200	AMC9	5	1153740	1155040	+	2147	153.56700000000001	1711	135.803	1230	60.653199999999998	660	41.486499999999999	1.9693353549999999	5.8400000000000002E-16	9.6300000000000007E-15
AT1G62290	APA2	1	23009885	23013601	-	54	3.8624299999999998	36	2.8573400000000002	18	0.88760700000000003	24	1.5085999999999999	1.969008249	2.228467E-3	7.6087109999999998E-3
AT1G01350		1	136090	138162	+	836	59.796199999999999	985	78.180000000000007	486	23.965399999999999	399	25.080500000000001	1.9689668520000001	3.0900000000000001E-15	4.8099999999999998E-14
AT1G66510		1	24812793	24816620	+	449	32.115400000000001	247	19.604500000000002	190	9.3691899999999997	141	8.8630300000000002	1.9689485280000001	6.2400000000000002E-10	6.24E-9
AT4G15530	PPDK	4	8864615	8870979	-	615	43.988799999999998	618	49.051000000000002	327	16.1249	269	16.908899999999999	1.9682831439999999	3.3899999999999999E-15	5.2699999999999999E-14
AT3G57530	CPK32	3	21296457	21299704	-	3183	227.66900000000001	2307	183.108	1572	77.517700000000005	1081	67.9499	1.9653900440000001	3.97E-20	8.5600000000000001E-19
AT3G07370	CHIP	3	2357907	2360549	-	676	48.351900000000001	780	61.908999999999999	374	18.442499999999999	332	20.869	1.9653010580000001	2.26E-14	3.2900000000000001E-13
AT1G49620	KRP7	1	18365336	18366744	-	66	4.7207499999999998	126	10.0007	58	2.8600699999999999	38	2.38862	1.9650619760000001	1.03529E-4	4.8635099999999999E-4
ATCG00470	ATPE	Pt	52265	52663	-	38	2.71801	64	5.07972	32	1.5779700000000001	19	1.19431	1.9641552600000001	1.5786789999999999E-3	5.6246990000000004E-3
AT5G11440	CID5	5	3652714	3654202	-	242	17.3094	292	23.176200000000001	161	7.9391499999999997	103	6.4744099999999998	1.9621784390000001	2.8200000000000002E-9	2.6300000000000001E-8
AT3G09032		3	2757326	2758349	-	185	13.2324	209	16.5884	104	5.1284000000000001	88	5.5315399999999997	1.960306439	1.96E-8	1.66E-7
AT3G10020		3	3090806	3091922	-	2231	159.57599999999999	3109	246.76300000000001	1669	82.300899999999999	1006	63.235500000000002	1.9585668759999999	1.6300000000000001E-13	2.2499999999999999E-12
AT1G16670	CRPK1	1	5697216	5699870	+	774	55.361499999999999	706	56.035600000000002	384	18.935600000000001	332	20.869	1.9584516190000001	1.58E-16	2.72E-15
AT5G66210	CPK28	5	26456142	26459654	-	1178	84.258200000000002	983	78.021299999999997	529	26.085799999999999	508	31.932099999999998	1.9574946019999999	1.24E-17	2.2800000000000001E-16
AT5G17980		5	5953170	5956855	+	242	17.3094	193	15.3185	120	5.9173799999999996	91	5.72011	1.9571735130000001	2.57E-9	2.4E-8
AT5G06310	POT1B	5	1928343	1930951	+	204	14.5914	133	10.5563	90	4.43804	72	4.5258000000000003	1.956875557	1.24E-7	9.5499999999999996E-7
AT1G14240	APY3	1	4864881	4868011	+	2090	149.49	1492	118.42100000000001	1112	54.834400000000002	644	40.480800000000002	1.9568096619999999	3.4100000000000002E-16	5.75E-15
AT3G08710	TRX9	3	2645078	2646604	+	1154	82.541600000000003	1095	86.910799999999995	609	30.0307	487	30.611999999999998	1.955719523	1.0400000000000001E-18	2.0399999999999999E-17
AT1G10990		1	3670243	3671191	-	219	15.664300000000001	182	14.445399999999999	99	4.8818400000000004	94	5.90869	1.9554073270000001	9.2599999999999999E-9	8.2000000000000006E-8
AT3G51910	HSFA7A	3	19265141	19266806	+	2540	181.67699999999999	1943	154.21700000000001	1237	60.998399999999997	938	58.961199999999998	1.954907717	3.8800000000000003E-21	8.8600000000000004E-20
AT2G47820		2	19587137	19590822	+	197	14.0907	164	13.0168	96	4.7339099999999998	79	4.9658100000000003	1.954736072	2.1999999999999998E-8	1.86E-7
AT4G14560	IAA1	4	8360996	8362033	+	265	18.954499999999999	170	13.493	126	6.2132500000000004	85	5.3429599999999997	1.9544464720000001	1.4999999999999999E-8	1.29E-7
AT1G74300		1	27935156	27936608	+	392	28.038399999999999	172	13.6517	176	8.6788299999999996	97	6.0972600000000003	1.9538645290000001	2.7399999999999999E-7	1.99E-6
AT3G26910		3	9914959	9918810	-	1798	128.60499999999999	896	71.116	613	30.228000000000002	652	40.983699999999999	1.953857953	9.4899999999999993E-12	1.1399999999999999E-10
AT5G03110		5	730127	731462	+	180	12.8748	162	12.858000000000001	89	4.3887299999999998	77	4.8400999999999996	1.953412602	4.3299999999999997E-8	3.5400000000000002E-7
AT1G15640		1	5378886	5380239	+	398	28.467600000000001	304	24.128599999999999	183	9.0240100000000005	156	9.8059100000000008	1.9533948029999999	7.2899999999999998E-12	8.8200000000000003E-11
AT3G08990		3	2742826	2744974	+	176	12.588699999999999	134	10.6357	88	4.33941	63	3.96008	1.952600916	1.66E-7	1.2500000000000001E-6
AT1G73360	HDG11	1	27578421	27582685	-	46	3.2902200000000001	66	5.2384599999999999	22	1.0848500000000001	32	2.0114700000000001	1.9520622569999999	1.1946000000000001E-3	4.4027370000000003E-3
AT4G27020		4	13568367	13571495	-	1089	77.892399999999995	1251	99.292599999999993	619	30.523800000000001	530	33.314900000000002	1.9496680980000001	3.8399999999999998E-16	6.4500000000000003E-15
AT1G05420	ATOFP12	1	1589973	1591012	+	60	4.2915900000000002	44	3.4923000000000002	25	1.2327900000000001	25	1.5714600000000001	1.9485876289999999	9.06736E-4	3.4481009999999999E-3
AT3G61640	AGP20	3	22810041	22811024	-	672	48.065800000000003	539	42.780700000000003	346	17.061800000000002	247	15.526	1.948226593	5E-15	7.6399999999999995E-14
AT1G09932		1	3230450	3233259	-	246	17.595500000000001	241	19.128299999999999	110	5.4242699999999999	125	7.8573000000000004	1.947143686	5.5700000000000004E-9	5.0500000000000002E-8
AT2G04160	AIR3	2	1401268	1407827	-	5020	359.06299999999999	2948	233.98400000000001	2021	99.658600000000007	1798	113.01900000000001	1.9459570079999999	1.14E-16	1.9799999999999998E-15
AT1G74830	MYOB6	1	28113194	28115281	-	286	20.456600000000002	238	18.8902	176	8.6788299999999996	86	5.4058200000000003	1.9451780789999999	1.05E-8	9.2599999999999995E-8
AT5G63160	BT1	5	25333172	25335570	-	631	45.133200000000002	753	59.765999999999998	446	21.992899999999999	252	15.840299999999999	1.9436417029999999	4.7700000000000001E-12	5.8599999999999997E-11
AT1G20140	ASK4	1	6986312	6987863	+	432	30.8995	594	47.146099999999997	252	12.426500000000001	253	15.9032	1.9434606379999999	1.27E-10	1.3600000000000001E-9
AT2G22470	AGP2	2	9538127	9538963	-	13306	951.73199999999997	11159	885.69600000000003	7391	364.46100000000001	4736	297.697	1.9423042109999999	8.8400000000000009E-22	2.0899999999999999E-20
AT3G22890	APS1	3	8112614	8115024	+	9784	699.81500000000005	14496	1150.56	5917	291.77600000000001	6059	380.85899999999998	1.9421982069999999	1.9199999999999999E-13	2.6299999999999999E-12
AT1G77570		1	29143350	29144011	+	53	3.7909099999999998	89	7.0639799999999999	38	1.87384	33	2.0743299999999998	1.9399652439999999	3.4416999999999998E-4	1.44713E-3
AT5G51460	TPPA	5	20900859	20904647	+	794	56.792099999999998	711	56.432499999999997	389	19.182200000000002	347	21.811900000000001	1.9396116080000001	3.0499999999999998E-16	5.17E-15
AT1G15800		1	5441072	5443911	-	368	26.3218	384	30.478300000000001	222	10.9472	153	9.6173300000000008	1.9375464600000001	1.27E-11	1.5E-10
AT5G40540		5	16236956	16239601	+	455	32.544600000000003	504	40.002800000000001	276	13.61	202	12.6974	1.9373137709999999	1.23E-12	1.58E-11
AT4G32250		4	15570044	15573402	-	788	56.362900000000003	687	54.5276	409	20.168399999999998	318	19.989000000000001	1.936987236	1.8100000000000001E-16	3.11E-15
AT4G16250	PHYD	4	9195247	9199840	-	466	33.331400000000002	527	41.828299999999999	250	12.3279	239	15.023199999999999	1.9365781870000001	2.7700000000000001E-12	3.47E-11
AT3G14205	SAC2	3	4715650	4721003	-	2042	146.05699999999999	1866	148.10499999999999	1033	50.938800000000001	888	55.818199999999997	1.9357504139999999	9.5900000000000006E-21	2.14E-19
AT4G05320	UBQ10	4	2717977	2720308	+	57365	4103.12	70823	5621.26	35517	1751.4	28531	1793.41	1.933729663	2.1099999999999999E-18	4.0900000000000003E-17
AT2G02750	PCMP-E22	2	771151	773552	-	56	4.0054800000000004	42	3.3335599999999999	26	1.2821	22	1.3828800000000001	1.933343485	1.2278390000000001E-3	4.5141970000000002E-3
AT1G67970	HSFA8	1	25484449	25486512	-	111	7.9394400000000003	148	11.7468	68	3.35318	61	3.8343600000000002	1.9328290260000001	3.63E-6	2.23E-5
AT3G51500		3	19108080	19108917	+	577	41.270800000000001	700	55.559399999999997	389	19.182200000000002	257	16.154599999999999	1.928509515	1.6E-12	2.03E-11
AT3G53990		3	19989292	19991186	-	9331	667.41399999999999	9829	780.13300000000004	5574	274.86200000000002	4047	254.38800000000001	1.926049415	3.4E-21	7.7799999999999995E-20
AT4G39780	ERF060	4	18457906	18459257	-	893	63.873199999999997	1314	104.29300000000001	596	29.389700000000001	515	32.372100000000003	1.9258313680000001	4.2899999999999997E-12	5.2800000000000001E-11
AT5G07330		5	2315947	2316874	+	95	6.7950200000000001	83	6.5877600000000003	41	2.0217700000000001	46	2.8914900000000001	1.9252699799999999	4.0200000000000001E-5	2.0516999999999999E-4
AT4G17140		4	9613330	9636873	-	3502	250.48599999999999	2719	215.809	1579	77.862899999999996	1471	92.464699999999993	1.9244105389999999	1.74E-20	3.8200000000000002E-19
AT2G34140	CDF4	2	14413694	14414788	-	170	12.1595	346	27.462199999999999	147	7.2487899999999996	117	7.3544299999999998	1.923219453	1.3599999999999999E-6	8.9600000000000006E-6
AT3G03110	XPO1B	3	708698	717093	+	950	67.950199999999995	916	72.703400000000002	484	23.866800000000001	441	27.720500000000001	1.922181972	1.4300000000000001E-16	2.4699999999999999E-15
AT5G22220	E2FB	5	7360535	7364505	+	330	23.6037	312	24.7636	143	7.0515499999999998	171	10.748799999999999	1.921761896	9.6399999999999998E-10	9.4300000000000007E-9
AT3G13435		3	4375300	4376127	+	1731	123.812	1868	148.26400000000001	1036	51.0867	775	48.715200000000003	1.921520093	4.2199999999999999E-18	7.9600000000000002E-17
AT2G32150		2	13658888	13660948	+	8732	624.56899999999996	10519	834.899	5646	278.41300000000001	4104	257.971	1.920790607	5.1600000000000003E-18	9.6699999999999999E-17
AT3G60220	ATL4	3	22254563	22256177	-	370	26.4648	332	26.350999999999999	211	10.4047	142	8.9258900000000008	1.919399646	1.8799999999999999E-11	2.1899999999999999E-10
AT1G14890		1	5136874	5137982	+	564	40.341000000000001	925	73.4178	433	21.351900000000001	328	20.617599999999999	1.9193121529999999	4.04E-10	4.1000000000000003E-9
AT5G10510	AIL6	5	3315401	3320323	+	956	68.379300000000001	908	72.0685	418	20.612200000000001	495	31.114899999999999	1.9187671989999999	1.5099999999999999E-13	2.08E-12
AT4G23000		4	12054364	12060170	+	92	6.5804400000000003	45	3.5716700000000001	37	1.82453	30	1.88575	1.9183736739999999	4.4181299999999999E-4	1.812164E-3
AT4G28300		4	14014646	14017097	+	3909	279.59699999999998	2796	221.92	1720	84.815799999999996	1578	99.1905	1.91653487	1.5400000000000001E-19	3.19E-18
AT5G49680	KIP	5	20176080	20188567	+	1972	141.05000000000001	1238	98.2607	759	37.427399999999999	802	50.412399999999998	1.9154842729999999	1.9000000000000001E-14	2.8000000000000002E-13
AT1G64140		1	23803793	23807159	-	3629	259.57	3374	267.79599999999999	1937	95.516400000000004	1569	98.624799999999993	1.914844998	3.1699999999999999E-22	7.6600000000000003E-21
AT2G37920	emb1513	2	15868340	15870071	-	88	6.2943300000000004	94	7.4608299999999996	41	2.0217700000000001	49	3.08006	1.913818434	5.0300000000000003E-5	2.52103E-4
AT2G25737		2	10976742	10979904	+	348	24.891200000000001	370	29.367100000000001	219	10.799200000000001	146	9.1773199999999999	1.91305236	5.8700000000000002E-11	6.5300000000000002E-10
AT1G02880	TPK1	1	642505	644903	-	1389	99.350300000000004	1281	101.67400000000001	671	33.088000000000001	654	41.109400000000001	1.912964106	1.8700000000000001E-17	3.3899999999999999E-16
AT1G49650	CXE4	1	18377154	18378634	-	124	8.8692899999999995	115	9.1276100000000007	67	3.3038699999999999	53	3.3314900000000001	1.9118914869999999	2.6000000000000001E-6	1.6399999999999999E-5
AT3G50800		3	18882112	18883033	-	126	9.01234	72	5.7146800000000004	73	3.5997400000000002	28	1.76003	1.9115774240000001	1.4054700000000001E-4	6.40926E-4
AT1G13260	RAV1	1	4542168	4543970	+	2334	166.94300000000001	2200	174.61500000000001	1179	58.138300000000001	1082	68.012799999999999	1.911512082	8.4099999999999999E-20	1.7800000000000002E-18
AT2G40140	CZF1	2	16771997	16774734	+	4907	350.98099999999999	4088	324.46699999999998	2297	113.26900000000001	2164	136.02600000000001	1.9105704750000001	2.9999999999999999E-21	6.8799999999999997E-20
AT1G70530	CRK3	1	26588391	26591776	-	2223	159.00299999999999	1601	127.072	1067	52.615400000000001	841	52.863900000000001	1.908344394	5.3599999999999998E-19	1.07E-17
AT5G17490	RGL3	5	5763989	5766246	-	211	15.0921	169	13.413600000000001	116	5.7201399999999998	76	4.7772399999999999	1.9081761079999999	4.0200000000000003E-8	3.2899999999999999E-7
AT1G69050		1	25961604	25962435	+	325	23.246099999999998	223	17.6996	152	7.4953500000000002	121	7.6058599999999998	1.908003712	9.4099999999999996E-10	9.2300000000000006E-9
AT5G22250	CAF1-11	5	7365477	7366799	-	155	11.086600000000001	177	14.0486	85	4.1914800000000003	82	5.1543900000000002	1.906192433	3.1300000000000001E-7	2.2500000000000001E-6
AT1G79450	ALIS5	1	29887616	29890211	+	842	60.225299999999997	1002	79.529300000000006	464	22.880500000000001	465	29.229099999999999	1.9024720669999999	2.2799999999999999E-13	3.1099999999999999E-12
AT2G17080		2	7433183	7434172	-	285	20.385100000000001	303	24.049299999999999	157	7.7419099999999998	140	8.8001699999999996	1.901956041	4.3599999999999999E-10	4.4100000000000003E-9
AT1G08300	NVL	1	2614774	2618823	+	101	7.2241799999999996	142	11.2706	60	2.9586899999999998	63	3.96008	1.901434925	1.3200000000000001E-5	7.3300000000000006E-5
AT4G19960	KUP9	4	10813183	10817070	+	285	20.385100000000001	178	14.128	105	5.1777100000000003	122	7.6687200000000004	1.900029553	7.8600000000000002E-8	6.1999999999999999E-7
AT1G01650	SPPL4	1	232840	237905	-	1875	134.11199999999999	1869	148.34399999999999	981	48.374600000000001	906	56.9497	1.898690258	2.38E-18	4.5899999999999998E-17
AT4G37240		4	17524461	17525294	+	217	15.5213	140	11.1119	95	4.68459	83	5.2172499999999999	1.8976959470000001	1.74E-7	1.31E-6
AT1G48330		1	17863660	17864558	+	271	19.383700000000001	396	31.430700000000002	177	8.7281399999999998	164	10.3088	1.8975586419999999	1.03E-8	9.0499999999999996E-8
AT1G29230	CIPK18	1	10214681	10216563	+	116	8.2970799999999993	120	9.5244700000000009	78	3.8462999999999998	44	2.7657699999999998	1.897002173	7.4399999999999999E-6	4.3300000000000002E-5
AT5G03560		5	900315	902770	-	509	36.406999999999996	626	49.686	336	16.5687	248	15.588900000000001	1.89646154	5.2400000000000003E-12	6.4100000000000004E-11
AT3G45010	SCPL48	3	16466144	16468989	+	3759	268.86799999999999	4613	366.13600000000002	2639	130.13300000000001	1705	107.17400000000001	1.895965919	1.1599999999999999E-15	1.8699999999999999E-14
AT1G20780	PUB44	1	7217021	7220842	+	1454	104	1818	144.29599999999999	935	46.106299999999997	745	46.829500000000003	1.89531074	5.1900000000000003E-15	7.9099999999999999E-14
AT5G57340		5	23225951	23229298	+	742	53.072699999999998	547	43.415700000000001	342	16.8645	304	19.108899999999998	1.894604046	3.1399999999999997E-14	4.5399999999999998E-13
AT1G02650		1	568558	570554	+	49	3.5047999999999999	19	1.50804	21	1.0355399999999999	13	0.81715899999999997	1.8940877840000001	1.1845478E-2	3.2159128000000002E-2
AT1G08570	ACHT4	1	2712694	2714833	+	2499	178.745	2582	204.935	1381	68.099199999999996	1200	75.430099999999996	1.893996598	3.8399999999999999E-19	7.7499999999999996E-18
AT5G21280		5	7263828	7265874	-	940	67.234899999999996	1040	82.545400000000001	580	28.6007	436	27.406300000000002	1.893947598	2.4100000000000001E-15	3.77E-14
AT1G02530	ABCB12	1	529679	534677	+	44	3.14717	25	1.9842599999999999	10	0.49311500000000003	23	1.44574	1.893062383	1.3478647E-2	3.5901228E-2
AT4G15410	PUX5	4	8814736	8816815	+	1203	86.046400000000006	1016	80.640500000000003	635	31.312799999999999	492	30.926300000000001	1.8923900069999999	5.9200000000000001E-18	1.1E-16
AT2G28160	FIT	2	12004658	12006276	+	1704	121.881	941	74.687700000000007	693	34.172899999999998	620	38.972200000000001	1.8923548480000001	3.6200000000000002E-13	4.8499999999999997E-12
AT1G26820	RNS3	1	9292446	9293862	-	1245	89.0505	1371	108.81699999999999	886	43.69	481	30.2349	1.8922425949999999	2.7599999999999999E-13	3.7200000000000003E-12
AT5G58020		5	23485496	23486818	+	1477	105.645	1888	149.852	1034	50.988100000000003	715	44.9437	1.8898424060000001	3.2099999999999997E-14	4.6300000000000005E-13
AT4G15393	CYP702A5	4	8804070	8807232	+	718	51.356000000000002	308	24.446100000000001	329	16.223500000000001	189	11.8802	1.8895339449999999	3.8099999999999997E-8	3.1399999999999998E-7
AT4G01480	PPA5	4	626069	628070	+	6100	436.31200000000001	5754	456.69799999999998	3668	180.875	2443	153.56299999999999	1.8888752849999999	1.6999999999999999E-20	3.7200000000000002E-19
AT2G01330	AIP1-1	2	158183	160870	-	333	23.818300000000001	243	19.286999999999999	148	7.2980999999999998	141	8.8630300000000002	1.888269298	7.9600000000000004E-10	7.8899999999999998E-9
AT4G30210	ATR2	4	14796695	14800961	+	7503	536.66300000000001	5432	431.14100000000002	3820	188.37	2760	173.489	1.8875125989999999	1.26E-20	2.7900000000000002E-19
AT3G46970	PHS2	3	17301394	17306633	-	484	34.6188	340	26.986000000000001	195	9.6157500000000002	215	13.5146	1.8872264620000001	1.3799999999999999E-10	1.4700000000000001E-9
AT1G61280		1	22603586	22605008	+	78	5.5790699999999998	113	8.9688700000000008	60	2.9586899999999998	40	2.5143399999999998	1.884248642	6.7100000000000005E-5	3.2775099999999999E-4
AT4G37160	sks15	4	17494512	17497276	-	2274	162.65100000000001	947	75.163899999999998	755	37.230200000000004	821	51.606699999999996	1.88378723	1.8300000000000001E-9	1.74E-8
AT3G28180	CSLC4	3	10505711	10509265	+	2549	182.321	1811	143.74	1307	64.450199999999995	920	57.829700000000003	1.882568059	4.5700000000000003E-18	8.6099999999999996E-17
AT2G35710	PGSIP8	2	15010707	15014284	-	623	44.561	360	28.573399999999999	272	13.412699999999999	223	14.0174	1.8814925549999999	6.43E-11	7.1200000000000002E-10
AT5G48560	BHLH78	5	19683809	19687187	+	2226	159.21799999999999	2516	199.696	1259	62.083199999999998	1173	73.732900000000001	1.879442048	1.32E-16	2.28E-15
AT4G22758		4	11958128	11960071	+	164	11.7303	198	15.715400000000001	107	5.2763299999999997	81	5.0915299999999997	1.8792182820000001	2.1299999999999999E-7	1.57E-6
AT2G36650		2	15359906	15361328	+	364	26.035699999999999	448	35.558	227	11.1937	193	12.1317	1.878429696	1.4700000000000001E-10	1.56E-9
AT1G57990	PUP18	1	21441179	21443036	-	2286	163.51	1552	123.18300000000001	993	48.966299999999997	941	59.149700000000003	1.8766367639999999	1.64E-16	2.8299999999999998E-15
AT4G34150		4	16354857	16357460	+	2200	157.358	1396	110.801	951	46.895299999999999	862	54.183900000000001	1.87587272	1.13E-15	1.8200000000000001E-14
AT5G19440		5	6556348	6558373	+	3981	284.74700000000001	7510	596.07299999999998	3227	159.12799999999999	2814	176.88399999999999	1.875178821	4.4600000000000001E-10	4.5100000000000003E-9
AT3G24070		3	8693061	8694770	+	1294	92.555300000000003	1040	82.545400000000001	719	35.454999999999998	488	30.674900000000001	1.873694602	8.7299999999999996E-17	1.53E-15
AT4G30650		4	14954204	14955114	+	168	12.016500000000001	183	14.524800000000001	101	4.9804599999999999	81	5.0915299999999997	1.8724893579999999	1.6199999999999999E-7	1.22E-6
AT1G19115		1	6606237	6607943	+	87	6.22281	60	4.7622299999999997	35	1.7259	39	2.4514800000000001	1.8718520380000001	2.4556900000000001E-4	1.0662709999999999E-3
AT1G58340	DTX48	1	21652988	21655439	+	730	52.214399999999998	890	70.639799999999994	387	19.083600000000001	442	27.7834	1.8712613010000001	1.97E-11	2.2900000000000001E-10
AT3G09370	MYB3R-3	3	2879353	2882396	+	423	30.255700000000001	423	33.573700000000002	249	12.278600000000001	190	11.943099999999999	1.8709307580000001	4.8200000000000001E-12	5.9099999999999995E-11
ATCG00770	RPS8	Pt	80068	80472	-	259	18.525400000000001	206	16.350300000000001	145	7.1501700000000001	96	6.0344100000000003	1.870636862	7.7699999999999994E-9	6.9399999999999999E-8
AT1G55850	CSLE1	1	20876440	20879482	+	6051	432.80700000000002	4196	333.03899999999999	2443	120.468	2702	169.84299999999999	1.8700786549999999	6.8100000000000002E-16	1.1200000000000001E-14
AT4G34280		4	16406941	16410785	+	485	34.690399999999997	467	37.066000000000003	276	13.61	217	13.6403	1.869866689	7.3000000000000002E-13	9.5500000000000003E-12
AT3G02160		3	394044	396343	+	133	9.5130300000000005	106	8.4132800000000003	69	3.4024899999999998	54	3.3943500000000002	1.869666279	4.1699999999999999E-6	2.5299999999999998E-5
AT5G13970		5	4506191	4507864	-	480	34.332700000000003	484	38.415300000000002	294	14.4976	209	13.1374	1.8685171599999999	1.7800000000000001E-12	2.25E-11
AT3G57800	BHLH60	3	21407782	21411904	-	331	23.6753	515	40.875799999999998	244	12.032	201	12.634499999999999	1.8683222500000001	7.1500000000000003E-9	6.4000000000000004E-8
AT5G60710		5	24410581	24415145	-	1548	110.723	1415	112.309	797	39.301299999999998	725	45.572299999999998	1.8679772509999999	5.5800000000000004E-18	1.04E-16
AT4G22360		4	11807257	11810117	+	942	67.378	733	58.178600000000003	471	23.2257	390	24.514800000000001	1.8658940580000001	8.7899999999999999E-16	1.43E-14
AT5G43030		5	17258927	17260784	-	319	22.817	202	16.032900000000001	151	7.44604	116	7.2915700000000001	1.8657227519999999	7.7099999999999992E-9	6.8900000000000002E-8
AT1G20440	COR47	1	7084409	7086873	-	25042	1791.17	38947	3091.24	19783	975.53	14223	894.03499999999997	1.8657030320000001	1.29E-12	1.66E-11
AT1G72450	TIFY11B	1	27273968	27276562	-	256	18.3108	352	27.938400000000001	169	8.3336500000000004	149	9.3658999999999999	1.8652124029999999	1.27E-8	1.1000000000000001E-7
AT2G19710		2	8506130	8510081	+	958	68.522400000000005	625	49.6066	417	20.562899999999999	389	24.451899999999998	1.8616237769999999	2.5500000000000002E-13	3.45E-12
AT4G34310		4	16413974	16419735	+	860	61.512799999999999	753	59.765999999999998	454	22.3874	381	23.949000000000002	1.8608180809999999	8.0200000000000002E-16	1.3100000000000001E-14
AT5G60680		5	24386010	24387304	+	2553	182.607	2676	212.39599999999999	1632	80.476399999999998	1124	70.652799999999999	1.8597041679999999	8.8100000000000001E-18	1.6300000000000001E-16
AT3G19250		3	6666609	6668395	-	132	9.4414999999999996	54	4.2860100000000001	45	2.21902	48	3.0171999999999999	1.8594537870000001	2.8362299999999999E-4	1.2153890000000001E-3
AT4G19560	CYCT1-2	4	10661387	10664716	+	30	2.1457999999999999	42	3.3335599999999999	15	0.73967300000000002	22	1.3828800000000001	1.8585590320000001	8.9243659999999995E-3	2.5276381000000001E-2
AT1G14220		1	4858450	4859661	-	1827	130.679	1210	96.038399999999996	958	47.240400000000001	624	39.223599999999998	1.856468555	5.2799999999999998E-15	8.0400000000000003E-14
AT2G38470	WRKY33	2	16108235	16110766	+	3042	217.584	2019	160.249	1163	57.349299999999999	1389	87.310299999999998	1.855957861	1.8700000000000001E-13	2.5700000000000002E-12
AT4G21480	STP12	4	11433303	11435284	-	55	3.9339599999999999	41	3.2541899999999999	23	1.1341600000000001	26	1.63432	1.8550845300000001	2.2379359999999998E-3	7.6364240000000002E-3
AT1G74490		1	27994652	27996794	-	330	23.6037	361	28.652799999999999	202	9.9609299999999994	161	10.120200000000001	1.854606379	1.8999999999999999E-10	1.99E-9
AT3G03050	CSLD3	3	686981	691911	+	6220	444.89499999999998	3404	270.17700000000002	2780	137.08600000000001	2166	136.15100000000001	1.852254101	2.1799999999999999E-14	3.2E-13
AT1G33090	DTX22	1	11993298	11996712	+	314	22.459299999999999	163	12.9374	197	9.7143700000000006	59	3.7086399999999999	1.8516800179999999	2.58E-5	1.3679799999999999E-4
AT1G03370		1	830550	835411	+	2244	160.505	1512	120.008	1073	52.911299999999997	871	54.749699999999997	1.8497376800000001	7.6499999999999998E-17	1.3400000000000001E-15
AT1G54010	GLL23	1	20158589	20160864	-	3764	269.226	1957	155.328	1425	70.268900000000002	1472	92.527500000000003	1.848649821	3.85E-12	4.7600000000000002E-11
AT4G22270	MRB1	4	11773221	11776039	+	331	23.6753	303	24.049299999999999	211	10.4047	126	7.9201600000000001	1.84859453	9.0599999999999997E-10	8.91E-9
AT1G78380	GSTU19	1	29486387	29488007	-	40926	2927.29	49608	3937.41	25532	1259.02	22220	1396.71	1.848114751	4.3900000000000002E-17	7.7900000000000004E-16
AT1G80240		1	30171357	30173109	-	4008	286.678	1870	148.423	1956	96.453299999999999	1111	69.835700000000003	1.8472490029999999	1.8299999999999999E-10	1.92E-9
AT2G46410	CPC	2	19049021	19050369	-	355	25.3919	369	29.287700000000001	203	10.010199999999999	177	11.1259	1.846983287	8.9500000000000001E-11	9.7799999999999993E-10
AT4G01540	NAC68	4	670483	672789	-	288	20.599599999999999	240	19.0489	134	6.6077399999999997	139	8.7373200000000004	1.8456123010000001	4.6200000000000002E-9	4.2400000000000002E-8
AT1G35780		1	13277259	13280387	-	1796	128.46199999999999	1963	155.804	1186	58.483499999999999	818	51.418199999999999	1.8451633789999999	3.2000000000000002E-16	5.41E-15
AT1G77250		1	29020176	29023474	-	467	33.402900000000002	389	30.8751	228	11.243	217	13.6403	1.843349334	9.9299999999999999E-12	1.19E-10
AT5G65030		5	25975697	25976356	-	85	6.0797499999999998	80	6.34964	49	2.4162599999999999	38	2.38862	1.8432276270000001	8.92E-5	4.2395600000000002E-4
AT5G62580	TOR1L3	5	25119511	25122578	+	3202	229.02799999999999	2767	219.61799999999999	1723	84.963700000000003	1408	88.504599999999996	1.842964891	9.9999999999999995E-21	2.2400000000000002E-19
AT1G01010	NAC001	1	3631	5899	+	578	41.342300000000002	718	56.988100000000003	380	18.738399999999999	309	19.423200000000001	1.8427708519999999	6.7600000000000003E-12	8.2000000000000001E-11
AT5G16630	RAD4	5	5454654	5459647	+	529	37.837499999999999	671	53.257599999999996	343	16.913900000000002	294	18.480399999999999	1.842072366	2.3000000000000001E-11	2.6500000000000002E-10
AT4G36550	PUB5	4	17245400	17248461	-	228	16.308	207	16.4297	133	6.5584300000000004	97	6.0972600000000003	1.841810902	1.5399999999999999E-8	1.3199999999999999E-7
AT5G04970	PME47	5	1464079	1467161	-	1845	131.96600000000001	927	73.576499999999996	689	33.9756	722	45.383800000000001	1.8389374279999999	8.4599999999999997E-11	9.27E-10
AT2G39705	RTFL8	2	16556801	16558268	+	464	33.188299999999998	431	34.2087	286	14.1031	191	12.006	1.838114561	7.9699999999999994E-12	9.6200000000000001E-11
AT3G55310		3	20505743	20507025	+	106	7.5818099999999999	55	4.36538	55	2.7121300000000002	30	1.88575	1.836064291	3.6481399999999998E-4	1.525415E-3
AT5G62310	IRE	5	25023155	25028686	+	686	49.0672	435	34.526200000000003	335	16.519400000000001	252	15.840299999999999	1.835934902	8.7400000000000003E-12	1.05E-10
AT3G10550	MTM1	3	3292890	3298621	-	993	71.025800000000004	1268	100.642	666	32.841500000000003	543	34.132100000000001	1.835923601	4.4299999999999998E-13	5.88E-12
AT2G32020		2	13630980	13631929	-	400	28.610600000000002	271	21.509399999999999	134	6.6077399999999997	206	12.9488	1.8349649859999999	1.6500000000000001E-7	1.24E-6
ATMG00513	NAD5A	Mt	140724	142998	-	52	3.7193800000000001	58	4.6034899999999999	35	1.7259	24	1.5085999999999999	1.8343721239999999	1.173211E-3	4.3323880000000004E-3
AT4G11370	RHA1A	4	6907488	6908442	+	48	3.4332699999999998	65	5.15909	24	1.1834800000000001	35	2.20004	1.8337905779999999	1.9311599999999999E-3	6.7215790000000001E-3
AT4G18010	IP5P2	4	9990988	9994524	-	1024	73.243099999999998	821	65.163200000000003	553	27.269300000000001	422	26.526199999999999	1.8335450250000001	6.19E-16	1.02E-14
AT2G48150	GPX4	2	19687831	19689229	-	24	1.7166399999999999	37	2.9367100000000002	13	0.64105000000000001	19	1.19431	1.8333659280000001	1.6516593E-2	4.2711024E-2
AT4G30470		4	14894073	14896844	+	1585	113.37	1234	97.943299999999994	834	41.125799999999998	653	41.046500000000002	1.832722889	1.33E-17	2.4400000000000002E-16
AT4G12250	GAE5	4	7289192	7291120	-	550	39.339599999999997	634	50.320900000000002	336	16.5687	294	18.480399999999999	1.83222398	4.41E-12	5.4300000000000002E-11
AT4G33660		4	16167257	16168711	-	75	5.36449	80	6.34964	42	2.0710799999999998	40	2.5143399999999998	1.8311281070000001	1.7512300000000001E-4	7.8529100000000003E-4
AT5G57000		5	23063576	23065350	-	420	30.0411	357	28.3353	247	12.1799	168	10.5602	1.8291089250000001	3.4399999999999999E-11	3.9099999999999999E-10
AT2G17070		2	7430806	7431939	-	137	9.7991299999999999	90	7.1433499999999999	76	3.7476799999999999	45	2.82863	1.8279231410000001	2.2500000000000001E-5	1.20507E-4
AT3G60450		3	22340859	22342330	+	2411	172.45	4483	355.81799999999998	1904	93.889099999999999	1821	114.465	1.8274524249999999	1.87E-9	1.77E-8
AT4G25270	PCMP-E53	4	12936931	12938910	-	75	5.36449	54	4.2860100000000001	43	2.1204000000000001	26	1.63432	1.825543149	6.0253800000000001E-4	2.3898470000000001E-3
AT2G29490	GSTU1	2	12631341	12632538	-	2516	179.96100000000001	2990	237.31800000000001	1517	74.805599999999998	1420	89.258899999999997	1.8249938429999999	3.7300000000000003E-15	5.7699999999999996E-14
AT3G45040	EVN	3	16472538	16475830	-	1111	79.465999999999994	975	77.386300000000006	641	31.608699999999999	474	29.794899999999998	1.824146982	2.08E-16	3.57E-15
ATCG00750	RPS11	Pt	78960	79376	-	171	12.231	89	7.0639799999999999	81	3.9942299999999999	56	3.52007	1.823764436	1.8199999999999999E-5	9.87E-5
AT1G05170	B3GALT2	1	1490974	1494248	-	1258	89.980400000000003	981	77.862499999999997	632	31.164899999999999	550	34.572099999999999	1.823688639	2.7499999999999998E-16	4.6800000000000003E-15
AT4G05631		4	2990006	2992618	-	123	8.7977600000000002	97	7.6989400000000003	78	3.8462999999999998	41	2.5771899999999999	1.8229806289999999	2.8500000000000002E-5	1.4995899999999999E-4
AT3G03880		3	997724	999359	+	366	26.178699999999999	489	38.812199999999997	259	12.771699999999999	204	12.8231	1.821990902	1.13E-9	1.0999999999999999E-8
AT5G09390		5	2913482	2915979	+	932	66.662700000000001	1173	93.101699999999994	640	31.5594	499	31.366299999999999	1.8214598740000001	6.3300000000000003E-13	8.3099999999999999E-12
AT4G28600	NPGR2	4	14129180	14132869	+	1176	84.115200000000002	1235	98.022599999999997	746	36.7864	554	34.823500000000003	1.8207602700000001	1.25E-15	2.0100000000000001E-14
AT1G15330	PV42A	1	5274271	5275602	+	93	6.6519700000000004	118	9.3657299999999992	63	3.10663	51	3.2057799999999999	1.8197400379999999	3.4100000000000002E-5	1.76484E-4
AT1G19770	PUP14	1	6832325	6833837	+	1998	142.91	1540	122.23099999999999	1105	54.489199999999997	787	49.4696	1.81969151	1.4800000000000001E-17	2.7100000000000002E-16
AT3G49380	iqd15	3	18311760	18313621	-	49	3.5047999999999999	54	4.2860100000000001	22	1.0848500000000001	32	2.0114700000000001	1.818610555	2.535593E-3	8.5170599999999999E-3
AT4G32030		4	15490566	15493436	+	1646	117.733	1420	112.706	934	46.057000000000002	710	44.6295	1.816721552	4.9899999999999996E-18	9.3500000000000003E-17
AT1G54120		1	20206930	20207555	+	391	27.966899999999999	412	32.700699999999998	314	15.4838	133	8.3601700000000001	1.813940731	5.1300000000000003E-8	4.15E-7
AT2G39800	P5CSA	2	16598072	16603319	-	2995	214.22200000000001	2331	185.01300000000001	1738	85.703400000000002	1138	71.532799999999995	1.812768317	1.7599999999999999E-17	3.1900000000000001E-16
AT2G30230		2	12897054	12898172	+	259	18.525400000000001	251	19.922000000000001	149	7.3474199999999996	125	7.8573000000000004	1.8125070059999999	4.6699999999999998E-9	4.2799999999999999E-8
AT3G60690		3	22434864	22436053	+	403	28.825199999999999	1017	80.719899999999996	426	21.006699999999999	362	22.7547	1.8117216030000001	1.9300000000000002E-6	1.24E-5
AT4G11780		4	7085879	7088412	+	163	11.658799999999999	134	10.6357	87	4.2900999999999998	72	4.5258000000000003	1.810548434	1.08E-6	7.1999999999999997E-6
AT5G04410	NAC078	5	1243684	1246684	+	2944	210.57400000000001	2879	228.50800000000001	1756	86.590999999999994	1390	87.373199999999997	1.8094396939999999	4.4700000000000001E-19	8.9699999999999993E-18
AT2G25450	GSL-OH	2	10829854	10831655	-	9722	695.38099999999997	10065	798.86500000000001	5688	280.48399999999998	4970	312.40600000000001	1.8090411470000001	2.7199999999999998E-19	5.5499999999999997E-18
AT5G12880		5	4068426	4069094	-	546	39.0535	560	44.447499999999998	314	15.4838	281	17.6632	1.808753745	2.1999999999999999E-12	2.7699999999999999E-11
AT2G35420	ATL28	2	14899715	14900692	-	43	3.0756399999999999	63	5.0003399999999996	26	1.2821	31	1.94861	1.8077971749999999	2.470084E-3	8.3242390000000006E-3
AT2G46040		2	18935236	18938447	-	336	24.032900000000001	291	23.096800000000002	173	8.5308899999999994	162	10.1831	1.807192167	6.1600000000000004E-10	6.17E-9
AT4G11610		4	7013729	7018089	-	927	66.305099999999996	491	38.9709	414	20.414999999999999	336	21.1204	1.8067399820000001	1.6900000000000001E-10	1.7800000000000001E-9
AT3G07890		3	2516271	2519545	-	1494	106.861	1317	104.53100000000001	869	42.851700000000001	652	40.983699999999999	1.8057506459999999	2.0000000000000001E-17	3.61E-16
AT2G37980		2	15893800	15897805	-	664	47.493600000000001	531	42.145800000000001	339	16.7166	300	18.857500000000002	1.8055925939999999	3.1199999999999998E-13	4.1999999999999999E-12
AT1G09795	HISN1B	1	3173534	3176910	+	312	22.316299999999998	326	25.8748	158	7.79122	182	11.440200000000001	1.8053901059999999	8.3899999999999994E-9	7.4700000000000001E-8
AT5G47090		5	19127187	19129605	+	428	30.613299999999999	427	33.891199999999998	255	12.574400000000001	208	13.0745	1.804561549	1.8300000000000001E-11	2.1400000000000001E-10
AT3G58720		3	21716544	21717997	-	107	7.65334	75	5.9527900000000002	63	3.10663	36	2.2629000000000001	1.803854831	1.08541E-4	5.0820599999999998E-4
AT1G20100		1	6969025	6971036	-	2550	182.393	2763	219.30099999999999	1574	77.616299999999995	1313	82.533100000000005	1.802495373	4.8700000000000001E-17	8.6400000000000004E-16
AT5G65640	BHLH93	5	26236964	26239219	+	289	20.671199999999999	560	44.447499999999998	284	14.0045	192	12.0688	1.8017962540000001	5.44E-7	3.7900000000000001E-6
AT5G57390	AIL5	5	23252989	23256703	-	105	7.5102799999999998	125	9.9213199999999997	66	3.2545600000000001	59	3.7086399999999999	1.801593182	1.8899999999999999E-5	1.0226E-4
ATCG00800	RPS3	Pt	82826	83482	-	586	41.914499999999997	1021	81.037300000000002	513	25.296800000000001	381	23.949000000000002	1.8015743310000001	9.6600000000000001E-9	8.5300000000000003E-8
AT5G05590	PAI2	5	1666471	1668569	-	193	13.804600000000001	167	13.254899999999999	93	4.5859699999999997	99	6.2229799999999997	1.8013282479999999	4.0999999999999999E-7	2.9100000000000001E-6
AT1G11390		1	3834432	3837676	-	1169	83.614500000000007	925	73.4178	625	30.819700000000001	503	31.617799999999999	1.8012391299999999	5.1399999999999997E-16	8.5000000000000001E-15
AT3G52800	SAP6	3	19569256	19570710	+	5375	384.45499999999998	5266	417.96499999999997	3335	164.45400000000001	2469	155.197	1.8011821450000001	1.2299999999999999E-19	2.5700000000000002E-18
AT5G52580		5	21337861	21343051	+	1589	113.65600000000001	1699	134.851	1019	50.248399999999997	777	48.841000000000001	1.8011453289999999	3.9299999999999998E-16	6.5799999999999996E-15
AT3G17800		3	6091110	6093151	-	2067	147.845	1822	144.613	1215	59.913499999999999	898	56.446800000000003	1.801026134	2.2300000000000001E-18	4.31E-17
AT1G07360		1	2260317	2262923	-	1731	123.812	1315	104.372	867	42.753100000000003	765	48.0867	1.799748806	9.9999999999999998E-17	1.75E-15
AT1G17080		1	5840269	5841745	-	2366	169.232	2974	236.048	1714	84.519900000000007	1234	77.5672	1.7991242249999999	3.5999999999999998E-14	5.1800000000000001E-13
AT2G45680	TCP9	2	18820242	18821889	-	489	34.976500000000001	377	29.922699999999999	259	12.771699999999999	208	13.0745	1.798703988	1.38E-11	1.6200000000000001E-10
AT4G23020		4	12066173	12068624	-	28	2.0027400000000002	46	3.6510500000000001	29	1.4300299999999999	13	0.81715899999999997	1.7971648039999999	1.1133726E-2	3.0516457E-2
AT4G37400	CYP81F3	4	17583992	17586442	+	2028	145.05600000000001	1403	111.357	1209	59.617600000000003	672	42.2408	1.7970113919999999	4.39E-13	5.83E-12
AT1G63245	CLE14	1	23460198	23460884	-	269	19.240600000000001	201	15.9535	104	5.1284000000000001	143	8.9887499999999996	1.7965544550000001	4.8500000000000002E-7	3.4000000000000001E-6
AT1G19020		1	6568002	6568705	+	897	64.159300000000002	1191	94.530299999999997	486	23.965399999999999	635	39.915100000000002	1.795784381	1.56E-9	1.4899999999999999E-8
AT5G54240		5	22022978	22024658	-	166	11.8734	297	23.5731	155	7.6432900000000004	105	6.6001300000000001	1.7942672639999999	3.5999999999999998E-6	2.2099999999999998E-5
AT5G42940	RHG1A	5	17216329	17220672	-	1365	97.633700000000005	1509	119.77	809	39.893000000000001	754	47.395200000000003	1.7936948429999999	1.3699999999999999E-14	2.0399999999999999E-13
AT3G01820		3	293754	295724	-	1024	73.243099999999998	890	70.639799999999994	569	28.058299999999999	470	29.543399999999998	1.7930707930000001	1.02E-15	1.6499999999999999E-14
AT5G11650		5	3744698	3747198	+	1427	102.068	1422	112.86499999999999	772	38.0685	767	48.212400000000002	1.793037472	4.76E-15	7.2800000000000003E-14
AT4G19700	BOI	4	10713410	10714745	-	467	33.402900000000002	712	56.511800000000001	394	19.428699999999999	266	16.720300000000002	1.792706602	4.7900000000000002E-9	4.3800000000000002E-8
AT2G47270	UPB1	2	19411430	19412328	-	1602	114.58499999999999	1655	131.358	1081	53.305799999999998	720	45.258000000000003	1.792023634	1.8300000000000002E-15	2.9000000000000003E-14
AT2G31980	CYS2	2	13609093	13609955	-	30	2.1457999999999999	33	2.6192299999999999	22	1.0848500000000001	13	0.81715899999999997	1.791937186	1.3326153E-2	3.5559488E-2
AT5G08139		5	2616134	2617951	+	370	26.4648	473	37.542299999999997	258	12.7224	207	13.011699999999999	1.791767305	1.0500000000000001E-9	1.02E-8
AT3G63180	ATTKL	3	23336092	23340340	-	876	62.657200000000003	632	50.162199999999999	397	19.576699999999999	408	25.6462	1.791283041	1.7E-12	2.15E-11
AT5G19380	CLT1	5	6526807	6530713	-	443	31.686199999999999	359	28.494	236	11.637499999999999	199	12.508800000000001	1.789411342	3.3299999999999997E-11	3.7999999999999998E-10
AT1G43040		1	16184038	16184776	+	42	3.0041099999999998	22	1.7461500000000001	23	1.1341600000000001	12	0.754301	1.7880437300000001	1.6284323E-2	4.2211835000000003E-2
AT5G66620	DAR6	5	26588411	26592330	+	219	15.664300000000001	125	9.9213199999999997	106	5.2270200000000004	80	5.02867	1.7848391210000001	2.0600000000000002E-6	1.3200000000000001E-5
AT5G52510	SCL8	5	21307016	21309341	+	2576	184.25200000000001	2709	215.01499999999999	1769	87.232100000000003	1174	73.795699999999997	1.7834466899999999	4.5700000000000003E-16	7.5900000000000007E-15
AT1G33610		1	12188678	12190461	+	444	31.7578	217	17.223400000000002	187	9.2212499999999995	166	10.4345	1.783092691	1.17E-7	9.0100000000000003E-7
AT3G50240	KIN4B	3	18623254	18628914	-	430	30.756399999999999	284	22.5412	219	10.799200000000001	169	10.623100000000001	1.7828010620000001	9.28E-10	9.1000000000000004E-9
AT1G05660		1	1694070	1696191	-	1406	100.566	1404	111.43600000000001	874	43.098300000000002	679	42.680799999999998	1.779123732	3.0400000000000001E-16	5.1600000000000002E-15
AT5G57015	CKL12	5	23071028	23074843	+	1232	88.120699999999999	1020	80.957999999999998	689	33.9756	547	34.383499999999998	1.7776414760000001	3.52E-16	5.9299999999999997E-15
AT5G46910		5	19046339	19051379	+	2330	166.65700000000001	1485	117.86499999999999	1176	57.990299999999998	902	56.698300000000003	1.7775729709999999	8.1899999999999994E-15	1.2300000000000001E-13
AT5G62865		5	25233881	25234884	+	923	66.019000000000005	868	68.893600000000006	638	31.460699999999999	367	23.068999999999999	1.7762618779999999	1.42E-12	1.8100000000000001E-11
AT2G44200		2	18276152	18278627	+	986	70.525099999999995	787	62.464599999999997	578	28.502099999999999	403	25.331900000000001	1.7737377620000001	2.0299999999999999E-14	2.97E-13
AT2G44080	ARL	2	18236789	18238173	+	132	9.4414999999999996	287	22.779299999999999	104	5.1284000000000001	129	8.1087299999999995	1.7732370909999999	5.2500000000000002E-5	2.6206200000000003E-4
AT1G16840		1	5762694	5764184	-	1631	116.66	1466	116.357	946	46.648699999999998	764	48.023800000000001	1.7719854589999999	2.6E-17	4.6499999999999996E-16
AT3G04550	RAF1.2	3	1225919	1227436	+	40	2.8610600000000002	33	2.6192299999999999	21	1.0355399999999999	19	1.19431	1.77170286	8.236742E-3	2.3603985000000001E-2
AT1G17360		1	5946448	5951561	+	1585	113.37	952	75.5608	780	38.463000000000001	604	37.966500000000003	1.771695939	5.3800000000000003E-13	7.1E-12
AT1G06140	PCMP-E61	1	1864774	1866999	+	70	5.0068599999999996	62	4.9209699999999996	35	1.7259	37	2.3257599999999998	1.7713762369999999	6.5325799999999999E-4	2.569815E-3
AT2G32620	CSLB2	2	13840687	13844425	+	904	64.66	222	17.6203	355	17.505600000000001	247	15.526	1.7699380440000001	2.6800000000000001E-5	1.4152699999999999E-4
AT3G05320		3	1513062	1515568	-	423	30.255700000000001	349	27.700299999999999	276	13.61	157	9.8687699999999996	1.7696830750000001	1.2E-9	1.16E-8
AT2G27820	ADT3	2	11856571	11858288	+	1629	116.517	2029	161.04300000000001	1080	53.256399999999999	959	60.281199999999998	1.768141857	2.4400000000000002E-13	3.3000000000000001E-12
AT3G57880		3	21430922	21434648	-	1349	96.4893	975	77.386300000000006	707	34.863199999999999	570	35.829300000000003	1.7677402360000001	3.9899999999999998E-15	6.1399999999999996E-14
AT2G22560	NET2D	2	9585549	9589366	+	1249	89.336600000000004	985	78.180000000000007	684	33.729100000000003	548	34.446399999999997	1.7675275269999999	9.3399999999999999E-16	1.51E-14
AT4G39030	DTX47	4	18185437	18189224	+	1904	136.18600000000001	1203	95.482799999999997	1063	52.418100000000003	660	41.486499999999999	1.7674609859999999	7.4099999999999997E-13	9.6800000000000008E-12
AT1G18180		1	6255736	6257900	+	217	15.5213	207	16.4297	133	6.5584300000000004	103	6.4744099999999998	1.766109634	6.3699999999999995E-8	5.0800000000000005E-7
AT1G22510		1	7950818	7952832	-	275	19.669799999999999	210	16.6678	139	6.8543000000000003	127	7.9830199999999998	1.7650788959999999	2.4500000000000001E-8	2.05E-7
AT2G29065	SCL34	2	12484658	12487110	+	418	29.898099999999999	293	23.255600000000001	227	11.1937	166	10.4345	1.764990375	7.8199999999999999E-10	7.7699999999999994E-9
AT1G08490	NFS2	1	2685659	2688658	-	951	68.021699999999996	667	52.940199999999997	495	24.409199999999998	396	24.8919	1.7637565479999999	2.0299999999999999E-13	2.7799999999999999E-12
AT5G21482	CKX7	5	7226606	7230304	+	51	3.64785	22	1.7461500000000001	18	0.88760700000000003	21	1.32003	1.7621505319999999	1.3821117000000001E-2	3.6646558000000003E-2
AT1G59910	FH7	1	22053863	22057268	-	1786	127.746	935	74.211500000000001	780	38.463000000000001	697	43.8123	1.7607663259999999	4.6400000000000003E-11	5.2199999999999996E-10
AT3G47550		3	17523367	17525540	+	1040	74.387600000000006	1018	80.799199999999999	611	30.129300000000001	534	33.566400000000002	1.7594785289999999	8.7099999999999999E-15	1.31E-13
AT5G20050		5	6774102	6775935	+	1029	73.600800000000007	1105	87.704499999999996	701	34.567399999999999	503	31.617799999999999	1.7590884550000001	6.1199999999999994E-14	8.6700000000000004E-13
AT5G60630		5	24369650	24370404	-	103	7.3672300000000002	92	7.3020899999999997	74	3.6490499999999999	37	2.3257599999999998	1.758564029	1.14552E-4	5.33582E-4
AT5G62460		5	25074782	25077398	+	1124	80.395799999999994	1085	86.117099999999994	654	32.249699999999997	575	36.143599999999999	1.7583006670000001	4.1899999999999998E-15	6.4300000000000001E-14
AT1G03740		1	933426	937152	+	2582	184.68100000000001	1656	131.43799999999999	1224	60.357300000000002	1097	68.955699999999993	1.7578134729999999	1.66E-14	2.4500000000000002E-13
AT3G60520		3	22361431	22362579	-	278	19.884399999999999	231	18.334599999999998	156	7.6925999999999997	127	7.9830199999999998	1.757502159	9.5800000000000004E-9	8.4699999999999997E-8
AT5G49120		5	19908614	19909452	-	41	2.9325899999999998	79	6.27027	40	1.9724600000000001	29	1.8228899999999999	1.7562921300000001	2.582932E-3	8.6618460000000008E-3
AT5G58070	TIL	5	23500061	23501416	-	1902	136.04300000000001	2920	231.762	1539	75.8904	1210	76.058599999999998	1.7561711339999999	7.6599999999999999E-11	8.4299999999999998E-10
AT1G22360	UGT85A2	1	7894807	7897761	-	3872	276.95100000000002	5279	418.99700000000001	2925	144.23599999999999	2274	142.94	1.756080187	6.0500000000000005E-13	7.9400000000000005E-12
AT5G66730	IDD1	5	26641586	26644738	-	1701	121.667	1557	123.58	957	47.191099999999999	855	53.743899999999996	1.75468377	1.4000000000000001E-16	2.4199999999999999E-15
AT4G32810	CCD8	4	15828228	15831492	+	52	3.7193800000000001	41	3.2541899999999999	36	1.77521	17	1.0685899999999999	1.753412234	4.5835829999999996E-3	1.4218924000000001E-2
AT1G21830		1	7660947	7662725	-	235	16.808700000000002	407	32.303800000000003	196	9.6650600000000004	170	10.6859	1.75336246	7.9299999999999997E-7	5.4E-6
AT2G19570	CDA1	2	8470244	8471644	-	3281	234.678	2569	203.90299999999999	1891	93.248099999999994	1384	86.995999999999995	1.7524297069999999	4.9399999999999999E-18	9.2699999999999995E-17
AT4G36945		4	17419918	17422130	-	431	30.8279	301	23.890499999999999	240	11.8348	169	10.623100000000001	1.751899401	9.4899999999999993E-10	9.3000000000000006E-9
AT2G02860	SUC3	2	828279	832619	-	1271	90.910200000000003	937	74.370199999999997	685	33.778399999999998	546	34.320700000000002	1.748702529	7.1000000000000002E-15	1.07E-13
AT2G38870		2	16236257	16237280	-	1456	104.143	1952	154.93100000000001	625	30.819700000000001	1227	77.127200000000002	1.7483149360000001	5.3099999999999998E-7	3.7100000000000001E-6
AT3G49210		3	18238044	18241524	-	883	63.157899999999998	720	57.146799999999999	491	24.212	405	25.457599999999999	1.747714271	3.5800000000000003E-14	5.1500000000000003E-13
AT5G50450		5	20543225	20544857	-	214	15.306699999999999	293	23.255600000000001	160	7.8898400000000004	129	8.1087299999999995	1.747083151	2.4499999999999998E-7	1.79E-6
AT1G75230		1	28234086	28237290	+	716	51.213000000000001	375	29.763999999999999	323	15.9276	277	17.411799999999999	1.7459956210000001	3.6100000000000001E-9	3.3500000000000002E-8
AT3G02170	LNG2	3	396012	399960	-	1389	99.350300000000004	624	49.527200000000001	529	26.085799999999999	560	35.200699999999998	1.745124986	1.5300000000000001E-8	1.31E-7
AT3G51890		3	19249475	19251112	-	362	25.892600000000002	531	42.145800000000001	280	13.8072	232	14.5831	1.7406229099999999	1.8299999999999998E-8	1.5599999999999999E-7
AT2G39980		2	16687673	16690182	-	153	10.9436	190	15.080399999999999	148	7.2980999999999998	55	3.4572099999999999	1.740030406	4.2400000000000001E-5	2.1542800000000001E-4
AT1G73730	EIL3	1	27730031	27732683	-	548	39.1965	681	54.051299999999998	397	19.576699999999999	307	19.297499999999999	1.7388427609999999	1.19E-10	1.2799999999999999E-9
AT1G58470	RBP1	1	21726963	21728802	+	200	14.305300000000001	169	13.413600000000001	103	5.0790899999999999	103	6.4744099999999998	1.738438817	5.5400000000000001E-7	3.8600000000000003E-6
AT4G33110		4	15972323	15974797	-	677	48.423400000000001	503	39.923400000000001	379	18.6891	286	17.977499999999999	1.737701129	3.5800000000000001E-12	4.4400000000000003E-11
AT3G14550	GGPS3	3	4884563	4887487	-	523	37.4084	283	22.4619	254	12.5251	195	12.257400000000001	1.737521238	1.4899999999999999E-8	1.2800000000000001E-7
AT4G29950		4	14656954	14660573	+	4880	349.04899999999998	4449	353.12	2886	142.31299999999999	2388	150.10599999999999	1.736781288	3.1299999999999999E-19	6.3600000000000001E-18
AT3G06620		3	2062131	2067417	-	1063	76.032700000000006	1148	91.117400000000004	683	33.6798	575	36.143599999999999	1.7351136309999999	7.2600000000000001E-14	1.0200000000000001E-12
AT1G71130	ERF070	1	26822517	26823671	+	191	13.6616	298	23.6524	181	8.9253900000000002	106	6.6629899999999997	1.734279286	2.6699999999999998E-6	1.6799999999999998E-5
AT2G17880		2	7766765	7768040	-	150	10.728999999999999	124	9.8419500000000006	86	4.2407899999999996	69	4.3372299999999999	1.7333484050000001	5.0799999999999996E-6	3.04E-5
AT1G32530	MIP1	1	11759427	11762635	-	747	53.430300000000003	924	73.338399999999993	511	25.1982	444	27.909099999999999	1.7332857479999999	1.9999999999999999E-11	2.32E-10
AT2G30500	NET4B	2	12998105	13000825	-	3336	238.61199999999999	2423	192.315	1755	86.541700000000006	1479	92.967600000000004	1.73294759	6.1399999999999997E-17	1.08E-15
AT1G76170		1	28583850	28586418	-	223	15.9504	163	12.9374	106	5.2270200000000004	109	6.8515600000000001	1.7325766220000001	6.5099999999999999E-7	4.4800000000000003E-6
AT2G02000	GAD3	2	469370	472070	-	64	4.5777000000000001	41	3.2541899999999999	33	1.6272800000000001	26	1.63432	1.732371098	2.6292479999999998E-3	8.7898349999999993E-3
AT1G21000		1	7337605	7339452	+	2506	179.245	2695	213.904	1655	81.610600000000005	1321	83.035899999999998	1.7310164939999999	5.1399999999999997E-16	8.5000000000000001E-15
AT1G50740	FAX5	1	18807672	18809035	+	633	45.276299999999999	632	50.162199999999999	370	18.2453	346	21.748999999999999	1.7307640929999999	4.9999999999999997E-12	6.1299999999999998E-11
AT1G73860	KIN14P	1	27770870	27776883	-	572	40.913200000000003	416	33.0182	312	15.385199999999999	246	15.463200000000001	1.7303575330000001	3.1000000000000003E-11	3.5500000000000001E-10
AT1G72920		1	27437899	27439209	+	31	2.21732	29	2.3017500000000002	18	0.88760700000000003	16	1.00573	1.7302415149999999	1.7647427E-2	4.5181750999999999E-2
AT1G03970	GBF4	1	1018058	1019247	+	427	30.541799999999999	435	34.526200000000003	265	13.067600000000001	226	14.206	1.729464696	1.2899999999999999E-10	1.38E-9
AT5G56750	NDL1	5	22957629	22960916	+	1840	131.60900000000001	1608	127.628	1160	57.2014	815	51.229599999999998	1.728240604	2.5399999999999999E-16	4.3299999999999998E-15
AT4G30340	DGK7	4	14838172	14841147	-	321	22.96	415	32.938800000000001	200	9.8622999999999994	218	13.703099999999999	1.7277773249999999	4.7500000000000002E-8	3.8599999999999999E-7
AT1G29160	DOF1.5	1	10183390	10184512	-	476	34.046599999999998	508	40.3202	346	17.061800000000002	224	14.080299999999999	1.727563003	2.0700000000000001E-10	2.1499999999999998E-9
AT5G56550	OXS3	5	22895616	22896734	-	1220	87.262299999999996	1276	101.277	758	37.378100000000003	665	41.800800000000002	1.727400464	2.5000000000000001E-14	3.6400000000000001E-13
AT2G46610	RS31A	2	19136566	19138762	-	154	11.0151	141	11.1912	98	4.8325300000000002	71	4.4629500000000002	1.7268676620000001	3.1200000000000002E-6	1.9400000000000001E-5
AT5G48070	XTH20	5	19481897	19483527	+	49	3.5047999999999999	64	5.07972	35	1.7259	30	1.88575	1.7266492529999999	2.0333959999999998E-3	7.028701E-3
AT3G22560		3	7998625	7999552	-	49	3.5047999999999999	39	3.09545	34	1.67659	17	1.0685899999999999	1.726219776	5.9634960000000004E-3	1.7871504999999999E-2
AT4G04700	CPK27	4	2385038	2388105	-	580	41.485399999999998	313	24.843	260	12.821	237	14.897399999999999	1.7259610439999999	1.27E-8	1.1000000000000001E-7
AT1G77920	TGA7	1	29298243	29300945	+	847	60.582999999999998	1342	106.515	696	34.320799999999998	576	36.206400000000002	1.72583511	2.2499999999999999E-9	2.1200000000000001E-8
AT2G42430	LBD16	2	17663353	17665337	+	283	20.242000000000001	325	25.795400000000001	179	8.8267600000000002	168	10.5602	1.725797311	1.9399999999999998E-8	1.6500000000000001E-7
AT1G51260	LPAT3	1	19003219	19005664	-	335	23.961400000000001	128	10.1594	138	6.8049900000000001	118	7.4172900000000004	1.7248398680000001	1.6200000000000001E-5	8.8999999999999995E-5
AT5G47120	BI-1	5	19135952	19138025	+	5981	427.8	5568	441.935	3804	187.58099999999999	2829	177.82599999999999	1.723607868	7.3899999999999998E-19	1.47E-17
AT5G16560	KAN1	5	5406863	5411766	-	575	41.127699999999997	710	56.353099999999998	377	18.590399999999999	359	22.566199999999998	1.7230987499999999	2.4499999999999998E-10	2.5399999999999999E-9
AT5G40930	TOM20-4	5	16404457	16406079	+	631	45.133200000000002	921	73.100300000000004	493	24.310600000000001	408	25.6462	1.722847528	1.45E-9	1.39E-8
AT3G25620	ABCG21	3	9316074	9319660	-	26	1.8596900000000001	40	3.17482	25	1.2327900000000001	14	0.88001700000000005	1.7222919560000001	1.6915514999999999E-2	4.3573069999999998E-2
AT1G72510		1	27303323	27304927	+	5503	393.61	5674	450.34899999999999	4031	198.77500000000001	2486	156.26599999999999	1.7220801320000001	3.6199999999999997E-15	5.6100000000000002E-14
AT3G14440	NCED3	3	4831286	4834015	-	548	39.1965	581	46.1143	358	17.653500000000001	291	18.291799999999999	1.7218182559999999	1.6500000000000001E-11	1.9300000000000001E-10
AT5G19100		5	6408007	6409666	-	144	10.299799999999999	81	6.4290099999999999	66	3.2545600000000001	60	3.7715000000000001	1.7212386079999999	7.5199999999999998E-5	3.6228900000000001E-4
AT5G55840		5	22597993	22602760	+	138	9.8706600000000009	56	4.44475	59	2.9093800000000001	49	3.08006	1.7211968600000001	5.07498E-4	2.052154E-3
AT5G65683		5	26261136	26264170	+	2381	170.30500000000001	1397	110.881	1141	56.264400000000002	981	61.664099999999998	1.720091992	1.1499999999999999E-12	1.48E-11
AT4G25810	XTH23	4	13128394	13129927	+	522	37.336799999999997	482	38.256599999999999	355	17.505600000000001	227	14.2689	1.719933997	6.7000000000000001E-11	7.4100000000000003E-10
AT1G64561		1	23974041	23974789	-	62	4.4346399999999999	49	3.88916	39	1.9231499999999999	25	1.5714600000000001	1.7180907400000001	2.016005E-3	6.9760580000000003E-3
AT3G20670	HTA13	3	7229390	7230146	+	2025	144.84100000000001	2428	192.71199999999999	1456	71.797600000000003	1130	71.03	1.717609376	8.8999999999999999E-14	1.2499999999999999E-12
AT1G10700	PRS3	1	3554104	3556544	+	965	69.023099999999999	929	73.735200000000006	569	28.058299999999999	514	32.309199999999997	1.7166230819999999	8.3499999999999998E-14	1.1700000000000001E-12
AT3G48070		3	17750710	17752965	+	696	49.782499999999999	732	58.099200000000003	464	22.880500000000001	362	22.7547	1.7155455639999999	2.03E-12	2.5600000000000001E-11
AT5G07290	ML4	5	2293114	2298976	+	1192	85.259600000000006	1092	86.672600000000003	717	35.356400000000001	595	37.400700000000001	1.713832391	3.9599999999999997E-15	6.1000000000000005E-14
AT1G53430		1	19934987	19941185	+	1564	111.867	955	75.798900000000003	658	32.447000000000003	745	46.829500000000003	1.713008638	1.05E-10	1.13E-9
AT5G26260		5	9200271	9202461	+	34826	2490.98	27182	2157.4499999999998	23505	1159.07	12756	801.822	1.712983876	4.9499999999999997E-14	7.0700000000000002E-13
AT1G78895	RTNLB22	1	29658116	29660006	-	303	21.672499999999999	384	30.478300000000001	210	10.355399999999999	188	11.817399999999999	1.712490469	2.3499999999999999E-8	1.98E-7
AT2G26310	FAP2	2	11201303	11204170	+	170	12.1595	311	24.684200000000001	170	8.3829600000000006	116	7.2915700000000001	1.7124790539999999	8.9900000000000003E-6	5.1499999999999998E-5
AT1G03230		1	789820	791689	+	3447	246.55199999999999	3098	245.89	1875	92.459100000000007	1851	116.351	1.7119712419999999	3.3299999999999999E-16	5.61E-15
AT2G26660	SPX2	2	11338752	11340950	+	557	39.840299999999999	789	62.623399999999997	449	22.140899999999998	341	21.434699999999999	1.711970183	1.9500000000000001E-9	1.85E-8
AT2G26710	CYP734A1	2	11380463	11383821	+	751	53.7164	537	42.622	486	23.965399999999999	265	16.657499999999999	1.710357358	4.6800000000000004E-10	4.7200000000000002E-9
AT2G38760	ANN3	2	16200944	16202669	+	1529	109.364	1436	113.976	1327	65.436400000000006	460	28.914899999999999	1.709962368	9.4100000000000002E-8	7.3499999999999995E-7
AT5G43570		5	17506400	17507641	+	125	8.9408100000000008	260	20.636299999999999	103	5.0790899999999999	121	7.6058599999999998	1.7099012730000001	8.3399999999999994E-5	3.9869699999999999E-4
AT3G56090	FER3	3	20813904	20816035	-	2127	152.137	1911	151.67699999999999	1346	66.3733	994	62.481200000000001	1.709153417	8.4100000000000001E-17	1.47E-15
AT5G20030		5	6764727	6766702	-	54	3.8624299999999998	61	4.8415999999999997	38	1.87384	29	1.8228899999999999	1.7089153969999999	1.7775130000000001E-3	6.2503380000000002E-3
AT5G22355		5	7401707	7403972	+	657	46.992899999999999	356	28.2559	322	15.878299999999999	253	15.9032	1.7086616459999999	5.6699999999999997E-9	5.1300000000000003E-8
AT1G79580	SMB	1	29940803	29943713	-	404	28.896699999999999	329	26.1129	213	10.503399999999999	205	12.885999999999999	1.707923853	1.1700000000000001E-9	1.13E-8
AT1G76065		1	28544338	28545708	-	124	8.8692899999999995	237	18.8108	124	6.11463	91	5.72011	1.7063985559999999	4.0899999999999998E-5	2.0870099999999999E-4
AT5G07610		5	2406068	2407330	+	215	15.3782	158	12.5405	106	5.2270200000000004	106	6.6629899999999997	1.7056467150000001	1.06E-6	7.0999999999999998E-6
AT1G80380	GLYK	1	30217116	30220595	+	3534	252.77500000000001	5003	397.09100000000001	2804	138.27000000000001	2222	139.67099999999999	1.7051229999999999	1.0199999999999999E-11	1.2199999999999999E-10
AT4G15160		4	8646150	8647252	+	7919	566.41800000000001	4417	350.58	3685	181.71299999999999	3299	207.37	1.7023943109999999	1.32E-12	1.6900000000000001E-11
AT1G05010	ACO4	1	1431177	1433010	-	1806	129.17699999999999	1503	119.294	996	49.1143	905	56.886800000000001	1.701569221	1.0499999999999999E-15	1.6899999999999999E-14
AT1G13340		1	4569448	4571229	-	59	4.2200600000000001	48	3.80979	29	1.4300299999999999	32	2.0114700000000001	1.70080144	2.7301199999999999E-3	9.0760340000000002E-3
AT1G19400		1	6712022	6714483	-	1062	75.961200000000005	1461	115.96	902	44.478999999999999	601	37.777900000000002	1.69961282	1.96E-10	2.0500000000000002E-9
AT3G48990	AAE3	3	18158565	18161486	-	9463	676.85500000000002	12586	998.95799999999997	7794	384.334	5322	334.53199999999998	1.698981606	1.5500000000000001E-12	1.9799999999999999E-11
AT2G35658		2	14990325	14990935	-	88	6.2943300000000004	49	3.88916	35	1.7259	42	2.64005	1.6973993039999999	1.539143E-3	5.5107699999999999E-3
AT4G01680	MYB55	4	715970	717603	-	266	19.0261	284	22.5412	185	9.1226299999999991	138	8.6744599999999998	1.6970814519999999	2.85E-8	2.3799999999999999E-7
AT5G01830	PUB16	5	320349	323213	+	1981	141.69399999999999	1449	115.008	1141	56.264400000000002	848	53.303899999999999	1.6968566249999999	3.28E-15	5.0999999999999997E-14
AT4G14370		4	8279634	8283535	-	607	43.416600000000003	356	28.2559	222	10.9472	314	19.737500000000001	1.6967112419999999	2.5699999999999999E-7	1.8700000000000001E-6
AT3G60550	CYCU2-2	3	22379740	22380906	+	429	30.684899999999999	385	30.557700000000001	276	13.61	201	12.634499999999999	1.6933852300000001	2.5300000000000001E-10	2.6099999999999999E-9
AT1G69600	ZHD11	1	26182156	26183546	+	1903	136.11500000000001	2516	199.696	1482	73.079700000000003	1140	71.658600000000007	1.692461497	5.73E-12	7.0000000000000004E-11
AT3G05670		3	1653264	1657222	+	1396	99.850999999999999	1177	93.4191	853	42.0627	650	40.857999999999997	1.691783362	2.5E-15	3.9099999999999999E-14
AT5G63270		5	25365230	25366012	-	215	15.3782	290	23.017499999999998	219	10.799200000000001	90	5.6572500000000003	1.6914062409999999	1.0699999999999999E-5	6.0699999999999998E-5
AT2G28260	CNGC15	2	12049443	12052643	+	182	13.017799999999999	237	18.8108	137	6.7556799999999999	111	6.9772800000000004	1.689766654	1.2899999999999999E-6	8.5499999999999995E-6
AT1G29690	CAD1	1	10379020	10382153	-	1389	99.350300000000004	848	67.306200000000004	633	31.214200000000002	641	40.292200000000001	1.6897353719999999	4.5300000000000001E-11	5.1E-10
AT2G39770	CYT1	2	16588556	16591032	+	5833	417.214	5806	460.82499999999999	3913	192.95599999999999	2946	185.18100000000001	1.689105657	1.7800000000000001E-17	3.2300000000000002E-16
AT1G22190	RAP2-13	1	7835781	7837411	+	2152	153.92500000000001	2121	168.345	1455	71.7483	1066	67.007000000000005	1.6888408159999999	7.6500000000000001E-16	1.25E-14
AT2G16380	SFH7	2	7085698	7089248	+	182	13.017799999999999	102	8.0958000000000006	104	5.1284000000000001	62	3.8972199999999999	1.6876073490000001	3.5099999999999999E-5	1.81151E-4
AT5G56980		5	23056080	23057742	-	4935	352.983	3139	249.14400000000001	2667	131.51400000000001	2017	126.785	1.6875362	1.74E-14	2.5700000000000002E-13
AT5G05850	PIRL1	5	1762405	1764774	-	440	31.471699999999998	372	29.5258	271	13.3634	205	12.885999999999999	1.687166977	2.4599999999999998E-10	2.5500000000000001E-9
AT5G50200	NRT3.1	5	20436180	20437815	+	1209	86.4756	1581	125.485	675	33.285299999999999	934	58.709699999999998	1.6870565239999999	1.3399999999999999E-8	1.1600000000000001E-7
AT1G55300	TAF7	1	20627907	20629692	-	309	22.101700000000001	349	27.700299999999999	207	10.2075	180	11.314500000000001	1.687010227	1.2100000000000001E-8	1.05E-7
AT2G38000		2	15903125	15905391	-	456	32.616100000000003	521	41.3521	366	18.047999999999998	220	13.828799999999999	1.686356221	2.8999999999999999E-9	2.7E-8
AT5G28610		5	10610772	10611572	+	41	2.9325899999999998	49	3.88916	28	1.3807199999999999	25	1.5714600000000001	1.685878658	5.6811889999999997E-3	1.7132532999999998E-2
AT1G56090		1	20977541	20979448	-	278	19.884399999999999	287	22.779299999999999	184	9.0733200000000007	149	9.3658999999999999	1.6844938620000001	2E-8	1.6999999999999999E-7
AT5G18490		5	6134114	6136807	-	916	65.518299999999996	875	69.449200000000005	559	27.565100000000001	490	30.800599999999999	1.6838438099999999	2.2799999999999999E-13	3.1099999999999999E-12
AT1G01730		1	270797	272189	+	855	61.155200000000001	677	53.733899999999998	505	24.9023	392	24.640499999999999	1.6837478859999999	4.9600000000000001E-13	6.5600000000000003E-12
AT5G23130		5	7781172	7783620	+	242	17.3094	181	14.366099999999999	132	6.5091200000000002	114	7.1658600000000003	1.68344849	2.8500000000000002E-7	2.0600000000000002E-6
AT2G01275		2	142498	144524	-	318	22.7454	221	17.540900000000001	169	8.3336500000000004	144	9.0516100000000002	1.682737248	4.8400000000000003E-8	3.9299999999999999E-7
AT1G35140	EXL1	1	12851983	12853235	+	45	3.2186900000000001	26	2.0636299999999999	28	1.3807199999999999	14	0.88001700000000005	1.6820292670000001	1.6318116000000001E-2	4.2289729999999998E-2
AT5G11230		5	3580396	3582090	+	2319	165.87	2366	187.791	1627	80.229799999999997	1159	72.852900000000005	1.681513837	2.5800000000000001E-15	4.0200000000000002E-14
AT1G63750		1	23650840	23655453	+	169	12.087999999999999	40	3.17482	33	1.6272800000000001	79	4.9658100000000003	1.6805195559999999	7.1272940000000002E-3	2.0859401999999999E-2
AT5G27610	ALY1	5	9764135	9769992	+	195	13.947699999999999	288	22.858699999999999	159	7.8405300000000002	130	8.1715900000000001	1.6798266120000001	1.7400000000000001E-6	1.13E-5
AT3G53620	PPA4	3	19880504	19883743	+	1387	99.207300000000004	1564	124.136	984	48.522500000000001	771	48.463799999999999	1.679142119	2.2E-13	3.0000000000000001E-12
AT4G30390		4	14862009	14863185	-	294	21.0288	406	32.224400000000003	229	11.292299999999999	189	11.8802	1.6790113120000001	9.0999999999999994E-8	7.1099999999999995E-7
AT5G65870	PSK5	5	26351373	26352703	+	140	10.0137	141	11.1912	91	4.4873500000000002	75	4.7143800000000002	1.6785749889999999	8.4700000000000002E-6	4.88E-5
AT4G25520	SLK1	4	13032157	13036471	-	1166	83.399900000000002	869	68.972999999999999	648	31.953900000000001	541	34.006399999999999	1.6781496819999999	1.24E-13	1.7199999999999999E-12
AT2G32510	MAPKKK17	2	13798561	13800099	-	202	14.448399999999999	350	27.779699999999998	207	10.2075	130	8.1715900000000001	1.6780534060000001	5.6899999999999997E-6	3.3800000000000002E-5
AT3G44610		3	16188129	16192365	-	299	21.386399999999998	128	10.1594	122	6.0160099999999996	121	7.6058599999999998	1.6777055059999999	1.9700000000000001E-5	1.06709E-4
AT3G55730	MYB109	3	20681827	20684063	-	448	32.043900000000001	583	46.273000000000003	336	16.5687	279	17.537500000000001	1.6773443610000001	3.4400000000000001E-9	3.1900000000000001E-8
AT1G63020	NRPD1	1	23354685	23362589	-	141	10.0852	127	10.0801	87	4.2900999999999998	71	4.4629500000000002	1.676748041	1.08E-5	6.0900000000000003E-5
AT3G15060	RABA1G	3	5069104	5070540	+	241	17.2379	262	20.795100000000001	156	7.6925999999999997	141	8.8630300000000002	1.67670009	1.15E-7	8.8899999999999998E-7
AT5G65205		5	26050790	26052207	-	130	9.2984500000000008	93	7.3814599999999997	63	3.10663	66	4.1486499999999999	1.6762769019999999	7.1699999999999995E-5	3.47487E-4
AT2G35900		2	15069872	15071829	-	441	31.543199999999999	399	31.668900000000001	286	14.1031	212	13.326000000000001	1.6757636840000001	2.5200000000000001E-10	2.6000000000000001E-9
AT3G52470		3	19450506	19451982	+	4697	335.96	4250	337.32499999999999	3049	150.351	2263	142.249	1.6743179269999999	9.0799999999999994E-18	1.6799999999999999E-16
AT5G01330	PDC3	5	132264	134920	-	993	71.025800000000004	465	36.907299999999999	510	25.148900000000001	341	21.434699999999999	1.673306178	3.99E-8	3.27E-7
AT5G65350	HTR11	5	26119211	26119825	-	65	4.6492199999999997	80	6.34964	44	2.1697099999999998	42	2.64005	1.672584914	8.5333800000000003E-4	3.2725789999999999E-3
AT3G15810		3	5347762	5349321	-	1414	101.13800000000001	1329	105.483	923	45.514499999999998	708	44.503700000000002	1.6713874399999999	5.5599999999999996E-15	8.46E-14
AT5G51070	CLPD	5	20764096	20768764	+	2756	197.12700000000001	2926	232.238	1888	93.100099999999998	1500	94.287599999999998	1.671261989	2.1499999999999998E-15	3.3799999999999999E-14
AT1G10810		1	3599083	3600877	+	459	32.8307	289	22.938099999999999	239	11.785500000000001	198	12.446	1.6708680819999999	9.5599999999999992E-9	8.4499999999999996E-8
AT5G15820		5	5161724	5163195	+	122	8.7262299999999993	214	16.985299999999999	120	5.9173799999999996	85	5.3429599999999997	1.669867722	4.8099999999999997E-5	2.41888E-4
AT4G35860	RABB1B	4	16986840	16989047	-	1285	91.911600000000007	1803	143.10499999999999	1024	50.494999999999997	836	52.549599999999998	1.669052856	1.56E-10	1.6500000000000001E-9
AT2G28460		2	12166573	12168874	+	207	14.805999999999999	101	8.0164299999999997	99	4.8818400000000004	80	5.02867	1.66876326	3.68E-5	1.8909499999999999E-4
AT4G33170	PCMP-H53	4	15995701	15998796	-	102	7.2957000000000001	40	3.17482	45	2.21902	37	2.3257599999999998	1.668039023	2.521485E-3	8.4747099999999999E-3
AT2G23450	WAKL14	2	9988678	9992010	-	1611	115.229	1532	121.596	1014	50.001899999999999	853	53.618200000000002	1.666352668	3.4599999999999998E-15	5.3700000000000001E-14
AT5G12050		5	3889906	3891514	+	454	32.472999999999999	348	27.620999999999999	301	14.8428	180	11.314500000000001	1.6660136800000001	4.6800000000000004E-9	4.29E-8
AT1G21670		1	7610241	7612721	+	751	53.7164	534	42.383899999999997	369	18.196000000000002	379	23.8233	1.665757892	1.5899999999999999E-10	1.68E-9
AT5G60950	COBL5	5	24526847	24528151	-	2389	170.87700000000001	1835	145.64500000000001	1470	72.487899999999996	1044	65.624200000000002	1.665407504	2.11E-15	3.3300000000000001E-14
AT2G43290	CML5	2	17991052	17992047	-	1243	88.907499999999999	1128	89.53	772	38.0685	637	40.040799999999997	1.664793009	1.3899999999999999E-14	2.0600000000000001E-13
AT2G38500		2	16117395	16119187	-	264	18.882999999999999	237	18.8108	180	8.8760700000000003	121	7.6058599999999998	1.662708147	8.3099999999999996E-8	6.5400000000000001E-7
AT5G08535		5	2762029	2763453	+	284	20.313500000000001	452	35.875500000000002	257	12.6731	192	12.0688	1.662666615	5.4799999999999998E-7	3.8099999999999999E-6
AT5G01490	CAX4	5	195452	198651	+	917	65.589799999999997	692	54.924399999999999	482	23.7682	462	29.040600000000001	1.662486119	5.2099999999999998E-12	6.3800000000000002E-11
AT1G56630		1	21223406	21227112	-	1105	79.036799999999999	563	44.685600000000001	560	27.6145	418	26.274799999999999	1.6624212030000001	4.1199999999999998E-9	3.8000000000000003E-8
AT4G18380		4	10157807	10159748	+	1375	98.349000000000004	1235	98.022599999999997	899	44.331099999999999	664	41.738	1.661603771	9.9200000000000003E-15	1.49E-13
AT1G63580	CRRSP6	1	23577329	23578486	+	64	4.5777000000000001	60	4.7622299999999997	29	1.4300299999999999	43	2.7029100000000001	1.6613992660000001	2.5876990000000002E-3	8.6753200000000003E-3
AT4G31770	DBR1	4	15370061	15372942	-	359	25.678000000000001	443	35.161200000000001	236	11.637499999999999	242	15.2117	1.6602266800000001	3.1599999999999998E-8	2.6199999999999999E-7
AT1G32760		1	11858080	11859468	+	326	23.317599999999999	258	20.477599999999999	181	8.9253900000000002	164	10.3088	1.6600290440000001	1.92E-8	1.6299999999999999E-7
AT3G47980		3	17710160	17712946	+	343	24.5336	453	35.954900000000002	264	13.0182	217	13.6403	1.6600248289999999	3.0400000000000001E-8	2.53E-7
AT5G23850		5	8037798	8040941	+	227	16.236499999999999	196	15.5566	139	6.8543000000000003	113	7.1029999999999998	1.6598627880000001	2.7000000000000001E-7	1.9599999999999999E-6
AT5G11740	AGP15	5	3783930	3784963	+	7632	545.89	9738	772.91	6299	310.613	4305	270.60500000000002	1.6592856949999999	1.4399999999999999E-12	1.8300000000000001E-11
AT4G12720	AtNUDT7	4	7487225	7490127	+	1584	113.298	1448	114.929	939	46.3035	861	54.121099999999998	1.658461089	1.27E-14	1.9E-13
AT4G15260		4	8713689	8715380	+	415	29.683499999999999	437	34.684899999999999	261	12.8703	247	15.526	1.6576045479999999	1.8E-9	1.7199999999999999E-8
ATMG00660	ORF149	Mt	190104	190553	-	58	4.1485399999999997	91	7.2227199999999998	46	2.2683300000000002	44	2.7657699999999998	1.657388528	1.300648E-3	4.75173E-3
AT3G59750	LECRK58	3	22069830	22071837	-	118	8.4401299999999999	112	8.8895	95	4.68459	46	2.8914900000000001	1.657276612	1.16339E-4	5.41349E-4
AT2G20960	pEARLI4	2	9006610	9009794	+	3179	227.38300000000001	1558	123.65900000000001	1446	71.304500000000004	1310	82.344499999999996	1.655944036	8.3300000000000002E-10	8.2399999999999997E-9
AT1G13220	LINC2	1	4515464	4520306	+	864	61.798900000000003	679	53.892600000000002	465	22.9299	446	28.034800000000001	1.655486574	5.73E-12	7.0000000000000004E-11
ATCG00820	RPS19	Pt	84005	84283	-	66	4.7207499999999998	66	5.2384599999999999	48	2.3669500000000001	32	2.0114700000000001	1.6549770610000001	1.2218859999999999E-3	4.4945039999999999E-3
AT3G06483	PDK	3	1990349	1992864	-	326	23.317599999999999	488	38.732799999999997	284	14.0045	214	13.451700000000001	1.6549687609999999	1.72E-7	1.2899999999999999E-6
AT4G03490		4	1549176	1554159	-	186	13.303900000000001	118	9.3657299999999992	94	4.6352799999999998	85	5.3429599999999997	1.6546107370000001	1.2500000000000001E-5	6.9800000000000003E-5
AT4G30100		4	14713400	14720061	+	3488	249.48400000000001	1860	147.62899999999999	1735	85.555499999999995	1408	88.504599999999996	1.654320443	4.7499999999999998E-11	5.3300000000000002E-10
AT2G15560		2	6787866	6790215	-	758	54.217100000000002	594	47.146099999999997	443	21.844999999999999	363	22.817599999999999	1.6532402559999999	4.2899999999999997E-12	5.2800000000000001E-11
AT4G17750	HSFA1A	4	9869818	9871646	-	216	15.4497	152	12.064299999999999	121	5.9666899999999998	98	6.16012	1.65173478	1.7400000000000001E-6	1.13E-5
AT1G78420		1	29504532	29507680	+	1638	117.16	1993	158.18600000000001	1140	56.2151	1049	65.938400000000001	1.6509924309999999	5.4699999999999999E-12	6.6800000000000005E-11
AT4G05050	UBQ11	4	2588004	2589437	-	13054	933.70699999999999	14162	1124.05	9399	463.47899999999998	7125	447.86599999999999	1.65028368	6.7199999999999997E-16	1.1E-14
AT3G53180		3	19706820	19711460	+	4590	328.30700000000002	3420	271.447	2540	125.251	2221	139.608	1.649323272	4.0500000000000002E-16	6.7600000000000002E-15
AT3G52360		3	19412019	19413058	+	2523	180.46100000000001	2649	210.25299999999999	1907	94.037099999999995	1255	78.887299999999996	1.6493085119999999	6.7000000000000005E-14	9.4400000000000002E-13
AT1G61370		1	22641843	22645922	-	399	28.539100000000001	292	23.176200000000001	208	10.2568	201	12.634499999999999	1.648520886	1.1700000000000001E-8	1.03E-7
AT2G27830		2	11860218	11861525	+	963	68.88	1267	100.562	768	37.871200000000002	595	37.400700000000001	1.6485170330000001	1.5E-10	1.5900000000000001E-9
AT5G63990	SAL3	5	25613096	25615901	+	650	46.492199999999997	638	50.638399999999997	396	19.5274	375	23.571899999999999	1.648113325	3.4899999999999997E-11	3.9599999999999998E-10
AT2G46160	ATL67	2	18962743	18964689	+	143	10.228300000000001	74	5.8734200000000003	58	2.8600699999999999	68	4.2743700000000002	1.6473707870000001	3.25318E-4	1.377861E-3
AT5G24610		5	8428078	8429253	+	1616	115.587	1618	128.422	1056	52.073	894	56.195399999999999	1.6469983829999999	1.7500000000000001E-14	2.5800000000000001E-13
AT2G20900	DGK5	2	8989275	8993275	-	1219	87.190799999999996	1150	91.2761	790	38.956099999999999	639	40.166499999999999	1.6467854639999999	3.7100000000000001E-14	5.3400000000000005E-13
AT1G47380		1	17372371	17376091	-	1926	137.76	1402	111.27800000000001	1154	56.905500000000004	848	53.303899999999999	1.644534849	3.1399999999999997E-14	4.5399999999999998E-13
AT5G61810		5	24831574	24833984	-	429	30.684899999999999	366	29.049600000000002	305	15.04	181	11.3774	1.644379088	6.0099999999999997E-9	5.4200000000000002E-8
AT4G31320		4	15193709	15194665	-	834	59.653100000000002	1107	87.863200000000006	665	32.792200000000001	525	33.000700000000002	1.643020006	3.7100000000000001E-10	3.7799999999999998E-9
AT5G23820		5	8031165	8033149	+	3148	225.16499999999999	3699	293.59199999999998	2654	130.87299999999999	1590	99.944800000000001	1.6429734250000001	6.9799999999999997E-12	8.4500000000000005E-11
AT1G14480		1	4956231	4958076	+	113	8.0824999999999996	84	6.6671300000000002	70	3.45181	49	3.08006	1.6426358089999999	1.5423100000000001E-4	6.9713900000000005E-4
AT2G44670		2	18425111	18426121	+	2250	160.935	2662	211.28399999999999	1734	85.506200000000007	1279	80.395899999999997	1.6419927240000001	6.0500000000000005E-13	7.9400000000000005E-12
AT1G79720		1	29997127	29999045	-	605	43.273499999999999	476	37.7804	359	17.7028	291	18.291799999999999	1.641909981	4.7099999999999998E-11	5.3000000000000003E-10
AT2G27490	COAE	2	11748015	11750488	-	439	31.400099999999998	635	50.400300000000001	352	17.357700000000001	306	19.2347	1.6407299559999999	3.5999999999999998E-8	2.9799999999999999E-7
AT3G55030	PGPS2	3	20396597	20398653	+	571	40.8416	530	42.066400000000002	371	18.294599999999999	296	18.606100000000001	1.640658196	3.4600000000000002E-11	3.9399999999999998E-10
AT3G21700	SGP2	3	7644265	7646640	+	551	39.411099999999998	711	56.432499999999997	441	21.746400000000001	335	21.057600000000001	1.6399085849999999	1.9500000000000001E-9	1.85E-8
AT4G16500	CYS4	4	9300721	9302434	-	1470	105.14400000000001	1607	127.548	1077	53.108499999999999	806	50.663899999999998	1.6398278690000001	3.0600000000000001E-13	4.1200000000000002E-12
AT4G34100	SUD1	4	16330366	16335247	+	5185	370.86500000000001	3522	279.54300000000001	2870	141.524	2348	147.59100000000001	1.6378542279999999	5.8899999999999999E-15	8.9600000000000004E-14
AT3G26690	NUDT13	3	9804253	9805781	-	2052	146.77199999999999	2802	222.39599999999999	1718	84.717200000000005	1282	80.584500000000006	1.6377487850000001	6E-11	6.6699999999999997E-10
AT5G40210		5	16073534	16076221	-	145	10.3713	75	5.9527900000000002	84	4.1421700000000001	49	3.08006	1.636806107	2.91136E-4	1.2445170000000001E-3
AT2G22430	ATHB-6	2	9525988	9527845	-	2412	172.52199999999999	2981	236.60400000000001	1870	92.212500000000006	1447	90.956100000000006	1.636667777	1.8800000000000001E-12	2.37E-11
AT5G13160	PBS1	5	4176506	4180009	+	938	67.091899999999995	989	78.497500000000002	602	29.685500000000001	565	35.515000000000001	1.6355265569999999	6.5500000000000002E-12	7.9400000000000005E-11
AT5G61550		5	24748023	24751871	+	379	27.108499999999999	395	31.351400000000002	307	15.1386	174	10.9374	1.634245137	3.0799999999999998E-8	2.5600000000000002E-7
AT5G13180	NAC083	5	4196256	4197940	+	2409	172.30699999999999	3708	294.30599999999998	2188	107.89400000000001	1621	101.893	1.6338004580000001	1.15E-9	1.1199999999999999E-8
AT1G30070		1	10546511	10548236	-	642	45.92	508	40.3202	359	17.7028	332	20.869	1.633484648	7.0300000000000005E-11	7.7600000000000001E-10
AT5G08400		5	2706458	2708946	-	41	2.9325899999999998	44	3.4923000000000002	29	1.4300299999999999	23	1.44574	1.6334680269999999	8.1505469999999993E-3	2.3389606E-2
AT4G11220	RTNLB2	4	6837911	6840036	-	3221	230.387	3644	289.226	2386	117.657	1835	115.345	1.632978416	5.2300000000000002E-14	7.4499999999999996E-13
AT4G18700	CIPK12	4	10288798	10291058	-	2161	154.56899999999999	2402	190.648	1527	75.298699999999997	1267	79.641599999999997	1.6319365800000001	1.04E-13	1.4500000000000001E-12
AT1G02700		1	588003	589480	+	30	2.1457999999999999	40	3.17482	23	1.1341600000000001	20	1.2571699999999999	1.6316617309999999	1.669464E-2	4.3107312000000002E-2
AT4G25400		4	12981016	12982584	+	758	54.217100000000002	711	56.432499999999997	561	27.663799999999998	347	21.811900000000001	1.63112803	5.09E-11	5.7099999999999999E-10
AT5G03510		5	880148	881347	+	540	38.624299999999998	469	37.224800000000002	384	18.935600000000001	238	14.9603	1.6304228789999999	6.6899999999999996E-10	6.6899999999999999E-9
AT1G56140		1	21001269	21007855	-	2754	196.98400000000001	1922	152.55000000000001	1450	71.5017	1351	84.921700000000001	1.6297962079999999	1.0799999999999999E-13	1.51E-12
AT1G75390	BZIP44	1	28291698	28293008	+	683	48.852600000000002	549	43.574399999999997	388	19.132899999999999	355	22.314699999999998	1.6297221879999999	3.3500000000000001E-11	3.8200000000000003E-10
AT5G20010	RAN1	5	6760094	6762330	+	4667	333.81400000000002	5824	462.25400000000002	3579	176.48599999999999	2894	181.91200000000001	1.629250699	9.3200000000000007E-13	1.2100000000000001E-11
AT1G72470	ATEXO70D1	1	27283628	27285973	+	841	60.153799999999997	799	63.417099999999998	565	27.861000000000001	439	27.594799999999999	1.6287800889999999	1.5000000000000001E-12	1.9100000000000001E-11
AT5G67300	MYB44	5	26854022	26856006	+	2857	204.351	2125	168.66200000000001	1775	87.527900000000002	1263	79.390100000000004	1.628581611	7.6800000000000002E-15	1.1600000000000001E-13
AT3G12620	PP2C38	3	4009270	4011675	-	758	54.217100000000002	1010	80.164299999999997	620	30.5731	477	29.983499999999999	1.62785581	8.9100000000000003E-10	8.7799999999999999E-9
AT1G29290	CEP14	1	10244453	10245874	+	105	7.5102799999999998	108	8.5720200000000002	51	2.5148899999999998	76	4.7772399999999999	1.6260151970000001	3.55254E-4	1.4898520000000001E-3
AT1G09575		1	3101149	3103677	-	199	14.2338	196	15.5566	127	6.2625599999999997	114	7.1658600000000003	1.6250569969999999	1.1200000000000001E-6	7.52E-6
AT1G71380	CEL3	1	26899765	26901976	-	105	7.5102799999999998	144	11.429399999999999	100	4.9311499999999997	57	3.5829300000000002	1.6246745309999999	1.3664300000000001E-4	6.2476399999999998E-4
AT3G53930		3	19966149	19970880	+	694	49.639400000000002	818	64.9251	550	27.121300000000002	390	24.514800000000001	1.6246614640000001	2.2100000000000001E-10	2.2999999999999999E-9
AT5G66850	MAPKKK5	5	26695568	26699426	-	1570	112.297	1098	87.148899999999998	838	41.323099999999997	768	48.275199999999998	1.6245024100000001	1.1200000000000001E-12	1.44E-11
AT1G19650	SFH4	1	6796137	6799764	-	149	10.657500000000001	146	11.588100000000001	123	6.0653199999999998	62	3.8972199999999999	1.6240937209999999	3.4400000000000003E-5	1.7779300000000001E-4
AT4G40060	ATHB-16	4	18571239	18573084	-	4364	312.142	4753	377.24799999999999	3784	186.595	1970	123.831	1.62372194	6E-11	6.6799999999999997E-10
AT1G03990	FAO1	1	1024740	1027616	+	163	11.658799999999999	110	8.7307600000000001	100	4.9311499999999997	67	4.2115099999999996	1.6228817980000001	3.0599999999999998E-5	1.59944E-4
AT4G32551	LUG	4	15707425	15713662	+	2185	156.285	1529	121.358	1165	57.447899999999997	1073	67.447000000000003	1.62240636	2.5800000000000001E-13	3.4899999999999999E-12
AT3G51680	SDR2A	3	19173484	19174739	-	100	7.1526500000000004	68	5.3971999999999998	62	3.0573100000000002	41	2.5771899999999999	1.620758344	5.3375099999999995E-4	2.1475489999999999E-3
AT5G08660		5	2813870	2818139	+	797	57.006599999999999	822	65.242599999999996	569	28.058299999999999	432	27.154800000000002	1.620506789	7.6500000000000007E-12	9.2500000000000004E-11
AT5G40780	LHT1	5	16323567	16327382	+	4347	310.92599999999999	3366	267.161	2116	104.343	2496	156.89500000000001	1.618849757	5.98E-12	7.2799999999999997E-11
AT1G54840	IDM2	1	20452593	20454266	-	38	2.71801	41	3.2541899999999999	22	1.0848500000000001	26	1.63432	1.617685142	1.2365266E-2	3.3349911000000003E-2
AT1G08630	THA1	1	2743761	2747967	-	48	3.4332699999999998	30	2.3811200000000001	30	1.4793499999999999	18	1.1314500000000001	1.6175573240000001	1.3604712999999999E-2	3.6195937999999997E-2
AT1G63670		1	23607357	23610779	-	258	18.453800000000001	262	20.795100000000001	166	8.1857100000000003	153	9.6173300000000008	1.6167639680000001	1.6E-7	1.2100000000000001E-6
AT1G63930	ROH1	1	23727794	23729403	+	186	13.303900000000001	182	14.445399999999999	154	7.5939699999999997	78	4.9029499999999997	1.6165953200000001	9.9000000000000001E-6	5.63E-5
AT4G00240	PLDBETA2	4	106250	111005	-	315	22.530899999999999	297	23.5731	220	10.8485	159	9.9944799999999994	1.6165795039999999	2.3199999999999999E-8	1.9500000000000001E-7
AT3G13420		3	4364480	4366969	+	129	9.2269199999999998	112	8.8895	99	4.8818400000000004	52	3.26864	1.6163313459999999	9.4300000000000002E-5	4.4618300000000001E-4
AT1G68840	RAV2	1	25880155	25882222	+	2152	153.92500000000001	2153	170.88499999999999	1399	68.986800000000002	1246	78.321600000000004	1.615876275	2.2899999999999999E-14	3.3299999999999999E-13
AT4G30280	XTH18	4	14825757	14827211	-	3493	249.84200000000001	2680	212.71299999999999	2269	111.88800000000001	1543	96.990499999999997	1.615606831	7.9099999999999996E-15	1.19E-13
AT5G04700		5	1353893	1356804	-	42	3.0041099999999998	37	2.9367100000000002	35	1.7259	15	0.94287600000000005	1.6134826289999999	1.4450854000000001E-2	3.8030688E-2
AT3G26740	CCL	3	9827682	9828917	+	112	8.0109700000000004	87	6.90524	55	2.7121300000000002	65	4.0857999999999999	1.612109308	2.7472199999999998E-4	1.1819549999999999E-3
AT3G47730	ABCA2	3	17594060	17599083	-	4845	346.54599999999999	5102	404.94900000000001	2766	136.39599999999999	3284	206.42699999999999	1.6101626010000001	2.1399999999999998E-11	2.4800000000000002E-10
AT2G46590	DOF2.5	2	19132925	19135383	+	381	27.2516	332	26.350999999999999	251	12.3772	191	12.006	1.6075890850000001	4.6800000000000004E-9	4.29E-8
AT2G22910	NAGS1	2	9749857	9753103	+	577	41.270800000000001	505	40.082099999999997	370	18.2453	299	18.794699999999999	1.607299982	7.6400000000000002E-11	8.4099999999999999E-10
AT5G42050		5	16815310	16817346	+	5368	383.95400000000001	4646	368.75599999999997	3107	153.21100000000001	3021	189.89500000000001	1.6067794019999999	3.0400000000000001E-15	4.7299999999999998E-14
AT2G40090	ATATH9	2	16737466	16740486	-	374	26.750900000000001	370	29.367100000000001	248	12.2293	213	13.3888	1.6060045439999999	5.5400000000000003E-9	5.02E-8
AT4G13250	NYC1	4	7684156	7687006	-	179	12.8032	273	21.668199999999999	146	7.1994800000000003	137	8.6115999999999993	1.605947469	9.5899999999999997E-6	5.4599999999999999E-5
AT5G52750	HIPP13	5	21383979	21385015	+	93	6.6519700000000004	90	7.1433499999999999	59	2.9093800000000001	54	3.3943500000000002	1.6057491770000001	2.8969400000000001E-4	1.2392880000000001E-3
AT5G01260		5	105268	107454	+	212	15.163600000000001	257	20.398199999999999	148	7.2980999999999998	143	8.9887499999999996	1.6057406169999999	1.4899999999999999E-6	9.7499999999999998E-6
AT5G47740		5	19338511	19339775	+	349	24.962800000000001	384	30.478300000000001	278	13.708600000000001	184	11.565899999999999	1.605482901	2.8299999999999999E-8	2.36E-7
AT3G04630	WDL1	3	1258519	1260871	+	354	25.320399999999999	480	38.097900000000003	296	14.5962	230	14.4574	1.6037926840000001	8.79E-8	6.8899999999999999E-7
AT3G60110		3	22197529	22201451	+	366	26.178699999999999	367	29.129000000000001	249	12.278600000000001	207	13.011699999999999	1.603261847	6.7500000000000001E-9	6.06E-8
AT4G00750		4	314239	317675	+	118	8.4401299999999999	129	10.238799999999999	72	3.55043	80	5.02867	1.603189593	8.7600000000000002E-5	4.1747600000000001E-4
AT3G21180	ACA9	3	7425476	7432365	+	1272	90.981700000000004	826	65.560100000000006	765	37.723300000000002	533	33.503500000000003	1.6022297050000001	3.9899999999999999E-11	4.5199999999999999E-10
AT5G21940		5	7249014	7250770	-	5889	421.22	6996	555.27599999999995	4392	216.57599999999999	3682	231.44499999999999	1.601449023	3.2499999999999998E-13	4.36E-12
AT5G22450		5	7436905	7443463	-	1939	138.69	1371	108.81699999999999	1142	56.313800000000001	900	56.572499999999998	1.6012566159999999	1.8700000000000001E-13	2.5700000000000002E-12
ATCG00810	RPL22	Pt	83467	83949	-	166	11.8734	169	13.413600000000001	109	5.3749599999999997	99	6.2229799999999997	1.600628344	6.1700000000000002E-6	3.65E-5
AT4G10380	NIP5-1	4	6431161	6435396	-	1822	130.321	2060	163.50299999999999	1488	73.375500000000002	974	61.2241	1.6006251949999999	5.78E-12	7.0500000000000002E-11
AT5G43660		5	17535970	17538595	-	62	4.4346399999999999	45	3.5716700000000001	36	1.77521	30	1.88575	1.600008584	4.1250310000000004E-3	1.300896E-2
AT5G58790		5	23744730	23745981	+	185	13.2324	230	18.255199999999999	143	7.0515499999999998	118	7.4172900000000004	1.598603298	3.1599999999999998E-6	1.9599999999999999E-5
AT1G78270	UGT85A4	1	29450563	29452417	-	468	33.474400000000003	364	28.890899999999998	315	15.533099999999999	206	12.9488	1.5982146740000001	4.6999999999999999E-9	4.3100000000000002E-8
AT1G69270	RPK1	1	26040689	26042741	-	591	42.272199999999998	425	33.732500000000002	379	18.6891	255	16.0289	1.5974194260000001	1.38E-9	1.33E-8
AT2G16710		2	7248138	7250308	+	426	30.470300000000002	585	46.431800000000003	346	17.061800000000002	293	18.4175	1.5950915290000001	4.5900000000000001E-8	3.7399999999999999E-7
AT4G38400	EXLA2	4	17978422	17979740	-	344	24.6051	372	29.5258	329	16.223500000000001	136	8.5487400000000004	1.594796061	3.23E-6	2.0000000000000002E-5
AT5G44260		5	17829618	17831336	-	164	11.7303	116	9.2069799999999997	92	4.5366600000000004	81	5.0915299999999997	1.5922830349999999	2.6999999999999999E-5	1.42602E-4
AT3G22160	VQ22	3	7817779	7818985	-	377	26.965499999999999	333	26.430399999999999	230	11.3416	211	13.2631	1.5921094259999999	9.8400000000000008E-9	8.6700000000000002E-8
AT3G57520	RFS2	3	21288742	21293171	-	4981	356.274	6032	478.76299999999998	3719	183.39	3223	202.59299999999999	1.591239678	1.4000000000000001E-12	1.7799999999999999E-11
AT4G16760	ACX1	4	9424534	9428895	-	5380	384.81299999999999	6511	516.78200000000004	3693	182.107	3742	235.21600000000001	1.5903206059999999	1.25E-11	1.4800000000000001E-10
AT4G36780	BEH2	4	17332269	17334355	-	1907	136.40100000000001	1865	148.02600000000001	1341	66.1267	1035	65.058400000000006	1.5898975580000001	2.8000000000000001E-14	4.0599999999999999E-13
AT3G13520	AGP12	3	4408925	4409734	+	6396	457.48399999999998	9096	721.95500000000004	5926	292.22000000000003	4044	254.19900000000001	1.588954	3.0700000000000003E-10	3.1500000000000001E-9
AT5G18310		5	6061298	6063372	+	1942	138.904	1986	157.63	1310	64.598100000000002	1153	72.475700000000003	1.588602246	1.2599999999999999E-13	1.7400000000000001E-12
AT3G45430	LECRK15	3	16660575	16664146	-	327	23.389199999999999	144	11.429399999999999	157	7.7419099999999998	131	8.2344500000000007	1.58783652	2.1399999999999998E-5	1.1550899999999999E-4
AT3G56760	CRK7	3	21020501	21024131	-	1038	74.244500000000002	1158	91.911100000000005	800	39.449199999999998	595	37.400700000000001	1.5873281530000001	1.5100000000000001E-11	1.7800000000000001E-10
AT5G06860	PGIP1	5	2132350	2133587	+	5749	411.20600000000002	4761	377.88299999999998	2775	136.839	3632	228.30199999999999	1.5862522489999999	1.7700000000000001E-10	1.86E-9
AT4G01090		4	470506	473879	-	1103	78.893699999999995	459	36.431100000000001	500	24.655799999999999	450	28.286300000000001	1.585509045	6.8299999999999996E-7	4.69E-6
AT5G62500	EB1B	5	25092641	25095310	+	668	47.779699999999998	792	62.861499999999999	483	23.817499999999999	438	27.532	1.585341594	8.2700000000000004E-10	8.1899999999999992E-9
AT2G40711		2	16981498	16982681	-	47	3.3617499999999998	39	3.09545	36	1.77521	19	1.19431	1.5831935079999999	1.0883243000000001E-2	2.9938855E-2
AT5G02290	PBL11	5	470182	472907	-	842	60.225299999999997	594	47.146099999999997	505	24.9023	393	24.703299999999999	1.5827154969999999	7.0899999999999996E-11	7.8199999999999999E-10
AT1G23150		1	8206549	8207618	+	281	20.0989	330	26.192299999999999	235	11.588200000000001	157	9.8687699999999996	1.5823471849999999	2.6300000000000001E-7	1.9099999999999999E-6
AT1G74860		1	28123301	28126076	+	193	13.804600000000001	292	23.176200000000001	166	8.1857100000000003	144	9.0516100000000002	1.581464252	7.4699999999999996E-6	4.3399999999999998E-5
AT3G20940	CYP705A30	3	7339640	7341703	+	1592	113.87	1491	118.34099999999999	1210	59.666899999999998	762	47.898099999999999	1.581059046	1.9699999999999999E-12	2.4800000000000001E-11
AT4G23010	UTR2	4	12060131	12062858	-	2148	153.63900000000001	2017	160.09	1399	68.986800000000002	1220	76.687200000000004	1.580724993	1.9800000000000001E-14	2.9100000000000002E-13
AT4G13210		4	7669948	7673376	+	85	6.0797499999999998	48	3.80979	36	1.77521	45	2.82863	1.579244079	3.3446470000000001E-3	1.0830559999999999E-2
AT5G04540	MTM2	5	1296356	1302477	-	1100	78.679199999999994	1081	85.799599999999998	716	35.307000000000002	656	41.235100000000003	1.5788179	3.3300000000000001E-12	4.1400000000000001E-11
AT3G13080	ABCC3	3	4195770	4201734	-	1520	108.72	2107	167.23400000000001	1100	54.242699999999999	1192	74.927199999999999	1.576900604	5.86E-9	5.2999999999999998E-8
AT1G03080	NET1D	1	731554	738306	-	4901	350.55099999999999	3929	311.84699999999998	3005	148.18100000000001	2539	159.59700000000001	1.5768859289999999	6.43E-16	1.06E-14
AT3G19150	KRP6	3	6616330	6617951	-	172	12.3026	291	23.096800000000002	191	9.4184999999999999	113	7.1029999999999998	1.5758717950000001	3.5899999999999998E-5	1.8502500000000001E-4
AT5G54145		5	21972444	21973441	+	363	25.964099999999998	743	58.972299999999997	447	22.042200000000001	283	17.788900000000002	1.574518971	1.04E-5	5.8699999999999997E-5
AT1G29730		1	10400564	10405913	-	177	12.6602	78	6.1909000000000001	77	3.7969900000000001	79	4.9658100000000003	1.5733891259999999	4.0274499999999998E-4	1.6657810000000001E-3
AT1G60940	SRK2B	1	22439063	22442221	-	1862	133.18199999999999	2964	235.25399999999999	1795	88.514200000000002	1341	84.293099999999995	1.5732473069999999	1.24E-8	1.08E-7
AT2G20370	MUR3	2	8791939	8794401	+	1780	127.31699999999999	1122	89.053799999999995	1012	49.903300000000002	806	50.663899999999998	1.5723718280000001	1.9799999999999999E-11	2.3000000000000001E-10
AT5G53460	GLT1	5	21700187	21710296	+	36251	2592.91	26421	2097.0500000000002	20869	1029.08	18381	1155.4000000000001	1.5719193899999999	1.58E-15	2.5099999999999998E-14
AT5G17640		5	5810935	5813316	-	1583	113.226	1483	117.70699999999999	999	49.2622	934	58.709699999999998	1.5714439739999999	4.4399999999999998E-13	5.8900000000000001E-12
AT3G61850	DAG1	3	22895268	22897732	+	899	64.302300000000002	874	69.369900000000001	680	33.531799999999997	459	28.852	1.571074683	2.15E-11	2.4800000000000002E-10
AT1G29400	ML5	1	10289998	10294630	-	4045	289.32499999999999	3480	276.20999999999998	2474	121.997	2262	142.18600000000001	1.5709311189999999	3.7700000000000001E-15	5.8300000000000001E-14
AT2G38410	TOL6	2	16086514	16090274	-	1618	115.73	1151	91.355500000000006	1000	49.311500000000002	750	47.143799999999999	1.5705820930000001	1.4000000000000001E-12	1.7799999999999999E-11
AT1G77220		1	29012674	29015846	+	756	54.073999999999998	716	56.829300000000003	489	24.113299999999999	442	27.7834	1.5702701189999999	3.75E-11	4.2499999999999998E-10
AT3G06778		3	2140026	2141547	-	101	7.2241799999999996	151	11.984999999999999	80	3.9449200000000002	81	5.0915299999999997	1.5702591809999999	2.2703299999999999E-4	9.9361799999999993E-4
AT5G01540	LECRK62	5	210979	213472	-	133	9.5130300000000005	95	7.5401999999999996	64	3.1559400000000002	77	4.8400999999999996	1.5700659749999999	2.2036000000000001E-4	9.6684400000000002E-4
AT1G61690		1	22782427	22786942	-	1266	90.552599999999998	1292	102.547	886	43.69	743	46.703800000000001	1.5698982109999999	1.27E-12	1.62E-11
AT4G33940		4	16266003	16267884	+	699	49.997	773	61.353400000000001	526	25.937899999999999	417	26.2119	1.5696432739999999	1.8400000000000001E-10	1.9300000000000002E-9
AT1G64390	AtGH9C2	1	23911024	23915236	+	1619	115.801	1180	93.657300000000006	990	48.818399999999997	778	48.903799999999997	1.56903375	6.4399999999999998E-13	8.4500000000000005E-12
AT1G42990	BZIP60	1	16135723	16137463	-	1254	89.694199999999995	1443	114.532	984	48.522500000000001	751	47.206600000000002	1.568902596	1.7500000000000001E-11	2.0499999999999999E-10
AT2G32970		2	13991317	13995905	-	819	58.580199999999998	514	40.796500000000002	479	23.620200000000001	361	22.6919	1.5681622479999999	1.4700000000000001E-9	1.4100000000000001E-8
AT2G02220	PSKR1	2	583797	587401	-	1988	142.19499999999999	1446	114.77	1151	56.757599999999996	1007	63.298400000000001	1.5679344200000001	4.04E-13	5.3900000000000003E-12
AT1G63500		1	23555399	23558917	+	2410	172.37899999999999	2197	174.37700000000001	1699	83.780299999999997	1252	78.698700000000002	1.565640817	1.27E-14	1.89E-13
AT1G15180	DTX13	1	5224294	5226778	+	239	17.094799999999999	77	6.1115300000000001	114	5.6215099999999998	82	5.1543900000000002	1.5650233710000001	6.6860400000000005E-4	2.6257870000000001E-3
AT4G24230	ACBP3	4	12566631	12568866	-	1566	112.011	2413	191.52099999999999	1422	70.120999999999995	1167	73.355699999999999	1.562170579	9.7499999999999996E-9	8.6000000000000002E-8
AT3G05510		3	1595196	1598344	+	290	20.742699999999999	336	26.668500000000002	227	11.1937	177	11.1259	1.5621026790000001	1.7499999999999999E-7	1.31E-6
AT1G76380		1	28651069	28654660	-	494	35.334099999999999	434	34.446800000000003	326	16.075600000000001	266	16.720300000000002	1.5616968490000001	9.6900000000000007E-10	9.4699999999999998E-9
AT1G06420		1	1958878	1960027	+	58	4.1485399999999997	48	3.80979	40	1.9724600000000001	28	1.76003	1.560864324	4.9680100000000001E-3	1.5239908E-2
AT3G58750	CSY2	3	21724306	21728137	-	2322	166.08500000000001	2431	192.95	1628	80.279200000000003	1415	88.944599999999994	1.560789717	2.3899999999999999E-13	3.2399999999999999E-12
AT5G05140	MED26B	5	1519705	1523137	+	2338	167.22900000000001	2065	163.9	1508	74.361800000000002	1298	81.590199999999996	1.559163587	1.4900000000000002E-14	2.2099999999999999E-13
AT5G54870		5	22289104	22291859	+	1784	127.60299999999999	1733	137.54900000000001	1302	64.203599999999994	966	60.721200000000003	1.558714672	1.4399999999999999E-13	1.9899999999999998E-12
AT1G62740	HOP2	1	23230922	23233543	+	2212	158.21700000000001	2083	165.32900000000001	1538	75.841099999999997	1220	76.687200000000004	1.558019579	2.07E-14	3.0300000000000002E-13
ATMG00090		Mt	25482	28733	-	456	32.616100000000003	437	34.684899999999999	294	14.4976	275	17.286100000000001	1.557829269	4.1499999999999999E-9	3.8299999999999999E-8
AT1G15190	FLA19	1	5226982	5228202	+	74	5.2929599999999999	39	3.09545	38	1.87384	33	2.0743299999999998	1.5558744790000001	5.7695469999999999E-3	1.7359347000000001E-2
AT2G30250	WRKY25	2	12903208	12905338	-	892	63.801600000000001	1025	81.354799999999997	667	32.890799999999999	571	35.892099999999999	1.5542844250000001	1.4800000000000001E-10	1.57E-9
AT4G12070		4	7231819	7234546	+	714	51.069899999999997	590	46.828600000000002	456	22.4861	378	23.7605	1.5536727910000001	6.1900000000000001E-11	6.8700000000000001E-10
AT5G04040	SDP1	5	1089342	1093204	+	1623	116.08799999999999	1985	157.55099999999999	1323	65.239099999999993	1029	64.681299999999993	1.5516753539999999	4.8100000000000001E-11	5.4E-10
AT4G00755		4	324925	327008	+	553	39.554200000000002	766	60.797800000000002	488	24.064	376	23.634799999999998	1.5513076690000001	3.3400000000000001E-8	2.7599999999999998E-7
AT1G27300		1	9483157	9484368	+	760	54.360100000000003	1082	85.878900000000002	637	31.4114	563	35.389299999999999	1.550264903	1.88E-8	1.6E-7
AT2G45160	SCL27	2	18617862	18620451	-	1427	102.068	1138	90.323700000000002	958	47.240400000000001	696	43.749400000000001	1.5499334929999999	8.0100000000000002E-13	1.0399999999999999E-11
AT1G68410		1	25649624	25653019	-	1694	121.166	1608	127.628	1135	55.968600000000002	989	62.166899999999998	1.548637936	2.3300000000000002E-13	3.1599999999999999E-12
AT4G15800	RALFL33	4	8984787	8985995	+	856	61.226700000000001	986	78.259399999999999	644	31.756599999999999	551	34.634999999999998	1.547866416	2.25E-10	2.3400000000000002E-9
AT2G35270	AHL21	2	14856664	14858134	+	843	60.296799999999998	778	61.750300000000003	565	27.861000000000001	479	30.109200000000001	1.5475659740000001	1.5300000000000001E-11	1.8E-10
AT2G39100		2	16317356	16319387	+	200	14.305300000000001	242	19.207699999999999	175	8.6295199999999994	116	7.2915700000000001	1.5466998139999999	4.5900000000000001E-6	2.7699999999999999E-5
AT2G27480	CML48	2	11746683	11748051	+	147	10.5144	253	20.0808	140	6.9036099999999996	123	7.7315800000000001	1.5457924009999999	6.6400000000000001E-5	3.24922E-4
AT3G07320		3	2332004	2334185	-	2105	150.56299999999999	1669	132.46899999999999	1279	63.069400000000002	1137	71.47	1.5444629139999999	1.49E-13	2.0600000000000001E-12
AT4G21120	CAT1	4	11269985	11274007	+	690	49.353299999999997	380	30.160799999999998	445	21.9436	248	15.588900000000001	1.5444440800000001	4.1699999999999999E-7	2.9500000000000001E-6
AT3G21750	UGT71B1	3	7664345	7666305	+	424	30.327200000000001	357	28.3353	269	13.264799999999999	233	14.646000000000001	1.5443800919999999	8.0600000000000007E-9	7.1799999999999994E-8
AT2G03340	WRKY3	2	1014350	1017222	-	558	39.911799999999999	578	45.876199999999997	445	21.9436	301	18.920400000000001	1.5421287210000001	1.92E-9	1.8200000000000001E-8
AT1G29025		1	10124286	10127098	-	3740	267.50900000000001	1888	149.852	1949	96.108199999999997	1617	101.642	1.541265281	3.1599999999999998E-9	2.9399999999999999E-8
AT3G10800	BZIP28	3	3379168	3381621	+	1769	126.53	1189	94.371600000000001	985	48.571800000000003	899	56.509700000000002	1.541185308	1.9399999999999999E-11	2.25E-10
AT1G52910		1	19708011	19709323	+	1351	96.632300000000001	1094	86.831400000000002	913	45.0214	674	42.366599999999998	1.540037214	1.08E-12	1.4E-11
AT2G36960	TKI1	2	15522769	15527758	+	626	44.775599999999997	568	45.082500000000003	401	19.773900000000001	369	23.194700000000001	1.5387557780000001	4.0200000000000001E-10	4.0700000000000002E-9
AT2G01880	PAP7	2	391421	394184	-	856	61.226700000000001	855	67.861800000000002	742	36.589100000000002	397	24.954799999999999	1.5385330189999999	5.1199999999999997E-9	4.66E-8
AT4G00150	SCL6	4	57140	59495	-	1114	79.680499999999995	826	65.560100000000006	717	35.356400000000001	539	33.880699999999997	1.5377768839999999	1.43E-11	1.6900000000000001E-10
AT4G01575		4	681862	682601	-	110	7.8679199999999998	113	8.9688700000000008	89	4.3887299999999998	58	3.6457899999999999	1.5370574079999999	1.88856E-4	8.4119499999999999E-4
AT1G08890	SUGTL4	1	2848149	2852270	+	920	65.804400000000001	904	71.751000000000005	709	34.9619	490	30.800599999999999	1.5367479079999999	3.7700000000000003E-11	4.2700000000000002E-10
AT4G02100		4	929869	932397	+	2089	149.41900000000001	1464	116.19799999999999	1283	63.2667	1009	63.424100000000003	1.5365272210000001	1.4100000000000001E-12	1.7999999999999999E-11
AT3G54140	NPF8.1	3	20045603	20048745	-	1183	84.615899999999996	2582	204.935	1526	75.249399999999994	1025	64.4298	1.5364702349999999	5.0200000000000002E-6	3.01E-5
AT4G18140	SSP4b	4	10046287	10049438	-	886	63.372500000000002	766	60.797800000000002	607	29.932099999999998	468	29.4177	1.536431431	1.24E-11	1.4600000000000001E-10
AT2G26140	FTSH4	2	11131578	11135465	-	5408	386.815	2519	199.934	2798	137.97399999999999	2242	140.929	1.535051857	1.4999999999999999E-8	1.29E-7
AT4G37670	NAGS2	4	17696059	17698991	-	70	5.0068599999999996	85	6.7465000000000002	57	2.8107600000000001	45	2.82863	1.534547543	1.3504400000000001E-3	4.9137749999999996E-3
AT3G14370	WAG2	3	4797828	4799612	-	217	15.5213	157	12.4612	147	7.2487899999999996	97	6.0972600000000003	1.5345318999999999	8.1000000000000004E-6	4.6799999999999999E-5
AT1G20970		1	7313901	7319921	+	3767	269.44	2879	228.50800000000001	2277	112.282	2005	126.03100000000001	1.5338146079999999	3.77E-14	5.4100000000000002E-13
AT2G26290	PBL12	2	11191978	11194431	-	437	31.257100000000001	784	62.226500000000001	497	24.5078	327	20.5547	1.5333550250000001	3.3000000000000002E-6	2.0400000000000001E-5
AT1G69170	SPL6	1	26005068	26007368	+	139	9.9421900000000001	193	15.3185	123	6.0653199999999998	97	6.0972600000000003	1.5316704910000001	4.85E-5	2.4381699999999999E-4
AT1G18460		1	6352325	6356113	+	1589	113.65600000000001	1524	120.961	1185	58.434199999999997	862	54.183900000000001	1.5313918019999999	6.9699999999999996E-13	9.1199999999999999E-12
AT1G02890		1	645084	652001	-	3065	219.22900000000001	3008	238.74700000000001	2162	106.61199999999999	1807	113.58499999999999	1.530729344	3.85E-14	5.5299999999999997E-13
AT1G31350	KUF1	1	11221267	11222827	-	351	25.105799999999999	337	26.747900000000001	252	12.426500000000001	199	12.508800000000001	1.5292358800000001	3.5700000000000002E-8	2.9499999999999998E-7
AT4G15233	ABCG42	4	8687354	8694733	+	661	47.279000000000003	255	20.2395	391	19.280799999999999	204	12.8231	1.5286385229999999	3.4E-5	1.75821E-4
AT4G37180	HHO5	4	17504428	17506504	+	991	70.882800000000003	903	71.671599999999998	744	36.687800000000003	506	31.8063	1.5282654360000001	2.3600000000000001E-11	2.7099999999999999E-10
AT3G20660	38261	3	7225037	7228797	-	1311	93.771299999999997	1086	86.196399999999997	797	39.301299999999998	753	47.3324	1.527722316	6.03E-12	7.34E-11
AT3G15518		3	5249112	5249754	+	243	17.3809	170	13.493	132	6.5091200000000002	133	8.3601700000000001	1.527354272	6.0000000000000002E-6	3.5500000000000002E-5
AT1G28390		1	9966186	9968495	-	445	31.8293	337	26.747900000000001	322	15.878299999999999	194	12.1945	1.5272784420000001	7.5499999999999994E-8	5.9800000000000003E-7
AT2G45170	ATG8E	2	18624264	18625791	+	2020	144.48400000000001	3266	259.22399999999999	1928	95.072599999999994	1600	100.57299999999999	1.527112778	3.7399999999999997E-8	3.0899999999999997E-7
AT1G53190		1	19837110	19840370	+	1188	84.973500000000001	1064	84.450299999999999	843	41.569600000000001	636	39.977899999999998	1.5266744640000001	2.03E-12	2.5600000000000001E-11
AT1G64060	RBOHF	1	23769774	23776984	+	3357	240.114	2568	203.82400000000001	2047	100.941	1791	112.57899999999999	1.526659234	6.27E-14	8.8699999999999996E-13
AT1G58520	RXW8	1	21729913	21738808	+	689	49.281799999999997	414	32.859400000000001	458	22.584700000000002	266	16.720300000000002	1.5263885349999999	1.2700000000000001E-7	9.6899999999999996E-7
AT2G43320		2	17996650	18000027	-	898	64.230800000000002	765	60.718499999999999	614	30.2773	475	29.857700000000001	1.526326694	1.56E-11	1.8299999999999999E-10
AT1G67310	CMTA4	1	25198182	25203126	-	1793	128.24700000000001	1350	107.15	1167	57.546500000000002	885	55.6297	1.52578295	8.3999999999999995E-13	1.0899999999999999E-11
AT4G26260	MIOX4	4	13297695	13300444	+	102	7.2957000000000001	126	10.0007	83	4.0928599999999999	68	4.2743700000000002	1.523847843	2.35536E-4	1.028043E-3
AT2G21620	RD2	2	9248525	9250311	+	4852	347.04700000000003	7097	563.29300000000001	4401	217.02	3576	224.78200000000001	1.5235098730000001	2.0500000000000002E-9	1.9300000000000001E-8
AT2G41430	ERD15	2	17269158	17270542	+	11559	826.77499999999998	12283	974.90899999999999	8797	433.79300000000001	6960	437.49400000000003	1.5233411160000001	3.78E-14	5.4200000000000001E-13
AT5G65280	GCL1	5	26085593	26088277	-	378	27.036999999999999	558	44.288800000000002	418	20.612200000000001	221	13.8917	1.5226150570000001	3.18E-6	1.9700000000000001E-5
AT1G71100	RPI1	1	26814260	26815922	+	387	27.680800000000001	550	43.653799999999997	356	17.5549	271	17.034600000000001	1.5224463370000001	3.72E-7	2.65E-6
AT4G21560	VPS28-1	4	11468666	11470569	-	696	49.782499999999999	896	71.116	607	29.932099999999998	457	28.726299999999998	1.5204342980000001	7.7900000000000006E-9	6.9499999999999994E-8
AT1G58290	HEMA1	1	21623700	21626402	-	1761	125.958	1208	95.879599999999996	1138	56.116500000000002	811	50.978200000000001	1.51787118	1.8300000000000001E-11	2.1299999999999999E-10
AT5G61980	AGD1	5	24894053	24899973	+	360	25.749500000000001	329	26.1129	249	12.278600000000001	205	12.885999999999999	1.5163187069999999	3.8199999999999998E-8	3.1399999999999998E-7
AT4G17410		4	9715761	9721932	+	478	34.189700000000002	451	35.796100000000003	341	16.815200000000001	273	17.160299999999999	1.515593387	3.3499999999999998E-9	3.1100000000000001E-8
AT5G65290		5	26089436	26094564	+	761	54.431699999999999	584	46.352400000000003	503	24.803699999999999	383	24.0748	1.513599082	2.3500000000000002E-10	2.4399999999999998E-9
AT3G16350		3	5547492	5549862	+	1353	96.775400000000005	984	78.1006	833	41.076500000000003	696	43.749400000000001	1.5135319190000001	1.1800000000000001E-11	1.4000000000000001E-10
AT4G20380	LSD1	4	11004503	11006968	+	907	64.874499999999998	842	66.83	684	33.729100000000003	482	30.297699999999999	1.511978493	4.4400000000000003E-11	5.0100000000000003E-10
AT3G54100		3	20033951	20038200	-	1609	115.086	1140	90.482399999999998	908	44.774900000000002	877	55.126800000000003	1.5117124449999999	4.7600000000000002E-11	5.3400000000000002E-10
AT4G08850	MIK2	4	5636479	5640952	-	6183	442.24799999999999	2738	217.31700000000001	2780	137.08600000000001	2893	181.84899999999999	1.511287139	1.6500000000000001E-7	1.24E-6
AT3G53110	RH38	3	19687740	19690661	+	2790	199.559	3138	249.065	2226	109.767	1738	109.248	1.510353533	3.5100000000000002E-12	4.3599999999999997E-11
AT4G16780	HAT4	4	9449114	9450905	+	415	29.683499999999999	424	33.653100000000002	298	14.694800000000001	258	16.217500000000001	1.5100512349999999	1.7900000000000001E-8	1.5200000000000001E-7
AT5G11790	NDL2	5	3799408	3803216	+	1069	76.461799999999997	1072	85.0852	812	40.040999999999997	616	38.720799999999997	1.509869127	1.6500000000000001E-11	1.9200000000000001E-10
AT3G08020		3	2557437	2561848	-	311	22.244700000000002	342	27.1447	247	12.1799	190	11.943099999999999	1.5081049740000001	2.0100000000000001E-7	1.4899999999999999E-6
AT1G63840		1	23689603	23690807	-	1730	123.741	2245	178.18700000000001	1599	78.849100000000007	1098	69.018500000000003	1.50691017	1.1599999999999999E-9	1.13E-8
AT1G27290		1	9481405	9482992	+	1795	128.38999999999999	2275	180.56800000000001	1666	82.153000000000006	1100	69.144199999999998	1.5063657340000001	9.5400000000000001E-10	9.3399999999999996E-9
AT3G13790	CWINV1	3	4532762	4535914	-	12849	919.04399999999998	12102	960.54200000000003	8924	440.05599999999998	7628	479.48399999999998	1.5051689539999999	3.4599999999999998E-15	5.36E-14
AT4G33120		4	15975343	15978136	-	5295	378.733	4130	327.8	3612	178.113	2650	166.57499999999999	1.5050262059999999	2.3299999999999999E-14	3.3900000000000002E-13
AT4G00490	BAM2	4	222289	225131	+	398	28.467600000000001	348	27.620999999999999	253	12.4758	239	15.023199999999999	1.50285249	4.3000000000000001E-8	3.5199999999999998E-7
AT1G06450	CAF1-1	1	1965840	1967219	+	110	7.8679199999999998	130	10.318199999999999	88	4.33941	73	4.58866	1.502360626	1.91528E-4	8.5158599999999999E-4
AT5G47640	NFYB2	5	19309227	19310272	+	403	28.825199999999999	391	31.033899999999999	314	15.4838	220	13.828799999999999	1.5014531799999999	2.8900000000000001E-8	2.41E-7
AT2G35930	PUB23	2	15082855	15084559	-	827	59.1524	563	44.685600000000001	409	20.168399999999998	489	30.7378	1.5011482190000001	5.8899999999999998E-8	4.7300000000000001E-7
AT1G67480		1	25276183	25278780	+	4497	321.65499999999997	5867	465.66699999999997	3837	189.208	3157	198.44399999999999	1.500945803	1.8500000000000001E-10	1.9399999999999999E-9
AT1G52750		1	19646465	19649340	-	2751	196.76900000000001	1474	116.992	1649	81.314700000000002	1138	71.532799999999995	1.5007807559999999	5.0199999999999996E-9	4.58E-8
AT5G63970	RGLG3	5	25606771	25609306	-	1668	119.306	1433	113.738	1213	59.814900000000002	866	54.435400000000001	1.4990727180000001	1.18E-12	1.52E-11
AT2G35890	CPK25	2	15066614	15069359	-	101	7.2241799999999996	91	7.2227199999999998	93	4.5859699999999997	39	2.4514800000000001	1.4987339660000001	1.336531E-3	4.8686529999999997E-3
AT3G17830		3	6101753	6104805	+	164	11.7303	138	10.953099999999999	105	5.1777100000000003	95	5.9715499999999997	1.4985907270000001	3.29E-5	1.7074500000000001E-4
AT3G17770		3	6081639	6086203	-	1342	95.988600000000005	1280	101.59399999999999	894	44.084499999999998	847	53.241100000000003	1.4966147139999999	1.6300000000000001E-11	1.9100000000000001E-10
AT5G01560	LECRK64	5	218029	221198	-	672	48.065800000000003	325	25.795400000000001	374	18.442499999999999	281	17.6632	1.495646528	1.35E-6	8.8899999999999996E-6
AT2G42670		2	17771697	17774647	-	361	25.821100000000001	317	25.160499999999999	245	12.081300000000001	207	13.011699999999999	1.495621219	6.3199999999999997E-8	5.0399999999999996E-7
AT1G13590	PSK1	1	4647815	4649066	+	321	22.96	407	32.303800000000003	257	12.6731	233	14.646000000000001	1.4950781930000001	6.1699999999999998E-7	4.2599999999999999E-6
AT3G07780	OBE1	3	2484454	2487126	+	2415	172.73699999999999	2422	192.23500000000001	1822	89.845600000000005	1432	90.013199999999998	1.4949775489999999	4.3999999999999999E-13	5.8500000000000003E-12
AT1G50630		1	18751456	18753941	-	1645	117.661	1095	86.910799999999995	1053	51.924999999999997	770	48.401000000000003	1.494967054	7.8000000000000002E-11	8.5800000000000004E-10
AT1G70420		1	26539542	26540818	-	452	32.33	456	36.192999999999998	351	17.308299999999999	262	16.468900000000001	1.493460002	1.18E-8	1.03E-7
AT1G01340	CNGC10	1	132270	135924	-	448	32.043900000000001	446	35.399299999999997	242	11.933400000000001	342	21.497599999999998	1.492921696	1.9099999999999999E-6	1.2300000000000001E-5
AT1G05575		1	1661550	1662259	-	342	24.4621	231	18.334599999999998	182	8.9747000000000003	193	12.1317	1.492813849	1.9099999999999999E-6	1.2300000000000001E-5
AT1G14870	PCR2	1	5128344	5129731	-	7285	521.07100000000003	9633	764.577	4823	237.82900000000001	6367	400.21899999999999	1.492804587	6.6399999999999999E-8	5.2900000000000004E-7
AT2G46150		2	18961283	18962423	+	697	49.853999999999999	401	31.8276	403	19.872499999999999	322	20.240400000000001	1.4921598599999999	8.0999999999999997E-8	6.3799999999999997E-7
AT3G04240	SEC	3	1113914	1120933	-	2811	201.06100000000001	2086	165.56700000000001	1801	88.81	1459	91.710400000000007	1.491743585	4.27E-13	5.68E-12
AT4G35510		4	16860452	16862420	-	560	40.0548	556	44.13	447	22.042200000000001	310	19.4861	1.4913501570000001	3.5699999999999999E-9	3.2999999999999998E-8
AT3G27260	GTE8	3	10067529	10072760	+	2339	167.30099999999999	1963	155.804	1617	79.736699999999999	1266	79.578699999999998	1.4913374509999999	1.25E-13	1.7400000000000001E-12
AT1G76520	PILS3	1	28714765	28717910	+	1246	89.122	1812	143.81899999999999	983	48.473199999999999	1071	67.321299999999994	1.4908892650000001	1.1000000000000001E-7	8.5199999999999995E-7
AT2G30100		2	12847518	12849708	+	392	28.038399999999999	326	25.8748	295	14.546900000000001	191	12.006	1.489991925	1.03E-7	7.9800000000000003E-7
AT2G37650	SCL9	2	15792545	15795235	+	252	18.024699999999999	165	13.0961	169	8.3336500000000004	111	6.9772800000000004	1.4886388189999999	1.08E-5	6.1199999999999997E-5
AT4G03500		4	1553092	1556704	+	84	6.0082300000000002	75	5.9527900000000002	65	3.2052499999999999	43	2.7029100000000001	1.4858884210000001	1.394597E-3	5.0581549999999999E-3
AT1G78850		1	29641860	29643535	-	18531	1325.46	15195	1206.04	11334	558.89700000000005	11074	696.09400000000005	1.484599209	1.13E-13	1.57E-12
AT3G02890		3	640169	645692	+	405	28.9682	281	22.303100000000001	236	11.637499999999999	219	13.766	1.4844248090000001	2.6300000000000001E-7	1.9099999999999999E-6
AT3G45610	DOF3.2	3	16739247	16740546	-	62	4.4346399999999999	89	7.0639799999999999	55	2.7121300000000002	48	3.0171999999999999	1.483863709	2.720667E-3	9.05393E-3
AT4G15270		4	8716504	8717914	-	105	7.5102799999999998	107	8.4926499999999994	81	3.9942299999999999	63	3.96008	1.48155875	3.32517E-4	1.4046639999999999E-3
AT1G53380		1	19912990	19916686	-	1052	75.245900000000006	814	64.607600000000005	676	33.334600000000002	574	36.0807	1.4815519159999999	5.2199999999999998E-11	5.8299999999999995E-10
AT4G34390	XLG2	4	16441086	16445017	+	1461	104.5	951	75.481399999999994	857	42.26	747	46.955199999999998	1.48096267	3.2500000000000002E-10	3.3200000000000001E-9
AT2G41830		2	17450109	17457130	-	981	70.167500000000004	564	44.765000000000001	551	27.1706	473	29.731999999999999	1.4809576499999999	2.37E-8	1.99E-7
AT2G31020	ORP1A	2	13201350	13204948	+	2102	150.34899999999999	1540	122.23099999999999	1367	67.408799999999999	1079	67.824200000000005	1.4804361180000001	2.71E-12	3.3900000000000001E-11
AT2G39110		2	16319447	16321685	+	1586	113.441	1425	113.10299999999999	1198	59.075200000000002	852	53.555300000000003	1.479500128	3.17E-12	3.9499999999999999E-11
AT4G30940		4	15054873	15056945	+	156	11.158099999999999	163	12.9374	121	5.9666899999999998	96	6.0344100000000003	1.4794243330000001	3.2100000000000001E-5	1.6676399999999999E-4
AT4G17260		4	9673897	9675540	+	394	28.1814	294	23.334900000000001	263	12.9689	201	12.634499999999999	1.478031933	1.1999999999999999E-7	9.2299999999999999E-7
AT1G27200		1	9449338	9451768	-	683	48.852600000000002	556	44.13	511	25.1982	334	20.994700000000002	1.4777869880000001	2.6000000000000001E-9	2.44E-8
AT1G62710	bVPE	1	23223874	23226983	-	154	11.0151	200	15.8741	130	6.4104999999999999	112	7.0401400000000001	1.4772458129999999	4.4400000000000002E-5	2.24785E-4
AT5G57830		5	23429291	23431198	-	768	54.932400000000001	684	54.289499999999997	559	27.565100000000001	427	26.840499999999999	1.477144443	1.88E-10	1.97E-9
AT5G47860		5	19381519	19384422	+	381	27.2516	489	38.812199999999997	360	17.752099999999999	243	15.2746	1.4753354430000001	4.5699999999999998E-7	3.23E-6
AT5G55400	FIM3	5	22455369	22459598	-	541	38.695799999999998	496	39.367800000000003	434	21.401199999999999	279	17.537500000000001	1.4732242710000001	1.1700000000000001E-8	1.02E-7
AT5G67600	WIH1	5	26959533	26960399	-	1275	91.196299999999994	2039	161.83699999999999	1320	65.091200000000001	989	62.166899999999998	1.4724777600000001	1.6999999999999999E-7	1.2699999999999999E-6
AT1G68580		1	25752624	25756113	+	1331	95.201800000000006	1161	92.149199999999993	974	48.029400000000003	725	45.572299999999998	1.4723890479999999	5.9400000000000001E-12	7.2499999999999995E-11
AT5G41360	XPB2	5	16544333	16549327	+	513	36.693100000000001	502	39.844000000000001	378	18.639800000000001	313	19.674700000000001	1.4722665420000001	5.6100000000000003E-9	5.0899999999999999E-8
AT3G55050	PP2C6	3	20400430	20402595	-	900	64.373900000000006	642	50.9559	606	29.8828	441	27.720500000000001	1.4695823910000001	8.6200000000000002E-10	8.5099999999999998E-9
AT5G09800	PUB28	5	3042904	3044546	-	126	9.01234	145	11.508699999999999	114	5.6215099999999998	74	4.6515199999999997	1.469545696	1.5049700000000001E-4	6.8192700000000003E-4
AT1G53660		1	20033885	20036189	+	143	10.228300000000001	113	8.9688700000000008	104	5.1284000000000001	71	4.4629500000000002	1.4689967399999999	1.3651000000000001E-4	6.2428400000000002E-4
AT5G16550		5	5405346	5406887	+	1224	87.548500000000004	1345	106.753	1017	50.149799999999999	754	47.395200000000003	1.4689103910000001	1.3900000000000001E-10	1.4800000000000001E-9
AT1G29300	UNE1	1	10247707	10249704	-	561	40.126399999999997	718	56.988100000000003	484	23.866800000000001	398	25.017600000000002	1.468088117	5.1599999999999999E-8	4.1699999999999999E-7
AT4G31750	WIN2	4	15363708	15367892	-	1173	83.900599999999997	1227	97.387699999999995	890	43.887300000000003	752	47.269500000000001	1.467140892	6.6200000000000001E-11	7.3299999999999995E-10
AT4G22070	WRKY31	4	11691172	11694590	-	596	42.629800000000003	623	49.447899999999997	373	18.3932	446	28.034800000000001	1.4669575260000001	1.3400000000000001E-7	1.02E-6
AT3G16720	ATL2	3	5692607	5694181	+	630	45.061700000000002	362	28.732099999999999	375	18.491800000000001	293	18.4175	1.4655139859999999	2.22E-7	1.6300000000000001E-6
AT5G44020		5	17712203	17714406	+	14386	1028.98	11621	922.36500000000001	10217	503.81599999999997	7566	475.58699999999999	1.4647326899999999	1.19E-14	1.78E-13
AT4G35550	WOX13	4	16875521	16877451	-	247	17.667000000000002	379	30.081399999999999	268	13.2155	173	10.874499999999999	1.463818493	1.5500000000000001E-5	8.5000000000000006E-5
AT4G27680		4	13821019	13823408	+	626	44.775599999999997	897	71.195400000000006	587	28.945900000000002	472	29.6692	1.46376547	1.7599999999999999E-7	1.3200000000000001E-6
AT4G27950	CRF4	4	13909542	13910995	-	345	24.676600000000001	450	35.716700000000003	301	14.8428	249	15.6517	1.463667681	7.1800000000000005E-7	4.9100000000000004E-6
AT5G15240	AVT1J	5	4947577	4950445	+	73	5.2214400000000003	51	4.0479000000000003	46	2.2683300000000002	38	2.38862	1.463561391	4.7132340000000002E-3	1.4569116999999999E-2
AT2G46520	CAS	2	19096413	19100373	+	1844	131.89500000000001	1340	106.357	1153	56.856200000000001	1001	62.921199999999999	1.4621297680000001	1.5700000000000001E-11	1.8299999999999999E-10
AT5G04930	ALA1	5	1444638	1449879	+	3834	274.233	2191	173.90100000000001	2166	106.809	1875	117.85899999999999	1.4620221019999999	1.0399999999999999E-9	1.0099999999999999E-8
AT3G51150	KIN7G	3	19000677	19006807	+	190	13.59	114	9.0482399999999998	95	4.68459	107	6.7258500000000003	1.4617533709999999	1.7830499999999999E-4	7.9876700000000003E-4
AT1G21380	TOL3	1	7485636	7488780	-	2513	179.74600000000001	1992	158.10599999999999	1677	82.695400000000006	1390	87.373199999999997	1.4611124550000001	5.6400000000000002E-13	7.4300000000000005E-12
AT5G03070	IMPA9	5	718136	721559	-	418	29.898099999999999	416	33.0182	336	16.5687	241	15.148899999999999	1.460289752	4.58E-8	3.7300000000000002E-7
AT5G17370		5	5721801	5724751	-	132	9.4414999999999996	177	14.0486	114	5.6215099999999998	100	6.2858400000000003	1.4587041489999999	1.2577000000000001E-4	5.7938900000000003E-4
AT1G70740		1	26673563	26676042	-	580	41.485399999999998	466	36.986699999999999	391	19.280799999999999	323	20.3033	1.4586071700000001	4.3100000000000002E-9	3.9699999999999998E-8
AT5G43580		5	17507801	17508752	-	2979	213.077	5252	416.85399999999998	2876	141.82	2846	178.89500000000001	1.45855113	7.5199999999999996E-7	5.13E-6
AT1G23440		1	8321611	8324497	+	3468	248.054	3873	307.40199999999999	2918	143.89099999999999	2182	137.15700000000001	1.4583420330000001	1.1600000000000001E-11	1.3799999999999999E-10
AT1G56560	INVA	1	21192137	21195166	+	657	46.992899999999999	669	53.0989	521	25.691299999999998	396	24.8919	1.458105303	1.75E-9	1.6700000000000001E-8
AT1G72600		1	27338034	27340328	+	85	6.0797499999999998	66	5.2384599999999999	67	3.3038699999999999	38	2.38862	1.4555272299999999	2.5892129999999999E-3	8.6791060000000007E-3
AT3G29034		3	11030035	11030906	-	1253	89.622699999999995	1388	110.166	1009	49.755299999999998	823	51.732500000000002	1.4529831040000001	1.8400000000000001E-10	1.9300000000000002E-9
AT5G47830		5	19372821	19374693	-	314	22.459299999999999	288	22.858699999999999	241	11.8841	176	11.0631	1.4529133519999999	3.9799999999999999E-7	2.8200000000000001E-6
AT4G36520		4	17230589	17235580	-	2188	156.5	2419	191.99700000000001	1865	91.965999999999994	1352	84.984499999999997	1.4527335779999999	3.9800000000000001E-11	4.5099999999999999E-10
AT1G71330	NAP5	1	26884014	26885169	-	64	4.5777000000000001	57	4.5241199999999999	50	2.4655800000000001	34	2.1371899999999999	1.452433037	5.132836E-3	1.5681245E-2
AT1G77770		1	29246074	29248150	-	1000	71.526499999999999	895	71.036600000000007	685	33.778399999999998	614	38.594999999999999	1.451722341	1.04E-10	1.1200000000000001E-9
AT3G50950	RPP13L4	3	18935674	18938799	+	1213	86.761700000000005	729	57.8611	689	33.9756	623	39.160800000000002	1.4513720000000001	1.02E-8	8.9700000000000003E-8
AT1G19220	ARF19	1	6627683	6633133	-	1026	73.386200000000002	458	36.351700000000001	504	24.853000000000002	486	30.549199999999999	1.4500540159999999	3.0599999999999999E-6	1.9000000000000001E-5
AT5G66840		5	26692702	26695384	-	73	5.2214400000000003	62	4.9209699999999996	45	2.21902	47	2.9543400000000002	1.448344345	3.7221979999999999E-3	1.1891516E-2
AT2G44110	MLO15	2	18245357	18248459	-	1155	82.613100000000003	889	70.560400000000001	936	46.1556	500	31.429200000000002	1.4475431949999999	1.66E-8	1.42E-7
AT1G13880		1	4748831	4751234	+	1028	73.529300000000006	828	65.718800000000002	748	36.884999999999998	538	33.817799999999998	1.4474727000000001	1.3699999999999999E-10	1.4700000000000001E-9
AT1G04930		1	1396265	1399122	-	145	10.3713	178	14.128	121	5.9666899999999998	104	6.5372700000000004	1.447471462	7.5699999999999997E-5	3.64626E-4
AT2G20410		2	8802091	8804422	+	396	28.3245	342	27.1447	283	13.9552	227	14.2689	1.446668643	7.3000000000000005E-8	5.7899999999999998E-7
AT5G58720	PIPC	5	23719695	23723175	-	2546	182.10599999999999	1777	141.041	1550	76.432900000000004	1397	87.813199999999995	1.4458835919999999	3E-11	3.44E-10
AT2G19310	HSP18.5	2	8369568	8370675	-	273	19.526700000000002	177	14.0486	170	8.3829600000000006	138	8.6744599999999998	1.44571915	8.8400000000000001E-6	5.0699999999999999E-5
AT4G26770	CDS3	4	13482064	13484943	+	290	20.742699999999999	183	14.524800000000001	192	9.4678100000000001	134	8.4230199999999993	1.445040171	9.1800000000000002E-6	5.2500000000000002E-5
AT1G01480	ACS2	1	175706	178406	+	196	14.0192	141	11.1912	152	7.4953500000000002	84	5.2801	1.444220002	8.0699999999999996E-5	3.8731600000000002E-4
AT5G40330	MYB23	5	16127725	16129661	+	257	18.382300000000001	154	12.223100000000001	194	9.5664300000000004	94	5.90869	1.443870778	1.05666E-4	4.9546099999999999E-4
ATCG00480	ATPB	Pt	52660	54156	-	62	4.4346399999999999	85	6.7465000000000002	61	3.008	43	2.7029100000000001	1.4434702939999999	3.5504249999999998E-3	1.1405373E-2
AT2G46940		2	19286434	19287590	-	162	11.587300000000001	150	11.9056	139	6.8543000000000003	81	5.0915299999999997	1.4428354859999999	8.1600000000000005E-5	3.91395E-4
AT5G16910	CSLD2	5	5560607	5565660	+	3721	266.14999999999998	2646	210.01400000000001	2401	118.39700000000001	1976	124.208	1.4418400220000001	3.2000000000000001E-12	3.9800000000000001E-11
AT5G40630		5	16271047	16272513	-	385	27.537700000000001	418	33.176900000000003	306	15.0893	255	16.0289	1.439695108	1.4499999999999999E-7	1.1000000000000001E-6
AT5G08200		5	2637988	2640936	+	604	43.201999999999998	592	46.987400000000001	488	24.064	352	22.126200000000001	1.437637952	5.0099999999999999E-9	4.5699999999999999E-8
AT2G31865	PARG2	2	13546544	13549571	-	297	21.243400000000001	203	16.112200000000001	112	5.5228900000000003	218	13.703099999999999	1.4370583349999999	3.4156900000000001E-4	1.437261E-3
AT1G78610	MSL6	1	29568961	29572572	-	950	67.950199999999995	861	68.337999999999994	778	38.364400000000003	499	31.366299999999999	1.436938861	9.1099999999999996E-10	8.9600000000000005E-9
AT4G01750	RGXT2	4	756348	758725	+	1326	94.844200000000001	910	72.227199999999996	763	37.624699999999997	762	47.898099999999999	1.4366953579999999	2.2999999999999999E-9	2.1699999999999999E-8
AT3G27110		3	9997808	10000230	+	462	33.045200000000001	509	40.3996	418	20.612200000000001	271	17.034600000000001	1.436621433	1.24E-7	9.540000000000001E-7
AT1G68150	WRKY9	1	25543949	25545791	+	480	34.332700000000003	632	50.162199999999999	412	20.316299999999998	369	23.194700000000001	1.436585486	3.2399999999999999E-7	2.3199999999999998E-6
AT4G13180		4	7657094	7658302	-	5355	383.024	5236	415.584	3744	184.62200000000001	3588	225.536	1.4364875589999999	3.2399999999999999E-12	4.0200000000000001E-11
AT3G59730	LECRK56	3	22064192	22065957	-	107	7.65334	91	7.2227199999999998	89	4.3887299999999998	51	3.2057799999999999	1.435361259	8.8340900000000004E-4	3.3701680000000002E-3
AT2G01290	RPI2	2	148919	150585	-	172	12.3026	165	13.0961	105	5.1777100000000003	126	7.9201600000000001	1.435209143	8.81E-5	4.1984599999999998E-4
AT4G30370	ATL14	4	14858444	14859503	-	82	5.86517	78	6.1909000000000001	63	3.10663	49	3.08006	1.4347748650000001	1.7543540000000001E-3	6.1814110000000004E-3
AT3G05880	RCI2A	3	1755497	1756924	-	4499	321.798	6737	534.71900000000005	5209	256.86399999999998	2938	184.678	1.434399263	2.1E-7	1.55E-6
AT1G68440		1	25657757	25659484	+	6344	453.76400000000001	7765	616.31200000000001	5504	271.411	4453	279.90800000000002	1.434398976	1.35E-10	1.44E-9
AT2G47800	ABCC4	2	19574666	19580615	+	2320	165.94200000000001	2008	159.376	1807	89.105900000000005	1236	77.692999999999998	1.434268412	5.0999999999999997E-12	6.2500000000000004E-11
AT2G02800	PBL3	2	795515	799591	-	2285	163.43799999999999	1880	149.21700000000001	1607	79.243600000000001	1291	81.150199999999998	1.434099089	1.2200000000000001E-12	1.5700000000000001E-11
AT2G23340	ERF008	2	9937792	9938997	+	463	33.116799999999998	460	36.5105	437	21.549099999999999	225	14.1431	1.4325433160000001	9.2800000000000005E-7	6.2700000000000001E-6
AT3G57750	ZED1	3	21393963	21395288	+	245	17.524000000000001	270	21.43	226	11.144399999999999	141	8.8630300000000002	1.4323229879999999	6.2700000000000001E-6	3.6999999999999998E-5
AT1G37130	NIA2	1	14158452	14161938	+	2765	197.77099999999999	2362	187.47300000000001	2256	111.247	1376	86.493099999999998	1.4316664189999999	5.5200000000000001E-11	6.1600000000000004E-10
AT3G46490		3	17115483	17119790	+	351	25.105799999999999	236	18.7315	272	13.412699999999999	143	8.9887499999999996	1.431387674	1.01E-5	5.7099999999999999E-5
AT4G02200		4	972707	974692	+	218	15.5928	235	18.652100000000001	182	8.9747000000000003	138	8.6744599999999998	1.4298828450000001	7.0400000000000004E-6	4.1199999999999999E-5
AT1G03730		1	930715	931985	-	564	40.341000000000001	582	46.1937	472	23.274999999999999	339	21.309000000000001	1.42967205	1.3200000000000001E-8	1.14E-7
AT1G72175		1	27157875	27159735	+	421	30.1127	478	37.939100000000003	352	17.357700000000001	283	17.788900000000002	1.428819048	1.3300000000000001E-7	1.02E-6
AT3G12710		3	4040324	4042075	-	1233	88.1922	644	51.114600000000003	766	37.772599999999997	534	33.566400000000002	1.4285806940000001	2.2100000000000001E-7	1.6199999999999999E-6
AT1G08210		1	2576984	2580754	-	423	30.255700000000001	423	33.573700000000002	351	17.308299999999999	248	15.588900000000001	1.42828092	8.5199999999999995E-8	6.68E-7
AT1G30810	JMJ18	1	10936765	10942292	-	635	45.4193	491	38.9709	403	19.872499999999999	376	23.634799999999998	1.4281702890000001	1.2499999999999999E-8	1.09E-7
AT4G17060	FIP2	4	9593381	9595350	-	717	51.284500000000001	599	47.542999999999999	504	24.853000000000002	415	26.086200000000002	1.4279101009999999	1.33E-9	1.28E-8
AT3G49370	CRK6	3	18304637	18308091	-	376	26.893999999999998	319	25.319199999999999	267	13.1662	220	13.828799999999999	1.4238176090000001	1.8300000000000001E-7	1.3599999999999999E-6
AT2G34380	SEI3	2	14512707	14514516	+	240	17.166399999999999	234	18.572700000000001	178	8.77745	155	9.7430500000000002	1.4230731720000001	4.0899999999999998E-6	2.48E-5
AT2G23790		2	10125367	10127589	-	1970	140.90700000000001	2177	172.79	1599	78.849100000000007	1335	83.915899999999993	1.4226583310000001	9.0999999999999996E-11	9.9299999999999998E-10
AT5G58700	PLC4	5	23712827	23716391	-	928	66.376599999999996	903	71.671599999999998	779	38.413699999999999	525	33.000700000000002	1.422605364	9.6700000000000007E-10	9.46E-9
AT1G04700		1	1316139	1321000	+	410	29.325900000000001	278	22.065000000000001	312	15.385199999999999	176	11.0631	1.4222970159999999	3.0199999999999999E-6	1.88E-5
AT3G02740		3	590425	593228	+	1023	73.171599999999998	1481	117.548	971	47.881500000000003	818	51.418199999999999	1.4218041509999999	1.2800000000000001E-7	9.7999999999999993E-7
AT1G29240		1	10216779	10219942	-	102	7.2957000000000001	51	4.0479000000000003	60	2.9586899999999998	46	2.8914900000000001	1.4207536540000001	4.4121450000000001E-3	1.3781702E-2
AT5G50430	UBC33	5	20534058	20537138	-	792	56.649000000000001	821	65.163200000000003	620	30.5731	520	32.686399999999999	1.420309982	1.6500000000000001E-9	1.5799999999999999E-8
AT5G45660		5	18524889	18527040	+	320	22.888500000000001	325	25.795400000000001	256	12.623699999999999	201	12.634499999999999	1.420272494	5.3900000000000005E-7	3.76E-6
AT4G13630		4	7933684	7936565	-	522	37.336799999999997	722	57.305500000000002	517	25.4941	378	23.7605	1.4198645679999999	5.0900000000000002E-7	3.5599999999999998E-6
AT1G61140	EDA16	1	22534663	22540933	-	1336	95.559399999999997	1022	81.116699999999994	912	44.972099999999998	742	46.640900000000002	1.417729695	7.7200000000000002E-11	8.4899999999999996E-10
AT2G47070	SPL1	2	19336653	19340869	+	2904	207.71299999999999	1565	124.215	1745	86.048599999999993	1361	85.550299999999993	1.4160949350000001	1.7199999999999999E-8	1.4700000000000001E-7
AT3G16280		3	5518211	5519271	+	96	6.8665500000000002	91	7.2227199999999998	71	3.5011199999999998	61	3.8343600000000002	1.4158470080000001	9.8743199999999989E-4	3.7118630000000001E-3
AT2G33110	VAMP723	2	14041014	14043389	-	134	9.5845500000000001	86	6.8258700000000001	80	3.9449200000000002	73	4.58866	1.414569945	6.71197E-4	2.6353359999999998E-3
AT4G15610		4	8908763	8910945	+	10140	725.279	15222	1208.18	9745	480.541	8468	532.28499999999997	1.414209923	3.9099999999999999E-8	3.2099999999999998E-7
AT5G06480		5	1975947	1977377	-	69	4.9353300000000004	91	7.2227199999999998	59	2.9093800000000001	55	3.4572099999999999	1.4124676439999999	2.9807639999999999E-3	9.8029080000000008E-3
AT1G78080	RAP2-4	1	29364072	29366207	+	4293	307.06299999999999	5043	400.26600000000002	3774	186.102	2923	183.73500000000001	1.412110255	1.21E-10	1.3000000000000001E-9
AT5G07920	DGK1	5	2524687	2529421	-	1159	82.899199999999993	749	59.448500000000003	730	35.997399999999999	605	38.029299999999999	1.4112939250000001	4.7799999999999996E-9	4.3700000000000001E-8
AT1G18210	CML27	1	6266609	6268939	-	1869	133.68299999999999	1997	158.50299999999999	1483	73.129000000000005	1267	79.641599999999997	1.411262453	8.1500000000000003E-11	8.9500000000000001E-10
AT1G11260	STP1	1	3777236	3780823	+	7531	538.66600000000005	6443	511.38400000000001	5426	267.56400000000002	4458	280.22300000000001	1.4106644989999999	8.9499999999999997E-14	1.2499999999999999E-12
AT2G21500		2	9207432	9210231	-	371	26.536300000000001	297	23.5731	261	12.8703	211	13.2631	1.4102774769999999	3.46E-7	2.48E-6
AT5G13150	ATEXO70C1	5	4172734	4175362	-	645	46.134599999999999	495	39.288400000000003	438	21.598400000000002	365	22.943300000000001	1.410275044	9.1999999999999997E-9	8.1600000000000003E-8
AT5G03190	CPUORF47	5	758374	760382	+	622	44.4895	499	39.605899999999998	440	21.697099999999999	353	22.189	1.409178576	7.5699999999999993E-9	6.7700000000000004E-8
AT5G03380	HIPP06	5	832035	834549	-	4463	319.22300000000001	4696	372.72399999999999	3868	190.73699999999999	2726	171.352	1.4084551279999999	1.5300000000000001E-11	1.79E-10
AT5G67340	PUB2	5	26864395	26867847	+	881	63.014899999999997	620	49.209699999999998	435	21.450500000000002	593	37.274999999999999	1.408297997	1.1999999999999999E-6	7.9999999999999996E-6
AT1G52565		1	19579839	19580977	-	158	11.3012	161	12.778700000000001	145	7.1501700000000001	86	5.4058200000000003	1.4080851130000001	1.09947E-4	5.1383799999999997E-4
AT5G38790		5	15533713	15534371	+	63	4.50617	36	2.8573400000000002	42	2.0710799999999998	28	1.76003	1.4068374429999999	1.5657577999999998E-2	4.0783703999999997E-2
AT1G52245		1	19458612	19459763	-	768	54.932400000000001	832	66.036299999999997	657	32.3977	493	30.9892	1.4067666430000001	4.8E-9	4.3800000000000002E-8
AT1G63440	HMA5	1	23527570	23531226	+	851	60.869100000000003	1045	82.9422	744	36.687800000000003	618	38.846499999999999	1.406422434	1.8600000000000001E-8	1.5800000000000001E-7
AT5G51450	RIN3	5	20892643	20897959	+	620	44.346400000000003	383	30.398900000000001	413	20.3657	296	18.606100000000001	1.405491641	2.9299999999999999E-7	2.12E-6
AT5G37340		5	14787247	14792818	-	197	14.0907	97	7.6989400000000003	107	5.2763299999999997	97	6.0972600000000003	1.405353131	4.8676900000000001E-4	1.9739829999999999E-3
AT1G32750	TAF1	1	11846247	11856765	-	1487	106.36	1240	98.419499999999999	1037	51.136000000000003	893	56.1325	1.404916641	3.2899999999999998E-11	3.7599999999999999E-10
AT1G20460		1	7090941	7093442	+	452	32.33	544	43.177599999999998	425	20.9574	297	18.668900000000001	1.4049072629999999	3.22E-7	2.3099999999999999E-6
AT3G18310		3	6284356	6287225	-	235	16.808700000000002	193	15.3185	146	7.1994800000000003	154	9.6801899999999996	1.4042880499999999	1.8099999999999999E-5	9.8099999999999999E-5
AT1G79710		1	29994962	29997201	+	646	46.206099999999999	387	30.7164	361	17.801500000000001	357	22.4404	1.4040393149999999	6.5700000000000002E-7	4.5199999999999999E-6
AT2G34940	VSR5	2	14740348	14743417	+	282	20.170500000000001	228	18.096499999999999	211	10.4047	153	9.6173300000000008	1.4039883849999999	2.9799999999999998E-6	1.8600000000000001E-5
AT3G15070		3	5070134	5073440	-	784	56.076799999999999	746	59.2104	590	29.093800000000002	500	31.429200000000002	1.403583933	1.37E-9	1.3200000000000001E-8
AT5G03330		5	806964	810401	+	469	33.545900000000003	539	42.780700000000003	388	19.132899999999999	335	21.057600000000001	1.402044061	1.49E-7	1.13E-6
AT1G32230	RCD1	1	11611891	11617419	+	10790	771.77099999999996	9236	733.06600000000003	8228	405.73500000000001	6109	384.00200000000001	1.4013684500000001	1.25E-13	1.7400000000000001E-12
AT1G53760		1	20068965	20071171	-	613	43.845799999999997	706	56.035600000000002	488	24.064	455	28.6006	1.4010736100000001	5.91E-8	4.7399999999999998E-7
AT2G17550		2	7634126	7637832	-	1050	75.102800000000002	784	62.226500000000001	736	36.293300000000002	568	35.703600000000002	1.401004492	7.1600000000000001E-10	7.1399999999999997E-9
AT3G49870	ARL8A	3	18492274	18494285	-	1453	103.928	1668	132.38999999999999	1358	66.965000000000003	913	57.389699999999998	1.4009875220000001	2.5899999999999999E-9	2.4200000000000002E-8
AT2G23460	XLG1	2	9995465	9999122	+	946	67.664100000000005	1010	80.164299999999997	747	36.835700000000003	653	41.046500000000002	1.400459554	1.9099999999999998E-9	1.81E-8
AT1G62975	BHLH125	1	23328727	23330812	+	698	49.9255	780	61.908999999999999	737	36.342599999999997	356	22.377600000000001	1.4002367309999999	1.2699999999999999E-6	8.4400000000000005E-6
AT1G53320	TULP7	1	19890935	19893504	-	1226	87.691500000000005	1328	105.404	1060	52.270200000000003	786	49.406700000000001	1.399858702	6.9599999999999997E-10	6.9399999999999996E-9
AT5G10820		5	3420700	3423299	-	966	69.0946	967	76.751300000000001	782	38.561599999999999	608	38.2179	1.3993432159999999	5.8500000000000005E-10	5.8699999999999998E-9
AT3G51990		3	19287757	19289388	+	500	35.763300000000001	418	33.176900000000003	375	18.491800000000001	282	17.726099999999999	1.3992146649999999	3.9099999999999999E-8	3.2099999999999998E-7
AT4G08500	MEKK1	4	5403671	5407320	-	745	53.287300000000002	646	51.273400000000002	558	27.515799999999999	437	27.469100000000001	1.398884032	1.7200000000000001E-9	1.6400000000000001E-8
AT1G76700	ATJ10	1	28780408	28783257	-	572	40.913200000000003	657	52.146500000000003	440	21.697099999999999	437	27.469100000000001	1.3988645989999999	1.35E-7	1.0300000000000001E-6
AT1G02810	PME7	1	618061	620502	+	970	69.380700000000004	595	47.225499999999997	682	33.630499999999998	436	27.406300000000002	1.398432057	1.0700000000000001E-7	8.3200000000000004E-7
AT3G49400		3	18319060	18324624	-	251	17.953199999999999	178	14.128	182	8.9747000000000003	125	7.8573000000000004	1.397572979	1.73E-5	9.4099999999999997E-5
AT1G05810	ARA	1	1748259	1749526	+	654	46.778300000000002	657	52.146500000000003	536	26.431000000000001	409	25.709099999999999	1.3973093679999999	6.7100000000000002E-9	6.0199999999999996E-8
AT5G21900		5	7238174	7240535	+	257	18.382300000000001	158	12.5405	188	9.2705699999999993	110	6.9144199999999998	1.396976	6.6099999999999994E-5	3.2371599999999999E-4
AT1G08940		1	2877430	2879169	+	558	39.911799999999999	671	53.257599999999996	489	24.113299999999999	400	25.1434	1.3963053409999999	9.8799999999999998E-8	7.6799999999999999E-7
AT3G57450		3	21261046	21262763	+	806	57.650399999999998	1082	85.878900000000002	874	43.098300000000002	521	32.749200000000002	1.395949331	4.6499999999999999E-7	3.2799999999999999E-6
AT5G56270	WRKY2	5	22779614	22783426	+	199	14.2338	171	13.5724	136	6.7063699999999997	127	7.9830199999999998	1.395126713	3.0199999999999999E-5	1.57696E-4
AT2G36310	URH1	2	15224497	15227276	-	3125	223.52	3139	249.14400000000001	2605	128.45699999999999	1927	121.128	1.3949358890000001	9.3999999999999995E-12	1.13E-10
AT2G37670		2	15797210	15800796	-	297	21.243400000000001	200	15.8741	218	10.7499	139	8.7373200000000004	1.394919875	1.24E-5	6.9300000000000004E-5
AT5G62090	SLK2	5	24934962	24939239	-	1005	71.884100000000004	500	39.685299999999998	629	31.0169	437	27.469100000000001	1.3941999469999999	1.5200000000000001E-6	9.9699999999999994E-6
AT3G08505	MKRN	3	2580077	2582248	-	102	7.2957000000000001	96	7.6195700000000004	77	3.7969900000000001	65	4.0857999999999999	1.3937979949999999	8.7601499999999995E-4	3.3487450000000002E-3
AT5G28830		5	10856661	10858687	+	266	19.0261	305	24.207999999999998	226	11.144399999999999	187	11.7545	1.3927680899999999	4.0199999999999996E-6	2.4499999999999999E-5
AT1G54150	SPL2	1	20215395	20217489	+	413	29.540400000000002	377	29.922699999999999	294	14.4976	270	16.971800000000002	1.3926010529999999	1.9600000000000001E-7	1.4500000000000001E-6
AT1G20670		1	7164082	7168041	-	665	47.565100000000001	561	44.526899999999998	429	21.154599999999999	439	27.594799999999999	1.3922086380000001	3.2100000000000003E-8	2.6600000000000003E-7
AT5G01030		5	9780	13235	+	248	17.738600000000002	153	12.143700000000001	149	7.3474199999999996	134	8.4230199999999993	1.3918833479999999	4.7500000000000003E-5	2.3915699999999999E-4
AT5G45030		5	18172410	18176207	+	379	27.108499999999999	434	34.446800000000003	335	16.519400000000001	256	16.091699999999999	1.391465577	5.3099999999999998E-7	3.7100000000000001E-6
AT5G57660	COL5	5	23355337	23356989	+	1525	109.078	2025	160.72499999999999	1453	71.649600000000007	1140	71.658600000000007	1.391195806	2.1200000000000001E-8	1.79E-7
AT5G28646	WVD2	5	10674712	10677234	+	57	4.0770099999999996	88	6.98461	41	2.0217700000000001	62	3.8972199999999999	1.390988433	9.5254740000000008E-3	2.6734271E-2
AT3G47120		3	17350898	17352853	-	398	28.467600000000001	454	36.034199999999998	299	14.7441	311	19.548999999999999	1.3903758349999999	1.1799999999999999E-6	7.8699999999999992E-6
AT1G69410	ELF5A-3	1	26089030	26090734	+	2409	172.30699999999999	2443	193.90199999999999	1864	91.916700000000006	1627	102.271	1.390334111	3.0600000000000003E-11	3.4999999999999998E-10
AT3G25870		3	9463305	9464676	-	120	8.5831800000000005	186	14.7629	128	6.3118699999999999	97	6.0972600000000003	1.3897045530000001	4.4813600000000002E-4	1.836098E-3
AT2G24050	EIF(ISO)4G2	2	10225225	10228698	-	1202	85.974900000000005	1024	81.275400000000005	853	42.0627	740	46.5152	1.389509171	1.57E-10	1.6600000000000001E-9
AT1G55840		1	20873425	20876346	+	1929	137.97499999999999	1830	145.24799999999999	1467	72.34	1238	77.818700000000007	1.389239202	1.8300000000000001E-11	2.1299999999999999E-10
AT3G45970	EXLA1	3	16896166	16897308	+	625	44.704099999999997	450	35.716700000000003	494	24.3599	287	18.040400000000002	1.389004431	3.1899999999999998E-7	2.3E-6
AT4G14280		4	8222467	8225185	+	99	7.0811200000000003	52	4.1272700000000002	54	2.66282	52	3.26864	1.3883392960000001	5.2923500000000004E-3	1.6101654E-2
AT4G24020	NLP7	4	12479528	12484049	+	1817	129.964	1680	133.34299999999999	1365	67.310199999999995	1153	72.475700000000003	1.386929168	1.9799999999999999E-11	2.3000000000000001E-10
AT1G27100		1	9407085	9411368	-	1465	104.786	1092	86.672600000000003	893	44.035200000000003	915	57.5154	1.386816072	2.5300000000000002E-9	2.37E-8
AT5G23840		5	8035690	8037110	+	873	62.442599999999999	1162	92.2286	953	46.993899999999996	561	35.263599999999997	1.386627109	4.6199999999999998E-7	3.2499999999999998E-6
AT3G21630	CERK1	3	7615357	7618671	-	1958	140.04900000000001	1305	103.57899999999999	1256	61.935299999999998	1067	67.069900000000004	1.385677657	6.9499999999999998E-10	6.9399999999999996E-9
AT5G61820		5	24834300	24836933	-	7364	526.721	8557	679.17399999999998	6379	314.55799999999999	5214	327.74400000000003	1.3856589479999999	1.15E-10	1.2400000000000001E-9
AT1G06870	TPP2	1	2108512	2110986	+	1510	108.005	1278	101.43600000000001	1148	56.6096	867	54.498199999999997	1.3855656270000001	4.2900000000000002E-11	4.8399999999999998E-10
AT4G01070	UGT72B1	4	461513	463556	-	3591	256.85199999999998	4906	389.392	3723	183.58699999999999	2561	160.97999999999999	1.3855051599999999	2.33E-8	1.9600000000000001E-7
AT4G26200	ACS7	4	13275200	13277188	+	250	17.881599999999999	125	9.9213199999999997	139	6.8543000000000003	125	7.8573000000000004	1.385365577	2.08035E-4	9.1704299999999998E-4
AT3G47640	BHLH47	3	17567126	17569394	+	267	19.0976	251	19.922000000000001	176	8.6788299999999996	193	12.1317	1.384560507	1.01E-5	5.7299999999999997E-5
AT3G61980		3	22956000	22956966	-	304	21.7441	347	27.541599999999999	265	13.067600000000001	210	13.2003	1.3831217659999999	2.0700000000000001E-6	1.3200000000000001E-5
AT5G14710		5	4746264	4747934	+	271	19.383700000000001	221	17.540900000000001	218	10.7499	141	8.8630300000000002	1.380563948	7.8399999999999995E-6	4.5399999999999999E-5
AT5G26749		5	9398015	9399267	-	99	7.0811200000000003	93	7.3814599999999997	87	4.2900999999999998	54	3.3943500000000002	1.38022942	1.3315340000000001E-3	4.8543639999999999E-3
AT1G78310	VQ9	1	29463548	29465249	-	493	35.262599999999999	443	35.161200000000001	401	19.773900000000001	282	17.726099999999999	1.3797889459999999	7.0200000000000007E-8	5.5799999999999999E-7
AT4G33040	GRXC6	4	15940228	15941493	-	122	8.7262299999999993	155	12.3024	123	6.0653199999999998	82	5.1543900000000002	1.3794398809999999	3.8967E-4	1.6176719999999999E-3
AT5G25880	NADP-ME3	5	9024334	9028395	+	124	8.8692899999999995	102	8.0958000000000006	111	5.4735800000000001	56	3.52007	1.3788947469999999	1.0309659999999999E-3	3.8607390000000002E-3
AT5G48720	XRI1	5	19758881	19762015	+	381	27.2516	337	26.747900000000001	264	13.0182	252	15.840299999999999	1.378685795	5.7599999999999997E-7	3.9999999999999998E-6
AT5G10650		5	3364928	3368439	-	614	43.917299999999997	751	59.607300000000002	600	29.5869	410	25.771899999999999	1.3782137109999999	1.8300000000000001E-7	1.3599999999999999E-6
AT2G19380	UBA1C	2	8383807	8387012	+	96	6.8665500000000002	134	10.6357	80	3.9449200000000002	87	5.46868	1.377130878	1.32565E-3	4.8352509999999996E-3
AT5G04770	CAT6	5	1378621	1382478	+	1371	98.062799999999996	964	76.513199999999998	949	46.796599999999998	735	46.200899999999997	1.3770784170000001	9.7100000000000006E-10	9.4899999999999993E-9
AT2G46170	RTNLB5	2	18965068	18967271	+	1675	119.807	1622	128.739	1315	64.8446	1083	68.075599999999994	1.3768278789999999	5.3600000000000001E-11	5.98E-10
AT1G29740		1	10407220	10413119	-	127	9.0838699999999992	59	4.6828599999999998	50	2.4655800000000001	78	4.9029499999999997	1.3767368550000001	6.7709980000000003E-3	1.9944917E-2
AT1G04000		1	1027853	1029119	-	338	24.175999999999998	324	25.716100000000001	267	13.1662	215	13.5146	1.3762580099999999	7.1399999999999996E-7	4.8899999999999998E-6
AT5G16650		5	5463177	5465398	-	524	37.479900000000001	574	45.558700000000002	447	22.042200000000001	357	22.4404	1.375616314	7.7499999999999999E-8	6.1200000000000003E-7
AT2G31260	ATG9	2	13321833	13327496	-	948	67.807100000000005	1292	102.547	879	43.344799999999999	767	48.212400000000002	1.3753493720000001	1.6E-7	1.2100000000000001E-6
AT4G24580	REN1	4	12687879	12694656	-	923	66.019000000000005	560	44.447499999999998	610	30.08	458	28.789100000000001	1.374144311	9.8500000000000002E-8	7.6700000000000003E-7
AT3G03490	PEX19-1	3	830116	831997	-	240	17.166399999999999	450	35.716700000000003	300	14.7935	218	13.703099999999999	1.373409087	1.2452200000000001E-4	5.74574E-4
AT3G63310	BIL4	3	23387718	23389038	-	2372	169.661	2156	171.12299999999999	1875	92.459100000000007	1433	90.076099999999997	1.372942723	8.7899999999999995E-12	1.06E-10
AT4G33470	HDA14	4	16102595	16105550	-	47	3.3617499999999998	44	3.4923000000000002	40	1.9724600000000001	27	1.6971799999999999	1.37040315	1.8755904E-2	4.7474897000000002E-2
AT5G57610		5	23324643	23329546	+	727	51.9998	583	46.273000000000003	528	26.0365	424	26.652000000000001	1.3702019190000001	6.3499999999999998E-9	5.7100000000000002E-8
AT1G78830		1	29636818	29638773	-	2122	151.779	1706	135.40600000000001	1298	64.006399999999999	1436	90.264600000000002	1.3699488950000001	3.1500000000000001E-9	2.9300000000000001E-8
AT1G59590	ZCF37	1	21887588	21888792	+	1209	86.4756	806	63.972700000000003	930	45.859699999999997	549	34.509300000000003	1.3696085060000001	6.7099999999999999E-8	5.3399999999999999E-7
AT5G46040	NPF5.3	5	18671397	18673551	-	270	19.312200000000001	145	11.508699999999999	113	5.5721999999999996	175	11.0002	1.369206648	6.22341E-4	2.4619080000000001E-3
AT2G04170		2	1417178	1419621	-	3745	267.86700000000002	2825	224.22200000000001	2869	141.47499999999999	1946	122.322	1.367905535	4.9600000000000002E-11	5.5600000000000004E-10
AT5G51180		5	20796950	20801479	+	524	37.479900000000001	536	42.5426	414	20.414999999999999	361	22.6919	1.3677360759999999	6.6800000000000003E-8	5.3200000000000005E-7
AT3G52220		3	19369362	19371074	-	868	62.085000000000001	1148	91.117400000000004	839	41.372399999999999	658	41.360799999999998	1.3669530329999999	1.29E-7	9.8400000000000002E-7
AT5G01600	FER1	5	227953	230051	-	1864	133.32499999999999	2577	204.53800000000001	2198	108.387	1175	73.858599999999996	1.3669370030000001	8.1800000000000005E-7	5.5500000000000002E-6
AT3G56170	CAN1	3	20842145	20844537	+	833	59.581600000000002	891	70.719200000000001	818	40.336799999999997	473	29.731999999999999	1.366749123	1.01E-7	7.8199999999999999E-7
AT5G10030	TGA4	5	3137289	3144269	-	1124	80.395799999999994	832	66.036299999999997	789	38.906799999999997	632	39.726500000000001	1.3666625590000001	1.32E-9	1.27E-8
AT4G00300		4	128581	130331	+	1325	94.772599999999997	1075	85.323300000000003	987	48.670499999999997	766	48.149500000000003	1.3660146639999999	1.79E-10	1.8800000000000001E-9
AT3G59290	EPSIN3	3	21911501	21917860	+	591	42.272199999999998	418	33.176900000000003	372	18.343900000000001	354	22.251899999999999	1.3655626890000001	2.0599999999999999E-7	1.5200000000000001E-6
AT1G44760		1	16896679	16898645	-	392	28.038399999999999	308	24.446100000000001	277	13.6593	232	14.5831	1.3654030589999999	5.9800000000000003E-7	4.1400000000000002E-6
AT1G03190	XPD	1	775527	780062	+	270	19.312200000000001	442	35.081800000000001	251	12.3772	273	17.160299999999999	1.36505363	7.5199999999999998E-5	3.6228900000000001E-4
AT1G17550	HAB2	1	6034270	6037398	+	1692	121.023	1182	93.816000000000003	1211	59.716299999999997	886	55.692500000000003	1.364311289	8.7799999999999997E-10	8.6599999999999995E-9
AT3G06780		3	2143488	2144521	+	507	36.2639	568	45.082500000000003	479	23.620200000000001	324	20.366099999999999	1.3604216	2.7000000000000001E-7	1.95E-6
AT5G52870	MAKR5	5	21427827	21429495	-	309	22.101700000000001	333	26.430399999999999	259	12.771699999999999	215	13.5146	1.3597994179999999	2.17E-6	1.38E-5
AT4G27470	RMA3	4	13734922	13736518	+	431	30.8279	319	25.319199999999999	305	15.04	243	15.2746	1.3590591919999999	5.4099999999999999E-7	3.7699999999999999E-6
AT2G47410		2	19448139	19457303	+	1279	91.482399999999998	830	65.877600000000001	799	39.399900000000002	725	45.572299999999998	1.3578816890000001	1.6499999999999999E-8	1.4100000000000001E-7
AT5G67580	TRB2	5	26955568	26957774	-	420	30.0411	724	57.464300000000001	464	22.880500000000001	395	24.8291	1.3575306389999999	2.2099999999999998E-5	1.18625E-4
AT1G03200		1	780519	782946	+	57	4.0770099999999996	71	5.6353099999999996	63	3.10663	34	2.1371899999999999	1.3574438289999999	9.4774839999999996E-3	2.6612802000000001E-2
AT3G43230		3	15207367	15209853	+	1256	89.837299999999999	1466	116.357	1193	58.828600000000002	845	53.115299999999998	1.356575672	9.8400000000000008E-9	8.6700000000000002E-8
AT5G19000	BPM1	5	6342220	6344993	+	1377	98.492000000000004	1449	115.008	1207	59.518999999999998	896	56.321100000000001	1.3562500710000001	8.8800000000000004E-10	8.7500000000000006E-9
AT1G26270	PI4KG5	1	9089469	9092560	-	2481	177.45699999999999	2372	188.267	1884	92.902900000000002	1680	105.602	1.3559441329999999	4.4299999999999998E-11	5.0000000000000003E-10
AT5G66810		5	26672873	26676672	+	607	43.416600000000003	620	49.209699999999998	469	23.127099999999999	433	27.217700000000001	1.3554925250000001	5.17E-8	4.1800000000000001E-7
AT1G70320	UPL2	1	26488454	26501652	-	6616	473.21899999999999	3232	256.52600000000001	3643	179.642	3402	213.84399999999999	1.354860733	3.1800000000000002E-7	2.2800000000000002E-6
AT3G59830		3	22102647	22105441	-	109	7.7963899999999997	79	6.27027	78	3.8462999999999998	60	3.7715000000000001	1.3541782550000001	1.6374549999999999E-3	5.8093779999999996E-3
AT4G12080	AHL1	4	7239200	7241675	+	2284	163.36699999999999	2387	189.458	1975	97.390299999999996	1503	94.476200000000006	1.3532863079999999	1.4399999999999999E-10	1.5300000000000001E-9
AT4G30935	WRKY32	4	15051764	15054107	-	268	19.1691	422	33.494399999999999	285	14.053800000000001	234	14.7089	1.352872584	3.96E-5	2.02616E-4
AT1G45180		1	17098475	17101954	+	224	16.021899999999999	233	18.493300000000001	192	9.4678100000000001	148	9.3030399999999993	1.3521753439999999	1.5699999999999999E-5	8.6100000000000006E-5
AT1G19490		1	6751544	6754073	-	123	8.7977600000000002	119	9.4451000000000001	86	4.2407899999999996	91	5.72011	1.351082482	6.36609E-4	2.5108769999999999E-3
AT5G16900		5	5555057	5559997	+	221	15.807399999999999	151	11.984999999999999	131	6.4598100000000001	138	8.6744599999999998	1.350452338	1.0825200000000001E-4	5.0716800000000001E-4
AT2G22900	GT7	2	9744146	9746435	-	838	59.9392	1047	83.100999999999999	810	39.942300000000003	607	38.155000000000001	1.349760584	9.2399999999999994E-8	7.2200000000000003E-7
AT1G11950		1	4034479	4039065	-	275	19.669799999999999	179	14.2073	199	9.8129899999999992	136	8.5487400000000004	1.349648996	3.3699999999999999E-5	1.7451500000000001E-4
AT1G32730		1	11840910	11843308	+	199	14.2338	199	15.794700000000001	138	6.8049900000000001	153	9.6173300000000008	1.349428952	7.2999999999999999E-5	3.5288300000000002E-4
AT2G24610	ATCNGC14	2	10456879	10460571	+	1247	89.193600000000004	773	61.353400000000001	856	42.210700000000003	627	39.412199999999999	1.3492557030000001	3.99E-8	3.27E-7
AT4G31290	GGCT2;2	4	15185775	15188484	+	1703	121.81	2832	224.77699999999999	1873	92.360500000000002	1555	97.744799999999998	1.3488454780000001	1.9700000000000002E-6	1.26E-5
AT5G47050		5	19106297	19108348	+	1794	128.31899999999999	1987	157.709	1574	77.616299999999995	1250	78.572999999999993	1.34852192	9.5000000000000003E-10	9.3100000000000003E-9
AT5G44380		5	17878672	17881495	-	19406	1388.04	13537	1074.44	12306	606.82799999999997	11651	732.36300000000006	1.348149375	9.7100000000000006E-11	1.0500000000000001E-9
AT1G07290	GONST2	1	2242012	2244992	-	174	12.445600000000001	252	20.0014	168	8.2843400000000003	151	9.4916199999999993	1.348097122	1.4193300000000001E-4	6.4607499999999997E-4
AT5G36880	ACS	5	14534585	14540441	-	7674	548.89400000000001	4426	351.29399999999998	4961	244.63399999999999	3876	243.63900000000001	1.347684755	6.0200000000000003E-9	5.4300000000000003E-8
AT3G49590		3	18377409	18380369	+	1208	86.403999999999996	1171	92.942899999999995	1045	51.530500000000004	736	46.263800000000003	1.347230165	1.1200000000000001E-9	1.09E-8
AT3G20770	EIN3	3	7260429	7263384	-	3819	273.16000000000003	2972	235.88900000000001	2801	138.12200000000001	2217	139.357	1.3455423449999999	1.0099999999999999E-11	1.2E-10
AT2G44410		2	18328322	18330420	+	942	67.378	781	61.988399999999999	683	33.6798	588	36.960700000000003	1.3450090939999999	2.3100000000000001E-9	2.1699999999999999E-8
AT2G23320	WRKY15	2	9924886	9926372	+	1253	89.622699999999995	1073	85.164599999999993	889	43.837899999999998	825	51.858199999999997	1.342310592	1.0399999999999999E-9	1.0099999999999999E-8
AT1G35720	ANN1	1	13225168	13227239	+	12624	902.95100000000002	12138	963.4	10776	531.38099999999997	7802	490.42099999999999	1.3420830880000001	4.5800000000000003E-12	5.64E-11
AT4G34580	SFH1	4	16515102	16518746	+	902	64.516900000000007	1187	94.212800000000001	1042	51.382599999999996	567	35.640700000000002	1.3420201679999999	1.77E-6	1.15E-5
AT1G75370		1	28276281	28280033	-	889	63.5871	928	73.655900000000003	794	39.153300000000002	573	36.017899999999997	1.341987389	8.7899999999999996E-9	7.8100000000000005E-8
AT1G78050	PGM	1	29347581	29349755	+	351	25.105799999999999	476	37.7804	334	16.47	288	18.103200000000001	1.3419790279999999	6.4500000000000001E-6	3.79E-5
AT2G02730		2	764547	767500	-	557	39.840299999999999	656	52.067100000000003	519	25.592700000000001	395	24.8291	1.341749573	2.3900000000000001E-7	1.75E-6
AT1G48605	HAL3B	1	17969395	17970551	-	100	7.1526500000000004	93	7.3814599999999997	81	3.9942299999999999	63	3.96008	1.34170016	1.4257110000000001E-3	5.1585839999999999E-3
AT5G54640	RAT5	5	22196287	22197492	+	624	44.6325	1260	100.00700000000001	814	40.139600000000002	634	39.852200000000003	1.3388631010000001	5.3699999999999997E-5	2.6772100000000001E-4
AT3G09330	AVT1G	3	2864682	2867357	-	180	12.8748	57	4.5241199999999999	100	4.9311499999999997	72	4.5258000000000003	1.3382503530000001	6.2388280000000001E-3	1.8600416000000002E-2
AT1G69840	HIR2	1	26293588	26295922	-	276	19.741299999999999	280	22.223800000000001	211	10.4047	202	12.6974	1.337703995	7.7600000000000002E-6	4.5000000000000003E-5
AT5G41080	GDPD2	5	16441655	16444023	+	5828	416.85700000000003	6457	512.49599999999998	4804	236.893	4373	274.88	1.337550091	3.8200000000000003E-10	3.8799999999999998E-9
AT5G13030		5	4133134	4136688	+	1638	117.16	1661	131.834	1317	64.943299999999994	1147	72.098600000000005	1.336590307	5.2099999999999996E-10	5.2400000000000001E-9
AT2G47890	COL13	2	19607996	19610287	+	1249	89.336600000000004	1460	115.881	1155	56.954799999999999	893	56.1325	1.3358693610000001	1.11E-8	9.7699999999999995E-8
AT1G53035		1	19761550	19762561	-	111	7.9394400000000003	118	9.3657299999999992	95	4.68459	77	4.8400999999999996	1.335732895	7.7320000000000004E-4	2.992162E-3
AT5G17020	XPO1	5	5594632	5602969	+	3303	236.25200000000001	2579	204.697	2342	115.488	2016	126.723	1.3352022100000001	3E-11	3.44E-10
AT3G58630		3	21683516	21686039	-	349	24.962800000000001	346	27.462199999999999	287	14.1524	234	14.7089	1.33497881	1.1999999999999999E-6	8.0099999999999995E-6
AT5G58730		5	23723404	23725585	-	1095	78.3215	1186	94.133499999999998	942	46.451500000000003	774	48.6524	1.3341376700000001	5.0799999999999998E-9	4.6299999999999998E-8
AT5G62420		5	25064793	25066336	+	210	15.0206	80	6.34964	155	7.6432900000000004	63	3.96008	1.334083803	4.9060379999999997E-3	1.5084448E-2
AT3G48180		3	17790312	17790919	-	70	5.0068599999999996	187	14.8423	108	5.3256399999999999	91	5.72011	1.33177703	6.7400389999999998E-3	1.9866671999999998E-2
AT2G38210	PDX1L4	2	16006749	16007722	+	65	4.6492199999999997	69	5.4765699999999997	50	2.4655800000000001	50	3.1429200000000002	1.3305889120000001	7.3033339999999999E-3	2.1285453999999999E-2
AT5G49280		5	19976222	19977620	-	1116	79.823599999999999	745	59.131100000000004	795	39.2027	592	37.212200000000003	1.3300569390000001	2.29E-8	1.9299999999999999E-7
AT2G41500	LIS	2	17304130	17307426	-	712	50.926900000000003	660	52.384599999999999	553	27.269300000000001	474	29.794899999999998	1.330014249	1.44E-8	1.2499999999999999E-7
AT3G50960	PLP3A	3	18938697	18940428	-	403	28.825199999999999	465	36.907299999999999	375	18.491800000000001	284	17.851800000000001	1.3298983449999999	1.1799999999999999E-6	7.9000000000000006E-6
AT2G43490		2	18054392	18058924	-	1065	76.175700000000006	853	67.703100000000006	799	39.399900000000002	635	39.915100000000002	1.3298945170000001	1.74E-9	1.66E-8
AT3G50790		3	18879893	18882237	-	384	27.466200000000001	189	15.000999999999999	242	11.933400000000001	181	11.3774	1.329103191	8.0099999999999995E-5	3.84853E-4
AT5G38530	TSBtype2	5	15423980	15426576	+	1571	112.36799999999999	1817	144.21600000000001	1393	68.690899999999999	1169	73.481499999999997	1.328582892	6.0600000000000002E-9	5.47E-8
AT1G02450	NIMIN-1	1	497917	498539	-	60	4.2915900000000002	69	5.4765699999999997	73	3.5997400000000002	28	1.76003	1.328469106	1.4933913E-2	3.9110652000000003E-2
AT2G18090		2	7864175	7867820	+	2084	149.06100000000001	1602	127.152	1489	73.424899999999994	1258	79.075900000000004	1.3275244020000001	1.72E-10	1.81E-9
AT3G03610		3	868741	871837	+	571	40.8416	689	54.686300000000003	509	25.099599999999999	444	27.909099999999999	1.327248634	4.1399999999999997E-7	2.9299999999999999E-6
AT5G43430	ETFBETA	5	17453517	17455297	+	550	39.339599999999997	688	54.606900000000003	539	26.578900000000001	406	25.520499999999998	1.326995623	6.4899999999999995E-7	4.4800000000000003E-6
AT3G21340		3	7511756	7516073	-	782	55.933700000000002	621	49.289099999999998	595	29.340399999999999	458	28.789100000000001	1.3263444419999999	1.29E-8	1.12E-7
AT3G25230	ROF1	3	9188096	9191630	+	5389	385.45600000000002	4507	357.72300000000001	3946	194.583	3444	216.48400000000001	1.3263109289999999	8.0300000000000003E-12	9.6800000000000004E-11
AT2G41190	AVT1A	2	17167279	17170559	-	358	25.6065	463	36.748600000000003	386	19.034199999999998	247	15.526	1.32601883	8.5399999999999996E-6	4.9100000000000001E-5
AT1G78240	QUA2	1	29432829	29436674	-	1537	109.93600000000001	1733	137.54900000000001	1416	69.825100000000006	1073	67.447000000000003	1.3257932969999999	4.2700000000000004E-9	3.9400000000000002E-8
AT2G28710		2	12322386	12323584	+	84	6.0082300000000002	187	14.8423	105	5.1777100000000003	103	6.4744099999999998	1.3256290900000001	4.074116E-3	1.2860956999999999E-2
AT5G03470	B'ALPHA	5	866339	869252	+	561	40.126399999999997	489	38.812199999999997	467	23.028500000000001	328	20.617599999999999	1.325169518	9.8700000000000004E-8	7.6799999999999999E-7
AT5G26230	MAKR1	5	9172911	9174598	-	205	14.6629	176	13.969200000000001	151	7.44604	134	8.4230199999999993	1.324984004	5.1700000000000003E-5	2.58593E-4
AT1G16510	SAUR41	1	5644572	5645443	-	66	4.7207499999999998	94	7.4608299999999996	66	3.2545600000000001	56	3.52007	1.324614551	5.4452499999999996E-3	1.6497835999999998E-2
AT1G27210	TOR1L4	1	9455277	9458176	-	1405	100.495	1040	82.545400000000001	1089	53.700200000000002	755	47.458100000000002	1.323701257	3.3200000000000001E-9	3.0799999999999998E-8
AT3G18610	NUCL2	3	6404053	6407946	-	89	6.3658599999999996	112	8.8895	78	3.8462999999999998	74	4.6515199999999997	1.323055039	2.1316719999999998E-3	7.3280469999999999E-3
AT1G24490	ALB3L1	1	8682195	8685271	+	259	18.525400000000001	425	33.732500000000002	251	12.3772	268	16.846	1.3224637029999999	1.2955099999999999E-4	5.9559299999999995E-4
AT2G31955	CNX2	2	13583985	13586703	-	604	43.201999999999998	632	50.162199999999999	502	24.7544	432	27.154800000000002	1.3222626790000001	8.4899999999999999E-8	6.6700000000000003E-7
AT5G14420	RGLG2	5	4648081	4651442	-	894	63.944699999999997	747	59.2898	660	32.5456	570	35.829300000000003	1.3221388160000001	5.45E-9	4.95E-8
AT1G68920	BHLH49	1	25914976	25918007	+	1167	83.471400000000003	735	58.337400000000002	811	39.991599999999998	611	38.406500000000001	1.321684402	6.2499999999999997E-8	4.9999999999999998E-7
AT4G22770	AHL2	4	11963579	11965769	-	139	9.9421900000000001	150	11.9056	125	6.1639400000000002	95	5.9715499999999997	1.321636091	3.0062099999999999E-4	1.281667E-3
AT3G19590	BUB3.1	3	6805622	6808593	+	452	32.33	330	26.192299999999999	293	14.4483	287	18.040400000000002	1.3214942329999999	1.7799999999999999E-6	1.15E-5
AT5G64690		5	25862715	25864792	+	63	4.50617	77	6.1115300000000001	55	2.7121300000000002	51	3.2057799999999999	1.321455083	7.127726E-3	2.0859401999999999E-2
AT4G22350		4	11803768	11807417	-	284	20.313500000000001	266	21.1126	242	11.933400000000001	176	11.0631	1.3204729879999999	6.19E-6	3.65E-5
AT1G11400	PYM	1	3837694	3841218	+	708	50.640799999999999	1049	83.259699999999995	815	40.188899999999997	550	34.572099999999999	1.3191599629999999	3.54E-6	2.1800000000000001E-5
AT1G25560	TEM1	1	8981556	8983314	-	1834	131.18	2084	165.40799999999999	1660	81.857100000000003	1329	83.538799999999995	1.318680834	3.41E-9	3.1699999999999999E-8
AT3G54870	KINUC	3	20330680	20336866	+	314	22.459299999999999	213	16.905899999999999	247	12.1799	153	9.6173300000000008	1.317913423	2.73E-5	1.44127E-4
AT2G36895		2	15488535	15490449	-	482	34.4758	456	36.192999999999998	416	20.5136	299	18.794699999999999	1.317860882	2.4699999999999998E-7	1.81E-6
AT5G14230		5	4591690	4595964	+	381	27.2516	370	29.367100000000001	279	13.757899999999999	284	17.851800000000001	1.3175753320000001	2.39E-6	1.52E-5
AT3G11410	PP2CA	3	3583782	3585850	-	1490	106.575	1344	106.67400000000001	1359	67.014399999999995	821	51.606699999999996	1.3161509149999999	9.2400000000000004E-9	8.1899999999999999E-8
AT5G16680		5	5467228	5473592	-	1690	120.88	1054	83.656599999999997	1118	55.130299999999998	930	58.458300000000001	1.3158184879999999	2.51E-8	2.11E-7
AT1G15230		1	5242073	5243262	-	556	39.768700000000003	665	52.781399999999998	561	27.663799999999998	382	24.011900000000001	1.3153899819999999	7.1500000000000004E-7	4.8899999999999998E-6
AT1G12760		1	4348498	4350993	+	2552	182.536	2537	201.363	2223	109.62	1665	104.65900000000001	1.3147736860000001	1.57E-10	1.6600000000000001E-9
AT2G36740	SWC2	2	15406622	15409912	-	327	23.389199999999999	427	33.891199999999998	335	16.519400000000001	247	15.526	1.3142374269999999	9.7499999999999998E-6	5.5500000000000001E-5
AT5G03700		5	965562	967432	-	843	60.296799999999998	856	67.941199999999995	757	37.328800000000001	545	34.257800000000003	1.3140923600000001	1.7100000000000001E-8	1.4600000000000001E-7
AT5G65110	ACX2	5	26009521	26012684	-	3162	226.167	3172	251.76300000000001	2699	133.09200000000001	2134	134.13999999999999	1.3128633620000001	9.0900000000000004E-11	9.9200000000000009E-10
AT3G07360	PUB9	3	2354640	2356884	+	1588	113.584	1224	97.149600000000007	1320	65.091200000000001	831	52.235300000000002	1.3128181889999999	7.0699999999999998E-9	6.3300000000000004E-8
AT1G14000	VIK	1	4797358	4800283	+	2305	164.869	2231	177.07599999999999	1942	95.763000000000005	1519	95.481899999999996	1.3117883450000001	1.2400000000000001E-10	1.3399999999999999E-9
AT1G54100	ALDH7B4	1	20194712	20199193	-	6422	459.34300000000002	9003	714.57299999999998	6810	335.81099999999998	5147	323.53199999999998	1.3116125270000001	9.76E-8	7.6000000000000003E-7
AT2G44490	BGLU26	2	18364652	18367835	+	4004	286.392	2632	208.90299999999999	2651	130.72499999999999	2314	145.45400000000001	1.3108410020000001	1.73E-9	1.6499999999999999E-8
AT4G37640	ACA2	4	17682859	17687105	-	3350	239.614	2097	166.44	2412	118.93899999999999	1705	107.17400000000001	1.310429931	9.0300000000000005E-9	8.0200000000000003E-8
AT1G02860	BAH1	1	635144	637262	+	676	48.351900000000001	638	50.638399999999997	618	30.474499999999999	395	24.8291	1.310408953	1.1300000000000001E-7	8.71E-7
AT5G15640		5	5087219	5090047	+	832	59.510100000000001	855	67.861800000000002	719	35.454999999999998	571	35.892099999999999	1.310384947	1.55E-8	1.3300000000000001E-7
AT1G03905	ABCI19	1	993400	995989	+	405	28.9682	400	31.748200000000001	301	14.8428	306	19.2347	1.3100728020000001	1.9999999999999999E-6	1.2799999999999999E-5
AT3G05700	DI19-3	3	1681817	1684597	-	276	19.741299999999999	292	23.176200000000001	238	11.7361	196	12.3202	1.3099118940000001	8.4400000000000005E-6	4.8600000000000002E-5
AT5G42350		5	16931531	16934031	+	311	22.244700000000002	316	25.081099999999999	260	12.821	218	13.703099999999999	1.3098792370000001	3.9600000000000002E-6	2.41E-5
AT3G52100		3	19319223	19322985	+	622	44.4895	553	43.8919	464	22.880500000000001	424	26.652000000000001	1.3092811879999999	7.5600000000000002E-8	5.9800000000000003E-7
AT2G36390	SBE2.1	2	15264211	15270092	+	839	60.0107	553	43.8919	562	27.713100000000001	483	30.360600000000002	1.3081482980000001	1.5800000000000001E-7	1.19E-6
AT4G22850		4	11993955	11996335	+	268	19.1691	370	29.367100000000001	288	14.201700000000001	208	13.0745	1.308081753	3.4E-5	1.76064E-4
AT5G50250	CP31B	5	20452487	20454041	-	252	18.024699999999999	187	14.8423	166	8.1857100000000003	163	10.245900000000001	1.3077997240000001	4.6699999999999997E-5	2.35496E-4
AT4G20040		4	10847299	10849115	-	95	6.7950200000000001	70	5.5559399999999997	87	4.2900999999999998	41	2.5771899999999999	1.307725896	6.1210450000000003E-3	1.8297542E-2
AT3G57400		3	21238223	21240228	+	617	44.131900000000002	489	38.812199999999997	491	24.212	353	22.189	1.307333211	1.11E-7	8.5600000000000004E-7
AT4G14990		4	8565622	8569871	-	2044	146.19999999999999	1563	124.056	1633	80.525700000000001	1124	70.652799999999999	1.3067321300000001	9.7700000000000004E-10	9.5399999999999997E-9
AT1G04990		1	1418612	1421863	-	707	50.569200000000002	622	49.368499999999997	561	27.663799999999998	452	28.411999999999999	1.305853181	2.1900000000000001E-8	1.8400000000000001E-7
AT4G10040	CYTC-2	4	6276948	6278622	+	1355	96.918400000000005	1424	113.024	1245	61.392800000000001	900	56.572499999999998	1.305514705	4.3699999999999996E-9	4.0200000000000003E-8
AT5G15070		5	4876515	4885836	+	357	25.535	216	17.143999999999998	236	11.637499999999999	195	12.257400000000001	1.304733068	2.37E-5	1.2650199999999999E-4
AT5G05320		5	1574862	1576731	-	76	5.4360099999999996	51	4.0479000000000003	70	3.45181	29	1.8228899999999999	1.304174706	1.6096401E-2	4.1825015E-2
AT1G70070	ISE2	1	26390016	26394196	-	252	18.024699999999999	180	14.2867	161	7.9391499999999997	163	10.245900000000001	1.302607455	6.7299999999999996E-5	3.2841100000000002E-4
AT2G19620	NDL3	2	8485991	8488963	-	469	33.545900000000003	364	28.890899999999998	385	18.9849	255	16.0289	1.3023991189999999	1.15E-6	7.7000000000000008E-6
AT5G09430		5	2931963	2933423	+	91	6.5089100000000002	102	8.0958000000000006	90	4.43804	60	3.7715000000000001	1.302278933	2.4041700000000002E-3	8.1336480000000003E-3
AT5G51570	HIR4	5	20949291	20951512	+	894	63.944699999999997	906	71.909700000000001	813	40.090299999999999	579	36.395000000000003	1.30173663	1.85E-8	1.5800000000000001E-7
AT1G08060	MOM	1	2501704	2511084	-	566	40.484000000000002	345	27.3828	367	18.097300000000001	318	19.989000000000001	1.301626502	2.9799999999999998E-6	1.8600000000000001E-5
AT3G49760	AtbZIP5	3	18455231	18456125	-	178	12.7317	252	20.0014	189	9.3198799999999995	146	9.1773199999999999	1.3008640279999999	1.8383700000000001E-4	8.2041700000000004E-4
AT5G02430		5	526433	529982	+	152	10.872	67	5.3178299999999998	86	4.2407899999999996	77	4.8400999999999996	1.300407922	3.99403E-3	1.2633678000000001E-2
AT4G09570	CPK4	4	6049441	6052380	+	666	47.636699999999998	678	53.813200000000002	560	27.6145	472	29.6692	1.299330452	6.2800000000000006E-8	5.0200000000000002E-7
AT2G39270		2	16399969	16401671	+	583	41.7	661	52.463900000000002	525	25.888500000000001	435	27.343399999999999	1.2989400360000001	2.9900000000000002E-7	2.1600000000000001E-6
AT1G25370		1	8897564	8899111	-	190	13.59	250	19.842600000000001	228	11.243	121	7.6058599999999998	1.2983713750000001	2.8509E-4	1.2212119999999999E-3
AT5G15740		5	5134507	5137707	-	1569	112.22499999999999	1241	98.498900000000006	1199	59.124499999999998	949	59.6526	1.2975367879999999	7.3299999999999995E-10	7.3E-9
AT5G40510		5	16228960	16231142	+	2269	162.29400000000001	1729	137.232	1806	89.056600000000003	1267	79.641599999999997	1.297019682	7.5899999999999996E-10	7.54E-9
AT5G18360		5	6079768	6083077	-	211	15.0921	126	10.0007	118	5.8187600000000002	133	8.3601700000000001	1.2963272320000001	5.38588E-4	2.1650829999999999E-3
AT4G26320	AGP13	4	13317053	13317640	-	4152	296.97800000000001	3700	293.67099999999999	3660	180.48	2434	152.99700000000001	1.295697844	1.9799999999999999E-10	2.0700000000000001E-9
AT2G33150	PED1	2	14047478	14051400	-	6004	429.44499999999999	8941	709.65200000000004	6393	315.24900000000002	5287	332.33199999999999	1.29568547	4.3099999999999998E-7	3.0400000000000001E-6
AT1G20920	RH42	1	7285042	7289943	+	2053	146.84399999999999	1715	136.12	1742	85.900700000000001	1175	73.858599999999996	1.294574098	8.5500000000000005E-10	8.4499999999999996E-9
AT1G07030		1	2158413	2160818	-	958	68.522400000000005	1192	94.609700000000004	968	47.733600000000003	713	44.817999999999998	1.2942716569999999	1.97E-7	1.46E-6
AT4G31860		4	15406439	15409056	-	1349	96.4893	1882	149.375	1319	65.041899999999998	1191	74.8643	1.29369862	6.5199999999999996E-7	4.4900000000000002E-6
AT4G20320		4	10974456	10979627	+	953	68.1648	1198	95.085899999999995	1002	49.4101	688	43.246600000000001	1.2932164799999999	3.3099999999999999E-7	2.3700000000000002E-6
AT1G69830	AMY3	1	26288228	26293173	-	556	39.768700000000003	494	39.209099999999999	401	19.773900000000001	398	25.017600000000002	1.2931591769999999	4.01E-7	2.8499999999999998E-6
AT2G18790	PHYB	2	8139756	8144461	+	2069	147.988	1783	141.518	1633	80.525700000000001	1327	83.4131	1.292401777	1.6100000000000001E-10	1.6999999999999999E-9
AT1G54710	ATG18H	1	20416770	20421156	-	1582	113.155	1350	107.15	1230	60.653199999999998	1021	64.178399999999996	1.29155427	5.2600000000000004E-10	5.2899999999999997E-9
AT3G25290		3	9208861	9210653	+	1307	93.485200000000006	1343	106.595	1226	60.4559	845	53.115299999999998	1.2900614640000001	8.6399999999999999E-9	7.6899999999999994E-8
AT4G37030		4	17451637	17454760	+	199	14.2338	241	19.128299999999999	116	5.7201399999999998	213	13.3888	1.2899532389999999	1.4377159999999999E-3	5.1978620000000001E-3
AT4G12910	SCPL20	4	7550238	7553375	-	505	36.120899999999999	444	35.240499999999997	466	22.979199999999999	277	17.411799999999999	1.289509789	1.48E-6	9.7200000000000001E-6
AT1G71720		1	26983615	26985990	+	198	14.1622	188	14.9217	180	8.8760700000000003	121	7.6058599999999998	1.28940214	8.8900000000000006E-5	4.2316400000000002E-4
AT5G24260		5	8234684	8238294	-	1243	88.907499999999999	1175	93.260400000000004	1050	51.777099999999997	822	51.669600000000003	1.2893586319999999	1.9399999999999999E-9	1.8399999999999999E-8
AT1G52330		1	19488755	19489914	+	305	21.8156	257	20.398199999999999	288	14.201700000000001	154	9.6801899999999996	1.287760832	3.9799999999999998E-5	2.03224E-4
AT4G15550	UGT75D1	4	8877590	8879327	-	996	71.240399999999994	1473	116.913	1035	51.037399999999998	899	56.509700000000002	1.2877192850000001	2.3999999999999999E-6	1.52E-5
AT3G22980		3	8160075	8163788	-	718	51.356000000000002	688	54.606900000000003	589	29.044499999999999	497	31.240600000000001	1.2876166099999999	3.84E-8	3.1600000000000002E-7
AT5G60300	LECRK19	5	24264488	24268029	+	1627	116.374	751	59.607300000000002	1025	50.5443	776	48.778100000000002	1.287160992	7.5499999999999997E-6	4.3900000000000003E-5
AT2G18750	CBP60C	2	8125128	8128702	+	2047	146.41499999999999	2007	159.297	1778	87.675899999999999	1373	86.304599999999994	1.2867663119999999	4.78E-10	4.8200000000000003E-9
AT4G24690	NBR1	4	12741032	12744670	+	6123	437.95699999999999	5301	420.74299999999999	5070	250.00899999999999	3791	238.29599999999999	1.2857840700000001	1.8300000000000001E-11	2.1299999999999999E-10
AT1G16120	WAKL1	1	5522602	5525452	+	191	13.6616	86	6.8258700000000001	135	6.6570600000000004	78	4.9029499999999997	1.285008017	2.6221299999999999E-3	8.7725279999999999E-3
AT5G57110	ACA8	5	23109438	23117686	-	4216	301.55599999999998	3482	276.36799999999999	3415	168.399	2551	160.352	1.284505733	4.46E-11	5.0300000000000002E-10
AT5G59930		5	24134225	24136665	+	207	14.805999999999999	125	9.9213199999999997	136	6.7063699999999997	117	7.3544299999999998	1.2834370509999999	3.7350799999999999E-4	1.557157E-3
AT2G31130		2	13263520	13266565	-	336	24.032900000000001	283	22.4619	284	14.0045	198	12.446	1.283282021	5.5999999999999997E-6	3.3300000000000003E-5
AT1G70290	TPS8	1	26470795	26474833	-	4679	334.673	3691	292.95699999999999	3310	163.221	3092	194.358	1.2831901029999999	2.3700000000000001E-10	2.45E-9
AT3G15630		3	5296841	5297851	-	2300	164.511	2573	204.22	1991	98.179199999999994	1793	112.705	1.2830089609999999	6.96E-9	6.2400000000000003E-8
AT1G53830	PME2	1	20098522	20100978	+	3353	239.828	2022	160.48699999999999	2551	125.794	1611	101.265	1.2824485320000001	1.11E-7	8.5600000000000004E-7
AT1G77500		1	29121226	29125204	+	1139	81.468699999999998	978	77.624399999999994	904	44.577599999999997	734	46.138100000000001	1.282379843	2.8999999999999999E-9	2.7E-8
AT5G62100	ATBAG2	5	24940203	24942003	+	153	10.9436	132	10.476900000000001	124	6.11463	97	6.0972600000000003	1.282154429	3.6393599999999998E-4	1.5220260000000001E-3
AT1G77890		1	29292075	29296160	+	255	18.2393	340	26.986000000000001	248	12.2293	218	13.703099999999999	1.281069434	4.7899999999999999E-5	2.4112299999999999E-4
AT1G68290	ENDO2	1	25596671	25598438	+	48	3.4332699999999998	101	8.0164299999999997	72	3.55043	48	3.0171999999999999	1.2805033240000001	1.6277751999999999E-2	4.2211835000000003E-2
AT2G27790		2	11847109	11849559	-	95	6.7950200000000001	108	8.5720200000000002	89	4.3887299999999998	70	4.4000899999999996	1.2804850480000001	2.155494E-3	7.3975600000000001E-3
AT1G76180	ERD14	1	28586663	28587931	-	18289	1308.1500000000001	26260	2084.27	22206	1095.01	13535	850.78800000000001	1.28047494	7.9299999999999997E-7	5.3900000000000001E-6
AT5G13330	ERF113	5	4271730	4274674	+	370	26.4648	500	39.685299999999998	298	14.694800000000001	372	23.383299999999998	1.2797395869999999	6.58E-5	3.2232099999999998E-4
AT2G25220		2	10742623	10745819	-	121	8.6547099999999997	94	7.4608299999999996	102	5.0297799999999997	66	4.1486499999999999	1.2790414910000001	1.692168E-3	5.9846969999999998E-3
AT4G34370	ARI1	4	16434280	16437415	+	630	45.061700000000002	619	49.130400000000002	562	27.713100000000001	416	26.149100000000001	1.2790204039999999	1.15E-7	8.8700000000000004E-7
AT3G06410		3	1947012	1949916	-	822	58.794800000000002	710	56.353099999999998	680	33.531799999999997	513	32.246400000000001	1.278987997	1.9799999999999999E-8	1.67E-7
AT1G77060		1	28951643	28953580	-	50	3.57633	58	4.6034899999999999	49	2.4162599999999999	36	2.2629000000000001	1.2788037370000001	1.7820096000000001E-2	4.5560407999999997E-2
AT2G41550		2	17328886	17331173	-	90	6.4373899999999997	53	4.2066400000000002	57	2.8107600000000001	52	3.26864	1.2785796140000001	9.287745E-3	2.6164554E-2
AT4G32920		4	15887270	15896345	-	1085	77.606300000000005	716	56.829300000000003	841	41.470999999999997	558	35.075000000000003	1.2785505100000001	2.0699999999999999E-7	1.5200000000000001E-6
AT1G66470	BHLH83	1	24795214	24797015	+	539	38.552799999999998	363	28.811499999999999	451	22.2395	256	16.091699999999999	1.277841359	8.3699999999999995E-6	4.8300000000000002E-5
AT5G15265		5	4956314	4957633	+	724	51.785200000000003	585	46.431800000000003	553	27.269300000000001	460	28.914899999999999	1.2772358239999999	5.5600000000000002E-8	4.4900000000000001E-7
AT1G02410	COX11	1	490860	492979	+	523	37.4084	590	46.828600000000002	466	22.979199999999999	404	25.3948	1.2767068829999999	7.9999999999999996E-7	5.4399999999999996E-6
AT4G30290	XTH19	4	14828712	14830224	-	2551	182.464	1570	124.61199999999999	2211	109.02800000000001	1045	65.686999999999998	1.276189252	4.4299999999999999E-6	2.6800000000000001E-5
AT3G17810	PYD1	3	6093990	6096688	+	7366	526.86400000000003	5795	459.952	5582	275.25700000000001	4603	289.33699999999999	1.276114862	3.1500000000000001E-11	3.6E-10
AT2G42690		2	17776241	17777717	-	137	9.7991299999999999	83	6.5877600000000003	110	5.4242699999999999	62	3.8972199999999999	1.2760157969999999	2.7840429999999999E-3	9.2254360000000001E-3
AT5G66050		5	26411796	26414609	-	1406	100.566	1324	105.087	1206	59.469700000000003	929	58.395400000000002	1.2758629290000001	1.69E-9	1.6199999999999999E-8
AT5G13070		5	4147596	4149391	+	756	54.073999999999998	945	75.005200000000002	779	38.413699999999999	569	35.766399999999997	1.2755286830000001	6.2399999999999998E-7	4.3100000000000002E-6
AT1G17330		1	5929826	5931926	+	534	38.1952	538	42.7014	482	23.7682	360	22.629000000000001	1.275102739	3.3099999999999999E-7	2.3700000000000002E-6
AT1G69040	ACR4	1	25957567	25960401	+	1398	99.994100000000003	1042	82.704099999999997	1086	53.552300000000002	812	51.040999999999997	1.273680205	6.0200000000000003E-9	5.4300000000000003E-8
AT3G03020		3	680944	681999	+	83	5.9367000000000001	104	8.2545400000000004	90	4.43804	59	3.7086399999999999	1.2729366090000001	3.8973469999999998E-3	1.2373815999999999E-2
AT5G48970		5	19856830	19859847	-	303	21.672499999999999	369	29.287700000000001	314	15.4838	220	13.828799999999999	1.2723770219999999	1.8300000000000001E-5	9.9300000000000001E-5
AT5G21080		5	7157803	7163188	-	121	8.6547099999999997	69	5.4765699999999997	97	4.78322	52	3.26864	1.272135985	5.4245450000000002E-3	1.6443926000000001E-2
AT3G11440	ATMYB65	3	3602036	3605172	+	120	8.5831800000000005	130	10.318199999999999	112	5.5228900000000003	85	5.3429599999999997	1.272012516	9.1446300000000002E-4	3.473819E-3
AT2G41660	MIZ1	2	17367492	17369206	+	4395	314.35899999999998	3711	294.54399999999998	3829	188.81399999999999	2554	160.54	1.271669688	3.58E-10	3.6399999999999998E-9
AT5G24430	CRK4	5	8338925	8343284	-	808	57.793399999999998	828	65.718800000000002	732	36.095999999999997	556	34.949300000000001	1.2715694980000001	4.6900000000000003E-8	3.8099999999999998E-7
AT4G18710	ASK7	4	10296138	10301228	+	5427	388.17399999999998	4289	340.42	3933	193.94200000000001	3573	224.59299999999999	1.271107701	1.65E-10	1.75E-9
AT2G41800		2	17436443	17438168	-	2404	171.95	1619	128.501	1481	73.0304	1582	99.441999999999993	1.2710232269999999	8.9599999999999995E-8	7.0100000000000004E-7
AT3G13050	39356	3	4176392	4179081	+	598	42.7729	517	41.034599999999998	486	23.965399999999999	385	24.200500000000002	1.270815783	1.37E-7	1.04E-6
AT2G01540	CAR10	2	242041	243649	-	1217	87.047799999999995	1246	98.895700000000005	1120	55.228900000000003	824	51.795299999999997	1.270515794	9.9599999999999995E-9	8.7699999999999998E-8
AT2G27260		2	11669629	11670644	+	478	34.189700000000002	393	31.192599999999999	377	18.590399999999999	302	18.9832	1.270428586	6.6199999999999997E-7	4.5499999999999996E-6
AT1G14330		1	4890069	4892332	-	1065	76.175700000000006	967	76.751300000000001	889	43.837899999999998	702	44.126600000000003	1.270295811	5.5100000000000002E-9	4.9999999999999998E-8
AT4G34340	TAF8	4	16426483	16428013	-	154	11.0151	137	10.873799999999999	129	6.3611899999999997	99	6.2229799999999997	1.2700268720000001	3.7037600000000001E-4	1.545523E-3
AT1G70780		1	26695166	26696392	-	4712	337.03300000000002	5639	447.57100000000003	4776	235.512	3455	217.17599999999999	1.2699165589999999	1.3000000000000001E-8	1.1300000000000001E-7
AT5G48175		5	19539145	19540623	+	120	8.5831800000000005	157	12.4612	125	6.1639400000000002	95	5.9715499999999997	1.269853962	9.6695799999999997E-4	3.6446009999999999E-3
AT4G27650	PEL1	4	13803268	13808031	-	576	41.199300000000001	515	40.875799999999998	465	22.9299	387	24.3262	1.2692737569999999	1.7499999999999999E-7	1.31E-6
AT3G18290	BTS	3	6273966	6280562	+	1899	135.82900000000001	1996	158.42400000000001	1462	72.093400000000003	1558	97.933400000000006	1.268560822	5.54E-8	4.4700000000000002E-7
AT4G28400		4	14048268	14050335	+	479	34.261200000000002	376	29.843299999999999	314	15.4838	342	21.497599999999998	1.2681171630000001	4.6500000000000004E-6	2.8E-5
AT3G52180	DSP4	3	19349600	19353728	-	99	7.0811200000000003	62	4.9209699999999996	77	3.7969900000000001	49	3.08006	1.267846383	6.6934489999999998E-3	1.9755117999999999E-2
AT5G63450	CYP94B1	5	25408821	25410725	-	1524	109.006	929	73.735200000000006	1303	64.252899999999997	642	40.3551	1.2672948740000001	6.4799999999999998E-6	3.8099999999999998E-5
AT5G24340		5	8297280	8300502	+	302	21.600999999999999	209	16.5884	226	11.144399999999999	172	10.8116	1.26702626	3.15E-5	1.6417299999999999E-4
AT1G07410	RABA2B	1	2276030	2277524	+	300	21.457999999999998	200	15.8741	243	11.982699999999999	150	9.4287600000000005	1.266959497	7.2299999999999996E-5	3.50224E-4
AT5G03340	CDC48E	5	809830	813293	-	1108	79.251400000000004	911	72.306600000000003	966	47.634900000000002	629	39.5379	1.2669572010000001	2.9799999999999999E-8	2.48E-7
AT4G00550	DGD2	4	237901	240579	-	526	37.622900000000001	442	35.081800000000001	420	20.710799999999999	337	21.183299999999999	1.2668463249999999	3.5600000000000001E-7	2.5399999999999998E-6
AT3G21720	ICL	3	7652487	7656053	-	312	22.316299999999998	419	33.256300000000003	303	14.9414	275	17.286100000000001	1.265381267	3.0800000000000003E-5	1.6070900000000001E-4
AT2G21540	SFH3	2	9220505	9224496	-	403	28.825199999999999	277	21.985600000000002	326	16.075600000000001	209	13.1374	1.2644641990000001	1.34E-5	7.4499999999999995E-5
AT3G49790		3	18467959	18469962	-	1109	79.322900000000004	1108	87.942599999999999	1038	51.185400000000001	723	45.446599999999997	1.264207021	2.0100000000000001E-8	1.6999999999999999E-7
AT3G62920		3	23260597	23261297	+	136	9.7276100000000003	203	16.112200000000001	140	6.9036099999999996	129	8.1087299999999995	1.2639276820000001	8.4707300000000005E-4	3.2513099999999999E-3
AT2G17705		2	7692396	7693253	+	275	19.669799999999999	313	24.843	238	11.7361	224	14.080299999999999	1.263533126	2.6800000000000001E-5	1.4157699999999999E-4
AT4G21850	MSRB9	4	11591116	11592425	-	13414	959.45699999999999	11510	913.55499999999995	11289	556.678	8353	525.05600000000004	1.263249456	2.03E-11	2.3500000000000002E-10
AT3G07790		3	2487313	2489386	+	1070	76.5334	866	68.734899999999996	841	41.470999999999997	675	42.429400000000001	1.2629322890000001	8.9199999999999998E-9	7.9300000000000002E-8
AT5G35690		5	13864646	13868362	-	1176	84.115200000000002	1646	130.64400000000001	1252	61.738	1003	63.046999999999997	1.262579814	1.2100000000000001E-6	8.0399999999999993E-6
AT2G31800		2	13520325	13523918	-	1617	115.658	1358	107.785	1279	63.069400000000002	1052	66.126999999999995	1.262046601	1.1700000000000001E-9	1.14E-8
AT5G44350		5	17864376	17865756	+	213	15.235099999999999	202	16.032900000000001	187	9.2212499999999995	141	8.8630300000000002	1.2619003980000001	6.7399999999999998E-5	3.2855900000000002E-4
AT2G30870	GSTF10	2	13141290	13142676	+	15950	1140.8499999999999	17827	1414.94	14982	738.78499999999997	11838	744.11800000000005	1.261403024	1.1100000000000001E-9	1.0800000000000001E-8
AT1G43670	CYFBP	1	16467298	16470500	+	806	57.650399999999998	958	76.037000000000006	871	42.950299999999999	550	34.572099999999999	1.2604557190000001	9.3200000000000003E-7	6.2899999999999999E-6
AT1G55020	LOX1	1	20525654	20530468	+	983	70.310599999999994	1397	110.881	917	45.218699999999998	963	60.532600000000002	1.2586125589999999	5.8599999999999998E-6	3.4700000000000003E-5
AT5G40340		5	16130881	16135393	-	1787	127.818	2047	162.47200000000001	1807	89.105900000000005	1266	79.578699999999998	1.2583397439999999	3.55E-8	2.9400000000000001E-7
AT5G67140		5	26793880	26795369	-	258	18.453800000000001	186	14.7629	168	8.2843400000000003	175	11.0002	1.2582096039999999	1.07181E-4	5.0235600000000003E-4
AT5G66130	RAD17	5	26433964	26437222	+	56	4.0054800000000004	92	7.3020899999999997	49	2.4162599999999999	67	4.2115099999999996	1.2581947250000001	1.6491565999999999E-2	4.2665836999999998E-2
AT3G50340		3	18664838	18666691	-	375	26.822399999999998	303	24.049299999999999	349	17.209700000000002	194	12.1945	1.257023196	2.1399999999999998E-5	1.1516899999999999E-4
AT5G67320	HOS15	5	26857154	26861119	+	1350	96.5608	1473	116.913	1346	66.3733	919	57.7669	1.2560906949999999	4.3200000000000003E-8	3.53E-7
AT4G03820		4	1771833	1774532	-	539	38.552799999999998	358	28.4147	426	21.006699999999999	282	17.726099999999999	1.2559041630000001	4.6500000000000004E-6	2.8E-5
AT5G09790	ATXR5	5	3038978	3041206	-	115	8.2255500000000001	152	12.064299999999999	109	5.3749599999999997	103	6.4744099999999998	1.25528503	1.40032E-3	5.0772819999999998E-3
AT3G12400	ELC	3	3943760	3945863	-	954	68.2363	742	58.893000000000001	795	39.2027	549	34.509300000000003	1.2550932910000001	5.6099999999999999E-8	4.5200000000000002E-7
AT3G13445	TBP1	3	4379793	4382224	+	793	56.720500000000001	867	68.814300000000003	752	37.082299999999996	573	36.017899999999997	1.2548741940000001	1.4000000000000001E-7	1.0699999999999999E-6
AT1G19010		1	6565494	6567662	+	121	8.6547099999999997	169	13.413600000000001	136	6.7063699999999997	98	6.16012	1.254061509	1.1809520000000001E-3	4.3568920000000002E-3
AT1G14130		1	4835724	4837771	-	294	21.0288	268	21.2713	232	11.440300000000001	210	13.2003	1.254006172	1.49E-5	8.2200000000000006E-5
AT1G70140	FH8	1	26412500	26415258	-	413	29.540400000000002	452	35.875500000000002	376	18.5411	312	19.611799999999999	1.2532874730000001	2.7300000000000001E-6	1.7200000000000001E-5
AT4G35240		4	16760937	16767087	-	348	24.891200000000001	320	25.398599999999998	261	12.8703	262	16.468900000000001	1.253267347	9.6399999999999992E-6	5.49E-5
AT5G47430		5	19235555	19241263	-	1514	108.291	1167	92.625399999999999	1143	56.363100000000003	963	60.532600000000002	1.252034715	4.7699999999999999E-9	4.3700000000000001E-8
AT5G54650	FH5	5	22197530	22202127	-	660	47.207500000000003	569	45.161799999999999	506	24.951599999999999	460	28.914899999999999	1.251414217	1.9000000000000001E-7	1.4100000000000001E-6
AT2G15730		2	6849452	6852214	+	219	15.664300000000001	192	15.239100000000001	167	8.2350200000000005	156	9.8059100000000008	1.251042848	9.0099999999999995E-5	4.2769800000000001E-4
AT1G01360	PYL9	1	141870	143261	+	548	39.1965	456	36.192999999999998	501	24.705100000000002	304	19.108899999999998	1.250947247	1.8899999999999999E-6	1.22E-5
AT4G33070	PDC1	4	15952257	15954803	-	301	21.529499999999999	477	37.8598	275	13.560700000000001	340	21.3719	1.2505711150000001	2.8816999999999997E-4	1.2334679999999999E-3
AT5G59400		5	23957737	23959707	+	191	13.6616	194	15.3979	173	8.5308899999999994	134	8.4230199999999993	1.2505425999999999	1.28186E-4	5.8991700000000002E-4
AT3G27300	G6PD5	3	10083009	10086798	-	2084	149.06100000000001	1432	113.65900000000001	1703	83.977500000000006	1092	68.641400000000004	1.2500428589999999	5.1800000000000001E-8	4.1899999999999998E-7
AT3G44400		3	16044662	16049803	-	546	39.0535	309	24.525500000000001	358	17.653500000000001	307	19.297499999999999	1.24997936	1.7200000000000001E-5	9.3900000000000006E-5
AT3G17420	GPK1	3	5959174	5962289	-	1605	114.8	1912	151.756	1714	84.519900000000007	1135	71.344300000000004	1.2494734810000001	1.6199999999999999E-7	1.22E-6
AT1G09800		1	3176883	3180734	-	261	18.668399999999998	235	18.652100000000001	221	10.8978	173	10.874499999999999	1.2494729579999999	2.6699999999999998E-5	1.4091200000000001E-4
AT1G26620		1	9195512	9199671	-	367	26.2502	334	26.509799999999998	301	14.8428	254	15.965999999999999	1.2493804580000001	3.7500000000000001E-6	2.2900000000000001E-5
AT2G40880	CYS3	2	17057388	17058122	+	80	5.7221200000000003	115	9.1276100000000007	92	4.5366600000000004	66	4.1486499999999999	1.24925197	4.7920039999999999E-3	1.4780702999999999E-2
AT1G45976	SBP1	1	17199314	17200841	+	519	37.122300000000003	725	57.543700000000001	578	28.502099999999999	429	26.966200000000001	1.249152737	9.5599999999999999E-6	5.4500000000000003E-5
AT4G04450	WRKY42	4	2218042	2221260	+	101	7.2241799999999996	45	3.5716700000000001	61	3.008	52	3.26864	1.2485801590000001	1.4891863999999999E-2	3.9018616999999998E-2
AT5G60520		5	24331670	24333144	-	859	61.441299999999998	528	41.907699999999998	490	24.162600000000001	575	36.143599999999999	1.247844612	9.9599999999999995E-6	5.66E-5
AT4G19140		4	10469664	10471390	+	437	31.257100000000001	471	37.383499999999998	402	19.8232	324	20.366099999999999	1.247122031	2.0700000000000001E-6	1.3200000000000001E-5
AT1G27500		1	9551451	9554422	-	311	22.244700000000002	271	21.509399999999999	250	12.3279	211	13.2631	1.246564658	1.1199999999999999E-5	6.3100000000000002E-5
AT3G07425		3	2378219	2378805	+	105	7.5102799999999998	107	8.4926499999999994	104	5.1284000000000001	67	4.2115099999999996	1.2465547299999999	2.3229589999999999E-3	7.8884260000000005E-3
AT4G12040	SAP7	4	7214577	7216715	+	2665	190.61799999999999	2393	189.934	2407	118.693	1651	103.779	1.2456938500000001	1.2900000000000001E-9	1.24E-8
AT2G33570	GALS1	2	14216771	14219252	+	589	42.129100000000001	487	38.653500000000001	463	22.831199999999999	389	24.451899999999998	1.2446288270000001	3.2800000000000003E-7	2.3499999999999999E-6
AT5G51310		5	20852712	20854812	-	112	8.0109700000000004	68	5.3971999999999998	69	3.4024899999999998	71	4.4629500000000002	1.2422040139999999	5.8287419999999996E-3	1.7516457999999999E-2
AT3G13360	WIP3	3	4338250	4340446	-	1116	79.823599999999999	963	76.433800000000005	942	46.451500000000003	718	45.132300000000001	1.2421009190000001	9.9800000000000007E-9	8.79E-8
AT5G14930	SAG101	5	4828499	4830982	+	249	17.810099999999998	170	13.493	183	9.0240100000000005	148	9.3030399999999993	1.241671983	1.21444E-4	5.6209399999999996E-4
AT3G63070	HULK3	3	23302365	23309658	+	1400	100.137	914	72.544700000000006	956	47.141800000000003	858	53.932499999999997	1.2414697429999999	1.4600000000000001E-7	1.1000000000000001E-6
AT3G14940	PPC3	3	5025184	5029886	+	8640	617.98900000000003	6564	520.98800000000006	6377	314.45999999999998	5616	353.01299999999998	1.2413708750000001	2.7900000000000002E-10	2.8699999999999998E-9
AT5G51370		5	20872719	20874349	+	70	5.0068599999999996	118	9.3657299999999992	84	4.1421700000000001	69	4.3372299999999999	1.2408845209999999	7.5516189999999999E-3	2.1938567999999999E-2
AT3G59200		3	21887123	21889423	+	106	7.5818099999999999	203	16.112200000000001	124	6.11463	126	7.9201600000000001	1.2403505690000001	3.5255730000000002E-3	1.1338436E-2
AT5G65925		5	26369045	26369854	+	395	28.253	359	28.494	370	18.2453	239	15.023199999999999	1.239995757	5.6400000000000002E-6	3.3500000000000001E-5
AT2G03470		2	1045446	1047744	-	789	56.434399999999997	826	65.560100000000006	724	35.701500000000003	574	36.0807	1.2396188239999999	1.2200000000000001E-7	9.33E-7
AT3G03270		3	761004	763369	-	552	39.482599999999998	653	51.829000000000001	528	26.0365	442	27.7834	1.2394210510000001	1.7799999999999999E-6	1.15E-5
AT3G02070		3	360921	363775	+	421	30.1127	394	31.271999999999998	316	15.5824	328	20.617599999999999	1.2381783820000001	6.0299999999999999E-6	3.57E-5
AT2G25250		2	10753602	10754935	+	919	65.732900000000001	834	66.194999999999993	801	39.4985	606	38.092199999999998	1.237745366	2.9099999999999999E-8	2.4299999999999999E-7
AT2G43040	NPG1	2	17895883	17899556	-	825	59.009399999999999	647	51.352699999999999	677	33.383899999999997	500	31.429200000000002	1.2374879729999999	9.6900000000000001E-8	7.5600000000000005E-7
AT1G64040	TOPP3	1	23758241	23760663	-	1705	121.953	2296	182.23500000000001	1842	90.831800000000001	1417	89.070300000000003	1.236275633	6.5600000000000005E-7	4.5199999999999999E-6
AT3G13330	PA200	3	4319490	4330218	-	2736	195.697	1896	150.48699999999999	1907	94.037099999999995	1744	109.625	1.2348377829999999	1.39E-8	1.1999999999999999E-7
AT3G16150		3	5471735	5473360	+	426	30.470300000000002	650	51.590899999999998	434	21.401199999999999	435	27.343399999999999	1.233740829	6.1199999999999997E-5	3.0209399999999998E-4
AT2G41250		2	17200657	17202848	-	658	47.064399999999999	542	43.018799999999999	516	25.444700000000001	441	27.720500000000001	1.2328103050000001	2.4299999999999999E-7	1.7799999999999999E-6
AT5G19400	SMG7	5	6539926	6545081	+	3089	220.94499999999999	2610	207.15700000000001	2558	126.139	2012	126.471	1.232421354	3.3399999999999998E-10	3.41E-9
AT3G47800		3	17634804	17637204	+	664	47.493600000000001	572	45.4	536	26.431000000000001	453	28.474799999999998	1.231116503	1.9299999999999999E-7	1.4300000000000001E-6
AT4G16380		4	9254203	9256234	+	2864	204.852	2710	215.09399999999999	2572	126.82899999999999	1932	121.44199999999999	1.231083409	8.09E-10	8.02E-9
AT3G49845		3	18487130	18488381	+	1002	71.669600000000003	936	74.290800000000004	795	39.2027	751	47.206600000000002	1.2310322469999999	6.2299999999999995E-8	4.9800000000000004E-7
AT4G33540		4	16130593	16133969	+	525	37.551400000000001	846	67.147499999999994	583	28.7486	535	33.629199999999997	1.2294181319999999	5.0800000000000002E-5	2.54589E-4
AT1G18470		1	6355695	6360344	-	1751	125.24299999999999	1667	132.31100000000001	1500	73.967299999999994	1250	78.572999999999993	1.2293974940000001	3.17E-9	2.9499999999999999E-8
AT4G29420		4	14470456	14472300	-	218	15.5928	176	13.969200000000001	153	7.5446600000000004	159	9.9944799999999994	1.228380289	2.0623899999999999E-4	9.1090400000000003E-4
AT5G11670	NADP-ME2	5	3754091	3758342	+	7572	541.59900000000005	7614	604.327	7101	350.161	5241	329.44099999999997	1.2275607049999999	6.0499999999999998E-10	6.0600000000000002E-9
AT1G65610	KOR2	1	24391672	24395503	-	1834	131.18	1278	101.43600000000001	1345	66.323999999999998	1133	71.218599999999995	1.227122791	2.2099999999999999E-8	1.86E-7
AT1G72700	ALA5	1	27365772	27371784	+	3202	229.02799999999999	2300	182.55199999999999	2335	115.142	2042	128.357	1.226902642	4.32E-9	3.9799999999999999E-8
AT2G30320		2	12925509	12928009	-	144	10.299799999999999	216	17.143999999999998	179	8.8267600000000002	119	7.4801500000000001	1.2268967660000001	1.0364580000000001E-3	3.878093E-3
AT5G49930	emb1441	5	20308033	20312892	-	788	56.362900000000003	885	70.242900000000006	732	36.095999999999997	623	39.160800000000002	1.2267483770000001	3.72E-7	2.65E-6
AT3G47850		3	17654129	17656013	-	331	23.6753	389	30.8751	321	15.829000000000001	264	16.5946	1.2267390140000001	1.6799999999999998E-5	9.2E-5
AT5G66870	LBD36	5	26705785	26708741	+	499	35.691699999999997	439	34.843699999999998	459	22.634	304	19.108899999999998	1.2264937250000001	1.9099999999999999E-6	1.2300000000000001E-5
AT1G19980		1	6933015	6935053	+	162	11.587300000000001	158	12.5405	161	7.9391499999999997	101	6.3487	1.225113994	5.23067E-4	2.109447E-3
AT5G52060	BAG1	5	21152011	21154395	-	2547	182.178	2997	237.874	2768	136.494	1803	113.334	1.2248925429999999	1.3799999999999999E-7	1.0499999999999999E-6
AT5G58380	CIPK10	5	23596962	23599353	-	705	50.426200000000001	683	54.210099999999997	664	32.742800000000003	467	29.354900000000001	1.2247561920000001	2.5899999999999998E-7	1.8899999999999999E-6
AT5G03100		5	726779	728855	+	166	11.8734	120	9.5244700000000009	120	5.9173799999999996	108	6.78871	1.223930314	7.8151900000000005E-4	3.0201749999999999E-3
AT5G07320		5	2309863	2312346	+	288	20.599599999999999	293	23.255600000000001	255	12.574400000000001	215	13.5146	1.2239227269999999	2.19E-5	1.17948E-4
AT1G71710	IP5P3	1	26973567	26981046	-	456	32.616100000000003	522	41.431399999999996	507	25.000900000000001	302	18.9832	1.22383435	1.2300000000000001E-5	6.8899999999999994E-5
AT1G05860		1	1768986	1771286	+	241	17.2379	188	14.9217	186	9.1719399999999993	158	9.9316300000000002	1.2230796020000001	9.3800000000000003E-5	4.4399499999999998E-4
AT3G21290		3	7482106	7488935	+	560	40.0548	465	36.907299999999999	400	19.724599999999999	415	26.086200000000002	1.2229388880000001	2.57E-6	1.6099999999999998E-5
AT3G16410	NSP4	3	5571903	5574758	+	3972	284.10300000000001	2147	170.40899999999999	3081	151.929	1853	116.477	1.2222640659999999	2.7E-6	1.7E-5
AT1G68670	HHO2	1	25781801	25784118	+	1452	103.85599999999999	1266	100.483	1258	62.033900000000003	945	59.401200000000003	1.2221790130000001	5.8200000000000002E-9	5.2600000000000001E-8
AT2G37260	WRKY44	2	15644811	15647076	+	123	8.7977600000000002	112	8.8895	99	4.8818400000000004	90	5.6572500000000003	1.221658651	1.5845989999999999E-3	5.644011E-3
AT2G17480	MLO8	2	7590295	7594195	-	669	47.851199999999999	612	48.574800000000003	581	28.65	457	28.726299999999998	1.2214069540000001	1.99E-7	1.4699999999999999E-6
AT5G41800		5	16733663	16736093	+	346	24.748200000000001	442	35.081800000000001	375	18.491800000000001	274	17.223199999999999	1.220287211	2.69E-5	1.4226199999999999E-4
AT3G01640	ATGLCAK	3	239333	241492	+	789	56.434399999999997	688	54.606900000000003	644	31.756599999999999	547	34.383499999999998	1.220182917	9.83E-8	7.6499999999999998E-7
AT1G06070		1	1834829	1837758	-	494	35.334099999999999	511	40.558399999999999	444	21.894300000000001	372	23.383299999999998	1.21999678	1.55E-6	1.01E-5
AT5G13990	ATEXO70C2	5	4514568	4516892	-	873	62.442599999999999	533	42.304499999999997	659	32.496299999999998	471	29.606300000000001	1.2199208420000001	2.5100000000000001E-6	1.5800000000000001E-5
AT1G26900	PCMP-E54	1	9319643	9321512	-	307	21.958600000000001	218	17.302800000000001	219	10.799200000000001	200	12.5717	1.2198938530000001	5.3000000000000001E-5	2.6490200000000002E-4
AT1G12750	RBL6	1	4344943	4348390	-	327	23.389199999999999	286	22.7	270	13.3141	225	14.1431	1.219860188	1.22E-5	6.8300000000000007E-5
AT1G13350		1	4572304	4576711	-	849	60.725999999999999	835	66.2744	784	38.660200000000003	589	37.023600000000002	1.2198032009999999	9.39E-8	7.3300000000000001E-7
AT1G76580		1	28734207	28738967	+	551	39.411099999999998	356	28.2559	370	18.2453	350	22.000399999999999	1.2196627900000001	9.1200000000000008E-6	5.2099999999999999E-5
AT3G08730	ATPK1	3	2651321	2654212	-	2035	145.55600000000001	1377	109.29300000000001	1587	78.257400000000004	1162	73.041399999999996	1.2195905419999999	4.0100000000000002E-8	3.2899999999999999E-7
AT3G15530		3	5252699	5254562	-	526	37.622900000000001	317	25.160499999999999	375	18.491800000000001	299	18.794699999999999	1.218800264	1.5400000000000002E-5	8.4699999999999999E-5
AT2G27090		2	11567436	11571903	-	654	46.778300000000002	477	37.8598	502	24.7544	408	25.6462	1.2176486339999999	7.9599999999999998E-7	5.4199999999999998E-6
AT1G59820	ALA3	1	22011305	22020386	+	1434	102.569	845	67.068100000000001	923	45.514499999999998	881	55.3782	1.217326095	1.61E-6	1.0499999999999999E-5
AT1G21390	emb2170	1	7489046	7490803	-	237	16.951799999999999	379	30.081399999999999	325	16.026199999999999	193	12.1317	1.2168297850000001	4.5000599999999997E-4	1.842092E-3
AT5G27030	TPR3	5	9508718	9515565	-	891	63.7301	780	61.908999999999999	684	33.729100000000003	658	41.360799999999998	1.2166283470000001	1.5900000000000001E-7	1.1999999999999999E-6
AT4G15400	BIA1	4	8811917	8813593	-	329	23.5322	452	35.875500000000002	359	17.7028	285	17.9146	1.216062526	4.9799999999999998E-5	2.4991100000000001E-4
AT1G27120	GALT4	1	9421009	9424084	+	178	12.7317	136	10.7944	131	6.4598100000000001	121	7.6058599999999998	1.2150475540000001	5.3218099999999995E-4	2.1416130000000001E-3
AT3G56030		3	20791173	20792532	+	151	10.8005	170	13.493	158	7.79122	107	6.7258500000000003	1.2149410519999999	6.3757899999999999E-4	2.5142649999999999E-3
AT1G66760	DTX9	1	24901882	24904443	+	723	51.713700000000003	1001	79.4499	851	41.964100000000002	584	36.709299999999999	1.214857469	8.5199999999999997E-6	4.9100000000000001E-5
AT5G10625	FLP2	5	3358787	3359817	+	454	32.472999999999999	716	56.829300000000003	645	31.805900000000001	346	21.748999999999999	1.2145904839999999	1.6708099999999999E-4	7.51314E-4
AT2G22680		2	9645270	9647655	+	1163	83.185299999999998	1122	89.053799999999995	1058	52.171599999999998	809	50.852400000000003	1.214469826	2.33E-8	1.9600000000000001E-7
AT4G17830		4	9915813	9918243	+	930	66.5197	772	61.274099999999997	799	39.399900000000002	587	36.8979	1.214467009	6.4900000000000005E-8	5.1799999999999995E-7
AT1G27770	ACA1	1	9671632	9676307	-	2101	150.27699999999999	1143	90.720500000000001	1377	67.902000000000001	1201	75.492900000000006	1.2144617950000001	1.86E-6	1.2E-5
AT4G18880	HSFA4A	4	10347479	10349902	-	611	43.7027	503	39.923400000000001	465	22.9299	431	27.091999999999999	1.2144210120000001	8.16E-7	5.5400000000000003E-6
AT1G75220		1	28229026	28233134	-	3414	244.19200000000001	2822	223.98400000000001	3098	152.767	2017	126.785	1.213511845	5.4400000000000002E-9	4.9399999999999999E-8
AT5G12310		5	3980179	3982528	-	863	61.727400000000003	925	73.4178	824	40.6327	642	40.3551	1.213441386	1.9399999999999999E-7	1.44E-6
AT5G63050	EMB2759	5	25292404	25295020	+	388	27.752300000000002	364	28.890899999999998	317	15.6318	292	18.354600000000001	1.2117844769999999	6.6599999999999998E-6	3.9100000000000002E-5
AT5G46170		5	18714864	18717031	-	960	68.665499999999994	600	47.622300000000003	761	37.5261	506	31.8063	1.21140315	2.3300000000000001E-6	1.4800000000000001E-5
AT5G66880	SRK2I	5	26710302	26712971	+	768	54.932400000000001	638	50.638399999999997	633	31.214200000000002	509	31.994900000000001	1.211391771	1.42E-7	1.08E-6
AT3G44880	PAO	3	16383595	16386344	+	64	4.5777000000000001	89	7.0639799999999999	61	3.008	64	4.0229400000000002	1.209011474	1.2451584E-2	3.3545592999999999E-2
AT2G27580	SAP3	2	11776410	11777553	-	1028	73.529300000000006	1224	97.149600000000007	1099	54.193399999999997	771	48.463799999999999	1.2089267909999999	6.5899999999999996E-7	4.5299999999999998E-6
AT2G21630		2	9250298	9253915	+	254	18.1677	175	13.889799999999999	192	9.4678100000000001	155	9.7430500000000002	1.2081549199999999	1.54301E-4	6.9731800000000005E-4
AT4G35320		4	16805869	16806830	-	652	46.635300000000001	458	36.351700000000001	574	28.3048	339	21.309000000000001	1.207713322	6.8299999999999998E-6	4.0000000000000003E-5
AT3G13100	ABCC7	3	4208729	4214530	-	392	28.038399999999999	329	26.1129	202	9.9609299999999994	362	22.7547	1.20660403	7.32564E-4	2.8524930000000002E-3
AT3G13225		3	4258667	4262916	-	607	43.416600000000003	455	36.113599999999998	502	24.7544	365	22.943300000000001	1.206370138	1.3400000000000001E-6	8.8300000000000002E-6
AT5G58690	PLC5	5	23709529	23712558	-	304	21.7441	281	22.303100000000001	261	12.8703	217	13.6403	1.2057290810000001	2.0599999999999999E-5	1.10976E-4
AT1G73090		1	27488217	27490831	+	94	6.72349	101	8.0164299999999997	81	3.9942299999999999	78	4.9029499999999997	1.205714841	4.2442900000000004E-3	1.3334812E-2
AT3G24090		3	8697685	8701052	-	437	31.257100000000001	272	21.588799999999999	319	15.730399999999999	254	15.965999999999999	1.20509081	2.9099999999999999E-5	1.5279000000000001E-4
AT5G06230	TBL9	5	1884928	1887175	-	162	11.587300000000001	115	9.1276100000000007	107	5.2763299999999997	115	7.2287100000000004	1.2027397360000001	1.4742469999999999E-3	5.3061599999999999E-3
AT5G20910	AIP2	5	7092512	7094503	-	389	27.823799999999999	462	36.669199999999996	394	19.428699999999999	311	19.548999999999999	1.202407869	1.31E-5	7.2700000000000005E-5
AT1G73030	CHMP1B	1	27473763	27475122	+	1511	108.077	1772	140.64500000000001	1605	79.144999999999996	1132	71.155699999999996	1.202210523	2.5499999999999999E-7	1.8500000000000001E-6
AT4G32140		4	15522788	15525536	-	1334	95.416399999999996	1004	79.688000000000002	1093	53.897500000000001	820	51.543900000000001	1.2009725060000001	4.0299999999999997E-8	3.3000000000000002E-7
AT4G38730		4	18080233	18082683	-	354	25.320399999999999	238	18.8902	305	15.04	183	11.5031	1.2008725570000001	8.8800000000000004E-5	4.2256299999999999E-4
AT1G12990		1	4433605	4436102	+	694	49.639400000000002	487	38.653500000000001	580	28.6007	390	24.514800000000001	1.2001627850000001	2.2699999999999999E-6	1.4399999999999999E-5
AT1G43910		1	16655884	16657686	-	379	27.108499999999999	408	32.383200000000002	338	16.667300000000001	308	19.360399999999998	1.19999477	1.1600000000000001E-5	6.4800000000000003E-5
AT1G25220	ASB1	1	8836835	8839609	-	932	66.662700000000001	921	73.100300000000004	781	38.512300000000003	733	46.075200000000002	1.1999209120000001	2.0800000000000001E-7	1.53E-6
AT4G11360	RHA1B	4	6905848	6906856	+	1247	89.193600000000004	1252	99.371899999999997	1136	56.017899999999997	923	58.018300000000004	1.199825411	3.4900000000000001E-8	2.8900000000000001E-7
AT1G06840		1	2097747	2103507	-	1775	126.96	1158	91.911100000000005	1127	55.574100000000001	1216	76.4358	1.199477095	1.19E-6	7.9300000000000003E-6
AT4G10960	UGE5	4	6715874	6718550	-	352	25.177299999999999	449	35.6374	411	20.266999999999999	263	16.5318	1.19922149	5.0399999999999999E-5	2.5284500000000002E-4
AT1G30700		1	10892445	10894714	+	4800	343.327	3640	288.90899999999999	2844	140.24199999999999	3853	242.19300000000001	1.1985019859999999	3.3500000000000001E-6	2.0699999999999998E-5
AT2G46340	SPA1	2	19022154	19027528	-	2435	174.167	2386	189.37799999999999	2250	110.95099999999999	1736	109.122	1.197695306	4.1599999999999997E-9	3.8299999999999999E-8
AT1G13245	RTFL17	1	4525414	4526204	-	322	23.031500000000001	524	41.590200000000003	401	19.773900000000001	311	19.548999999999999	1.1969571130000001	1.94348E-4	8.6276699999999996E-4
AT3G55410		3	20541269	20546053	+	5228	373.94099999999997	3773	299.46499999999997	3774	186.102	3516	221.01	1.1960949780000001	9.3600000000000008E-9	8.28E-8
AT5G15650	RGP2	5	5092140	5095302	+	13878	992.64499999999998	11127	883.15599999999995	11719	577.88199999999995	8852	556.42200000000003	1.195948614	2.5999999999999998E-10	2.6799999999999998E-9
AT1G09060		1	2921064	2925826	-	776	55.504600000000003	626	49.686	641	31.608699999999999	510	32.0578	1.19525736	2.28E-7	1.6700000000000001E-6
AT5G55100		5	22361035	22364824	-	1344	96.131600000000006	873	69.290499999999994	995	49.064999999999998	809	50.852400000000003	1.195137205	3.4700000000000002E-7	2.48E-6
AT5G41170		5	16478486	16480584	-	79	5.6505900000000002	52	4.1272700000000002	66	3.2545600000000001	42	2.64005	1.195098598	1.6930831E-2	4.3607553E-2
AT4G21430	B160	4	11407804	11412279	-	230	16.4511	230	18.255199999999999	201	9.9116199999999992	178	11.188800000000001	1.1930579240000001	1.08408E-4	5.0768500000000002E-4
AT4G20170	GALS3	4	10896579	10899141	+	570	40.770099999999999	420	33.335599999999999	454	22.3874	358	22.503299999999999	1.19275888	2.2699999999999999E-6	1.4399999999999999E-5
AT4G37870	PCKA	4	17802690	17806705	-	4305	307.92200000000003	4764	378.12099999999998	4522	222.98699999999999	3088	194.107	1.1926937929999999	3.7599999999999999E-8	3.1E-7
AT5G10700		5	3378053	3378901	-	164	11.7303	98	7.7783100000000003	133	6.5584300000000004	83	5.2172499999999999	1.1921003290000001	2.515293E-3	8.460703E-3
AT1G11160		1	3733044	3739844	+	342	24.4621	180	14.2867	244	12.032	181	11.3774	1.1917290250000001	3.3065500000000001E-4	1.398037E-3
AT3G55690		3	20666887	20668789	+	135	9.6560799999999993	161	12.778700000000001	138	6.8049900000000001	109	6.8515600000000001	1.191346636	1.116155E-3	4.1478399999999999E-3
AT5G01510	RUS5	5	201603	205679	+	128	9.1553900000000006	111	8.8101299999999991	108	5.3256399999999999	89	5.5944000000000003	1.190686599	1.779566E-3	6.2556130000000001E-3
AT2G23960	GGP4	2	10195910	10197741	+	147	10.5144	122	9.6832100000000008	119	5.8680700000000003	102	6.4115599999999997	1.1905724680000001	1.119891E-3	4.1587320000000001E-3
AT1G18570	MYB51	1	6389399	6391386	+	432	30.8995	296	23.4937	204	10.0596	368	23.131900000000002	1.18918185	1.074476E-3	4.0090569999999999E-3
ATCG00220	PSBM	Pt	28707	28811	-	105	7.5102799999999998	166	13.1755	146	7.1994800000000003	86	5.4058200000000003	1.1891028729999999	4.2506039999999998E-3	1.3345371E-2
AT4G36030	ARO3	4	17044875	17047315	-	583	41.7	388	30.7958	408	20.1191	381	23.949000000000002	1.188395214	8.5900000000000008E-6	4.9400000000000001E-5
AT1G55580	SCL18	1	20763844	20765823	+	73	5.2214400000000003	89	7.0639799999999999	67	3.3038699999999999	67	4.2115099999999996	1.1883517779999999	9.8972560000000001E-3	2.7613087000000001E-2
AT5G58160	FH13	5	23533375	23539741	+	614	43.917299999999997	410	32.541899999999998	444	21.894300000000001	391	24.5776	1.187890965	5.3900000000000001E-6	3.2199999999999997E-5
AT1G10050		1	3278792	3283631	+	1253	89.622699999999995	779	61.829700000000003	878	43.295499999999997	775	48.715200000000003	1.1869298989999999	1.2300000000000001E-6	8.1699999999999997E-6
AT2G06255	EFL3	2	2457573	2459940	+	93	6.6519700000000004	97	7.6989400000000003	81	3.9942299999999999	76	4.7772399999999999	1.186885484	5.0024350000000004E-3	1.5330941000000001E-2
AT3G60680		3	22429960	22432106	+	240	17.166399999999999	443	35.161200000000001	335	16.519400000000001	248	15.588900000000001	1.185996048	7.7773499999999999E-4	3.0071350000000002E-3
AT3G18100	MYB4R1	3	6200524	6204752	+	183	13.089399999999999	215	17.064699999999998	152	7.4953500000000002	175	11.0002	1.1859476280000001	7.0219800000000001E-4	2.7465570000000002E-3
AT2G38420		2	16091030	16092681	+	190	13.59	151	11.984999999999999	136	6.7063699999999997	142	8.9258900000000008	1.185410646	6.1510500000000001E-4	2.4362709999999998E-3
AT1G67190		1	25132498	25134470	+	358	25.6065	314	24.9224	342	16.8645	221	13.8917	1.185325092	2.2399999999999999E-5	1.20047E-4
AT2G46915		2	19273899	19277773	-	467	33.402900000000002	452	35.875500000000002	404	19.921900000000001	357	22.4404	1.18425088	3.63E-6	2.23E-5
AT3G51750		3	19196362	19197356	-	79	5.6505900000000002	142	11.2706	122	6.0160099999999996	69	4.3372299999999999	1.1840465360000001	9.8603049999999998E-3	2.7540599999999998E-2
AT4G24310		4	12600803	12601726	+	754	53.930999999999997	363	28.811499999999999	465	22.9299	435	27.343399999999999	1.184018212	1.0252299999999999E-4	4.8242599999999999E-4
AT5G10260	RABH1E	5	3219677	3221515	+	266	19.0261	204	16.191600000000001	231	11.391	160	10.0573	1.1837069250000001	1.1443E-4	5.3312800000000001E-4
AT1G30400	ABCC1	1	10727317	10738092	+	6573	470.14400000000001	5780	458.762	4799	236.64599999999999	5274	331.51499999999999	1.183529316	6.1999999999999999E-8	4.9699999999999996E-7
AT5G06700	TBR	5	2063414	2066553	+	1673	119.664	1050	83.339100000000002	1233	60.801099999999998	999	62.795499999999997	1.1830015519999999	4.4799999999999999E-7	3.1599999999999998E-6
AT1G66280	BGLU22	1	24706512	24709996	-	20593	1472.95	17766	1410.1	18482	911.37599999999998	13518	849.72	1.182384608	3.2400000000000002E-10	3.3099999999999999E-9
AT3G29075		3	11051207	11052756	-	841	60.153799999999997	876	69.528599999999997	866	42.703800000000001	583	36.6464	1.1814744189999999	6.8800000000000002E-7	4.7199999999999997E-6
AT2G47730	GSTF8	2	19556326	19559485	+	27715	1982.36	23156	1837.9	22414	1105.27	19597	1231.8399999999999	1.1808172290000001	3.5300000000000002E-10	3.6E-9
AT5G63610	CDKE-1	5	25463362	25465922	-	690	49.353299999999997	670	53.1783	588	28.995200000000001	540	33.9435	1.1790996149999999	8.2099999999999995E-7	5.5600000000000001E-6
AT1G66230	MYB20	1	24677121	24678580	+	163	11.658799999999999	115	9.1276100000000007	129	6.3611899999999997	101	6.3487	1.1790472679999999	1.2812430000000001E-3	4.6868960000000003E-3
AT3G17120		3	5841046	5843624	+	465	33.259799999999998	381	30.240200000000002	403	19.872499999999999	302	18.9832	1.1789411990000001	4.4399999999999998E-6	2.6800000000000001E-5
AT1G72210	BHLH96	1	27179458	27182456	+	161	11.5158	139	11.032500000000001	134	6.6077399999999997	115	7.2287100000000004	1.1776024199999999	7.7692500000000003E-4	3.0050329999999998E-3
AT2G03760	SOT12	2	1149295	1150663	-	754	53.930999999999997	789	62.623399999999997	734	36.194699999999997	563	35.389299999999999	1.177415761	5.8500000000000001E-7	4.0500000000000002E-6
AT5G54930		5	22305733	22307569	-	84	6.0082300000000002	77	6.1115300000000001	95	4.68459	43	2.7029100000000001	1.177178778	1.3570126E-2	3.6112419999999999E-2
AT5G08130	BIM1	5	2606002	2610250	-	2189	156.572	2309	183.267	2176	107.30200000000001	1617	101.642	1.1761289960000001	3.2399999999999999E-8	2.6899999999999999E-7
AT5G50210	QS	5	20442613	20446050	+	610	43.6312	882	70.004800000000003	661	32.594900000000003	598	37.589300000000001	1.1757828749999999	3.1300000000000002E-5	1.63263E-4
AT1G28560	SRD2	1	10038029	10041544	-	67	4.7922799999999999	102	8.0958000000000006	76	3.7476799999999999	67	4.2115099999999996	1.174791951	1.2077226E-2	3.2697938000000003E-2
AT1G75710		1	28428671	28431339	+	494	35.334099999999999	560	44.447499999999998	477	23.521599999999999	408	25.6462	1.174686092	6.3199999999999996E-6	3.7299999999999999E-5
AT5G53000	TAP46	5	21485317	21488042	-	966	69.0946	991	78.656199999999998	880	43.394100000000002	757	47.583799999999997	1.1746783240000001	2.3200000000000001E-7	1.7E-6
AT1G14780		1	5090809	5094152	+	542	38.767400000000002	251	19.922000000000001	323	15.9276	318	19.989000000000001	1.1740867610000001	3.5593899999999999E-4	1.4924459999999999E-3
AT2G33793		2	14296962	14300577	+	63	4.50617	123	9.7625799999999998	80	3.9449200000000002	78	4.9029499999999997	1.1734179149999999	1.5625205E-2	4.0718155999999998E-2
AT3G46620	RDUF1	3	17178601	17180559	-	1566	112.011	1294	102.705	1365	67.310199999999995	1028	64.618399999999994	1.1733014799999999	1.9399999999999998E-8	1.6400000000000001E-7
AT5G26660	MYB86	5	9331565	9333284	-	676	48.351900000000001	519	41.193300000000001	541	26.677499999999998	451	28.3491	1.173254121	1.06E-6	7.1099999999999997E-6
AT5G52200		5	21202549	21204816	-	686	49.0672	776	61.591500000000003	712	35.1098	527	33.126399999999997	1.1723792399999999	1.9999999999999999E-6	1.2799999999999999E-5
AT3G61570	GC3	3	22779441	22783938	-	269	19.240600000000001	241	19.128299999999999	232	11.440300000000001	194	12.1945	1.1719907510000001	6.5199999999999999E-5	3.1992899999999999E-4
AT3G59150		3	21872831	21874422	+	273	19.526700000000002	231	18.334599999999998	270	13.3141	158	9.9316300000000002	1.170885274	1.6060799999999999E-4	7.2393800000000003E-4
AT4G21510	SKIP27	4	11445849	11447429	-	86	6.1512799999999999	119	9.4451000000000001	94	4.6352799999999998	80	5.02867	1.168434862	6.3044570000000003E-3	1.8763898000000001E-2
AT1G14170		1	4843184	4845913	-	1571	112.36799999999999	1170	92.863500000000002	1316	64.894000000000005	979	61.538400000000003	1.167849543	6.2900000000000001E-8	5.0299999999999999E-7
AT1G55830		1	20867559	20870338	-	271	19.383700000000001	390	30.954499999999999	326	16.075600000000001	241	15.148899999999999	1.1666147899999999	2.24892E-4	9.8443500000000008E-4
AT1G06770	DRIP1	1	2078880	2082097	-	173	12.3741	201	15.9535	170	8.3829600000000006	146	9.1773199999999999	1.166240607	5.4275899999999997E-4	2.1806849999999999E-3
AT2G40810	ATG18C	2	17032412	17034600	+	207	14.805999999999999	161	12.778700000000001	166	8.1857100000000003	141	8.8630300000000002	1.1658887229999999	3.7583400000000002E-4	1.565697E-3
AT5G42580	CYP705A12	5	17023502	17025361	-	1483	106.074	1564	124.136	2135	105.28	585	36.772199999999998	1.1646328370000001	1.309747E-3	4.7800660000000003E-3
AT2G17220	PIX13	2	7487646	7490199	-	632	45.204799999999999	563	44.685600000000001	451	22.2395	534	33.566400000000002	1.164225676	1.49E-5	8.1899999999999999E-5
AT1G15165		1	5217719	5220113	-	82	5.86517	60	4.7622299999999997	73	3.5997400000000002	47	2.9543400000000002	1.1635660750000001	1.474205E-2	3.8670927000000001E-2
AT1G70560	TAA1	1	26604855	26607652	+	394	28.1814	253	20.0808	295	14.546900000000001	243	15.2746	1.1630995740000001	6.2299999999999996E-5	3.06815E-4
AT1G34370	STOP1	1	12550339	12552629	+	2738	195.84	2989	237.239	2721	134.17699999999999	2144	134.768	1.162784574	4.5200000000000001E-8	3.6800000000000001E-7
AT4G33430	BAK1	4	16086311	16090832	-	3034	217.011	2665	211.523	2594	127.914	2192	137.786	1.1621738020000001	3.65E-9	3.3799999999999998E-8
AT2G47600	MHX	2	19524117	19527580	-	621	44.417999999999999	601	47.701700000000002	603	29.7348	436	27.406300000000002	1.1612005809999999	1.4500000000000001E-6	9.5200000000000003E-6
AT1G03470	NET3A	1	865895	867733	-	120	8.5831800000000005	74	5.8734200000000003	75	3.6983600000000001	84	5.2801	1.16116452	8.1991359999999992E-3	2.3508141999999999E-2
AT3G12480	NF-YC11	3	3957763	3960472	+	846	60.511400000000002	969	76.9101	871	42.950299999999999	677	42.555100000000003	1.1602127010000001	1.33E-6	8.8000000000000004E-6
AT5G11530	EMF1	5	3695792	3701549	+	590	42.200600000000001	508	40.3202	464	22.880500000000001	452	28.411999999999999	1.160185316	3.36E-6	2.0699999999999998E-5
AT5G64550		5	25801528	25804980	-	143	10.228300000000001	52	4.1272700000000002	89	4.3887299999999998	71	4.4629500000000002	1.1598758119999999	1.7482562E-2	4.4808979999999998E-2
AT2G06530	VPS2.1	2	2588523	2590531	-	1639	117.232	1812	143.81899999999999	1602	78.997100000000003	1329	83.538799999999995	1.159554301	1.6E-7	1.2100000000000001E-6
AT2G14095		2	5932383	5933929	-	171	12.231	165	13.0961	177	8.7281399999999998	111	6.9772800000000004	1.1586228000000001	7.95432E-4	3.0692570000000001E-3
AT3G09250		3	2838943	2840614	+	125	8.9408100000000008	68	5.3971999999999998	92	4.5366600000000004	69	4.3372299999999999	1.1581790569999999	8.4439200000000006E-3	2.4118166E-2
AT1G08010	GATA11	1	2485848	2488085	-	483	34.5473	451	35.796100000000003	440	21.697099999999999	351	22.063300000000002	1.1576237709999999	3.8399999999999997E-6	2.34E-5
AT2G38230	PDX11	2	16011233	16012515	+	580	41.485399999999998	660	52.384599999999999	564	27.811699999999998	489	30.7378	1.1576026349999999	5.04E-6	3.0199999999999999E-5
AT1G04830		1	1358574	1362019	-	522	37.336799999999997	473	37.542299999999997	500	24.655799999999999	348	21.874700000000001	1.1571350899999999	3.8199999999999998E-6	2.3300000000000001E-5
AT5G46640	AHL8	5	18924429	18926984	+	149	10.657500000000001	179	14.2073	149	7.3474199999999996	130	8.1715900000000001	1.1570028489999999	1.0899449999999999E-3	4.0614129999999998E-3
AT4G36515		4	17229550	17230471	-	243	17.3809	230	18.255199999999999	222	10.9472	179	11.2517	1.1558941279999999	1.215E-4	5.6223700000000004E-4
AT4G16680		4	9387393	9391726	-	192	13.7331	88	6.98461	113	5.5721999999999996	116	7.2915700000000001	1.155701876	5.4164790000000001E-3	1.6421677999999999E-2
AT1G52260	PDIL1-5	1	19460482	19463477	+	555	39.697200000000002	514	40.796500000000002	501	24.705100000000002	405	25.457599999999999	1.155172885	2.0099999999999998E-6	1.29E-5
AT5G19080	LUL3	5	6378149	6380605	+	305	21.8156	221	17.540900000000001	244	12.032	198	12.446	1.1551209280000001	9.4699999999999998E-5	4.4788500000000003E-4
AT3G20500	PAP18	3	7157900	7160446	+	340	24.318999999999999	421	33.414999999999999	351	17.308299999999999	299	18.794699999999999	1.154670002	5.8100000000000003E-5	2.8795099999999999E-4
AT1G12770	RH47	1	4351019	4353797	+	225	16.093499999999999	164	13.0168	202	9.9609299999999994	129	8.1087299999999995	1.154402288	4.9931400000000005E-4	2.022317E-3
AT2G30120		2	12860147	12861971	-	227	16.236499999999999	300	23.811199999999999	264	13.0182	191	12.006	1.15423163	3.1797900000000003E-4	1.3508260000000001E-3
AT1G05300	ZIP5	1	1544927	1547849	-	423	30.255700000000001	501	39.764600000000002	408	20.1191	377	23.697600000000001	1.1541156939999999	2.5899999999999999E-5	1.3761900000000001E-4
AT3G02570	PMI1	3	543346	545602	-	1074	76.819500000000005	820	65.0839	921	45.415900000000001	682	42.869399999999999	1.1539477680000001	2.5699999999999999E-7	1.8700000000000001E-6
AT3G29575	AFP3	3	11382214	11384145	-	1000	71.526499999999999	1079	85.640799999999999	1118	55.130299999999998	683	42.932299999999998	1.153219974	2.4499999999999998E-6	1.5500000000000001E-5
AT4G24290		4	12594045	12598097	+	2607	186.47	1969	156.28100000000001	2095	103.30800000000001	1754	110.254	1.1526482229999999	1.8200000000000001E-8	1.55E-7
AT5G19460	NUDT20	5	6562749	6565720	+	239	17.094799999999999	144	11.429399999999999	174	8.5801999999999996	146	9.1773199999999999	1.1522018279999999	7.4478999999999995E-4	2.8941129999999998E-3
AT5G50300	AZG2	5	20466068	20468217	-	274	19.598299999999998	263	20.874500000000001	232	11.440300000000001	221	13.8917	1.151656939	9.7499999999999998E-5	4.6014500000000002E-4
AT3G17880	TDX	3	6123341	6126281	+	804	57.507300000000001	579	45.955599999999997	651	32.101799999999997	515	32.372100000000003	1.1515441120000001	1.3200000000000001E-6	8.7099999999999996E-6
AT3G02550	LBD41	3	536500	538126	-	94	6.72349	108	8.5720200000000002	85	4.1914800000000003	86	5.4058200000000003	1.1512565990000001	6.1290750000000003E-3	1.8319124999999999E-2
AT4G38640		4	18059614	18062347	-	1446	103.42700000000001	1057	83.8947	1236	60.948999999999998	888	55.818199999999997	1.1502455570000001	1.9399999999999999E-7	1.44E-6
AT5G27930	PPC6-7	5	9957816	9961374	-	710	50.783799999999999	511	40.558399999999999	657	32.3977	389	24.451899999999998	1.150165283	1.11E-5	6.2600000000000004E-5
AT5G65120		5	26012775	26014739	+	121	8.6547099999999997	225	17.8584	165	8.1364000000000001	136	8.5487400000000004	1.149829569	4.2456300000000002E-3	1.3337168999999999E-2
AT5G63420	emb2746	5	25400317	25406250	+	212	15.163600000000001	133	10.5563	140	6.9036099999999996	146	9.1773199999999999	1.149747799	1.3124409999999999E-3	4.7878460000000001E-3
AT2G22290	RABH1D	2	9466389	9467948	+	68	4.8638000000000003	76	6.0321600000000002	78	3.8462999999999998	47	2.9543400000000002	1.1493710020000001	1.6283769999999999E-2	4.2211835000000003E-2
AT5G54300		5	22053969	22055443	-	577	41.270800000000001	750	59.527900000000002	658	32.447000000000003	490	30.800599999999999	1.1493679510000001	1.8E-5	9.8099999999999999E-5
AT2G22790		2	9695832	9697127	+	133	9.5130300000000005	115	9.1276100000000007	113	5.5721999999999996	97	6.0972600000000003	1.1488208010000001	2.1767039999999998E-3	7.4635509999999997E-3
AT1G35660		1	13192608	13198142	+	435	31.114000000000001	235	18.652100000000001	299	14.7441	259	16.2803	1.1485255999999999	2.1397500000000001E-4	9.4102499999999996E-4
AT2G01450	MPK17	2	199491	203126	-	3999	286.03500000000003	3170	251.60499999999999	3313	163.369	2749	172.798	1.1482259770000001	4.7399999999999998E-9	4.3399999999999998E-8
AT1G80850		1	30385449	30387602	-	210	15.0206	130	10.318199999999999	170	8.3829600000000006	118	7.4172900000000004	1.1473033429999999	1.181004E-3	4.3568920000000002E-3
AT1G05160	KAO1	1	1487378	1491005	-	178	12.7317	160	12.699299999999999	155	7.6432900000000004	132	8.2973099999999995	1.147212025	6.1682700000000002E-4	2.4422319999999999E-3
AT3G20060	UBC19	3	7002697	7004508	-	674	48.2089	1132	89.847499999999997	840	41.421700000000001	727	45.698	1.1466701829999999	1.34673E-4	6.1650500000000005E-4
AT5G16840	BPA1	5	5535845	5538250	+	1597	114.22799999999999	1513	120.08799999999999	1545	76.186300000000003	1124	70.652799999999999	1.1466250490000001	5.2800000000000003E-8	4.27E-7
AT4G37120	SMP2	4	17486516	17489354	+	1620	115.873	1695	134.53299999999999	1612	79.490200000000002	1236	77.692999999999998	1.146253564	1.06E-7	8.1900000000000001E-7
AT3G11390		3	3569828	3572062	+	147	10.5144	78	6.1909000000000001	113	5.5721999999999996	77	4.8400999999999996	1.146043978	6.5431660000000004E-3	1.9374835E-2
AT1G17860	KTI2	1	6149178	6150038	+	8391	600.17899999999997	7822	620.83600000000001	7313	360.61500000000001	6470	406.69400000000002	1.1439976629999999	3.5400000000000002E-9	3.2800000000000003E-8
AT2G17300		2	7522050	7523177	-	257	18.382300000000001	356	28.2559	304	14.9907	229	14.394600000000001	1.1436324659999999	2.8200499999999999E-4	1.2098300000000001E-3
AT1G75190		1	28219225	28220372	+	80	5.7221200000000003	124	9.8419500000000006	91	4.4873500000000002	85	5.3429599999999997	1.143611156	9.5957939999999995E-3	2.6898222999999999E-2
AT4G14500		4	8334055	8337640	+	1293	92.483800000000002	1110	88.101299999999995	1149	56.658900000000003	902	56.698300000000003	1.1433876009999999	6.4200000000000006E-8	5.13E-7
AT1G18860	WRKY61	1	6508797	6511397	+	221	15.807399999999999	165	13.0961	115	5.67082	200	12.5717	1.143298143	3.9543260000000002E-3	1.2531831E-2
AT3G18040	MPK9	3	6174239	6178534	+	947	67.735600000000005	791	62.7821	876	43.196899999999999	615	38.657899999999998	1.1431042259999999	4.1199999999999998E-7	2.92E-6
AT4G31115		4	15130075	15132035	+	219	15.664300000000001	160	12.699299999999999	186	9.1719399999999993	137	8.6115999999999993	1.1421827040000001	4.8424399999999999E-4	1.9648000000000001E-3
AT4G35500		4	16857030	16859620	+	356	25.4634	318	25.239799999999999	331	16.322099999999999	247	15.526	1.1421589919999999	2.51E-5	1.3360499999999999E-4
AT1G50590		1	18732378	18734199	-	138	9.8706600000000009	155	12.3024	143	7.0515499999999998	110	6.9144199999999998	1.1409557020000001	1.56343E-3	5.583574E-3
AT2G18670	ATL56	2	8093220	8094823	+	174	12.445600000000001	142	11.2706	130	6.4104999999999999	136	8.5487400000000004	1.1403931839999999	1.240526E-3	4.5512119999999998E-3
AT2G25140	CLPB4	2	10697629	10702203	-	908	64.946100000000001	504	40.002800000000001	708	34.912599999999998	490	30.800599999999999	1.139501251	3.0300000000000001E-5	1.58016E-4
AT4G37430	CYP81F1	4	17597110	17598958	+	465	33.259799999999998	413	32.78	456	22.4861	303	19.046099999999999	1.1389625379999999	1.1800000000000001E-5	6.5900000000000003E-5
AT1G69360		1	26072284	26076374	-	1012	72.384799999999998	500	39.685299999999998	734	36.194699999999997	541	34.006399999999999	1.137806407	7.3300000000000006E-5	3.54204E-4
AT1G15100	RHA2A	1	5193284	5194214	-	1553	111.081	1683	133.58099999999999	1659	81.8078	1156	72.664299999999997	1.1376133690000001	3.8299999999999998E-7	2.7300000000000001E-6
AT5G15130	WRKY72	5	4904290	4907094	+	1959	140.12	708	56.194400000000002	1039	51.234699999999997	1139	71.595699999999994	1.1375806879999999	7.4402799999999999E-4	2.8926469999999999E-3
AT2G47330	RH24	2	19428897	19431821	-	760	54.360100000000003	669	53.0989	716	35.307000000000002	516	32.434899999999999	1.1366080000000001	8.78E-7	5.9399999999999999E-6
AT1G69030		1	25947236	25949340	-	964	68.951599999999999	759	60.2423	859	42.358600000000003	621	39.0351	1.136016675	5.1200000000000003E-7	3.58E-6
AT2G34770	FAH1	2	14665667	14668250	+	1483	106.074	1110	88.101299999999995	1296	63.907699999999998	929	58.395400000000002	1.1355921790000001	1.97E-7	1.46E-6
AT5G22000	RHF2A	5	7277182	7280344	+	1859	132.96799999999999	1704	135.24700000000001	1690	83.336500000000001	1370	86.116	1.135396034	2.6099999999999999E-8	2.1899999999999999E-7
AT2G33390		2	14150993	14153118	+	616	44.060299999999998	477	37.8598	525	25.888500000000001	410	25.771899999999999	1.135272182	3.1099999999999999E-6	1.9300000000000002E-5
AT5G10980	HTR8	5	3472405	3473570	-	4142	296.26299999999998	6043	479.63600000000002	5095	251.24199999999999	3841	241.43899999999999	1.135149543	8.1699999999999997E-6	4.7200000000000002E-5
AT1G47056	VFB1	1	17275890	17277839	-	365	26.107199999999999	388	30.7958	357	17.604199999999999	293	18.4175	1.1344715649999999	2.8500000000000002E-5	1.4990399999999999E-4
AT1G60010		1	22095285	22096620	-	403	28.825199999999999	403	31.9863	464	22.880500000000001	246	15.463200000000001	1.1343920249999999	1.04147E-4	4.8884799999999995E-4
AT1G05230	HDG2	1	1512896	1518900	-	75	5.36449	57	4.5241199999999999	58	2.8600699999999999	54	3.3943500000000002	1.134390201	1.9697935999999999E-2	4.9543027000000003E-2
AT4G22780	ACR7	4	11968272	11971357	-	628	44.918599999999998	514	40.796500000000002	669	32.989400000000003	334	20.994700000000002	1.1332405459999999	5.6700000000000003E-5	2.8156600000000002E-4
AT5G23350		5	7858545	7859201	-	299	21.386399999999998	242	19.207699999999999	270	13.3141	196	12.3202	1.1328478259999999	9.1399999999999999E-5	4.3330899999999999E-4
AT4G16745		4	9411823	9414897	+	113	8.0824999999999996	68	5.3971999999999998	87	4.2900999999999998	67	4.2115099999999996	1.132542049	9.9549549999999997E-3	2.7739816E-2
AT3G54030		3	20010927	20013766	+	1358	97.132999999999996	876	69.528599999999997	1055	52.023699999999998	845	53.115299999999998	1.132166244	1.4100000000000001E-6	9.3100000000000006E-6
AT3G12690	AGC1-5	3	4030387	4033387	-	120	8.5831800000000005	95	7.5401999999999996	78	3.8462999999999998	102	6.4115599999999997	1.1312203750000001	7.5747399999999999E-3	2.1997019999999999E-2
AT3G11720		3	3705759	3708721	-	412	29.468900000000001	227	18.017099999999999	356	17.5549	196	12.3202	1.1300716019999999	5.8395599999999995E-4	2.3229560000000002E-3
AT1G62730		1	23229059	23230818	-	180	12.8748	153	12.143700000000001	155	7.6432900000000004	131	8.2344500000000007	1.128587504	7.8406500000000002E-4	3.0279859999999999E-3
AT1G22930		1	8117286	8122151	+	4876	348.76299999999998	4190	332.56299999999999	4381	216.03399999999999	3439	216.17	1.1282719240000001	3.7E-9	3.4200000000000002E-8
AT4G17900		4	9945778	9948157	+	2154	154.06800000000001	2573	204.22	2232	110.063	1880	118.17400000000001	1.127968705	7.2799999999999995E-7	4.9799999999999998E-6
AT5G67250	SKIP2	5	26831185	26833903	-	2074	148.346	1598	126.834	1806	89.056600000000003	1357	85.2988	1.127910076	5.1300000000000003E-8	4.15E-7
AT5G35200		5	13462155	13466150	-	4093	292.75799999999998	3586	284.62299999999999	3485	171.851	3100	194.86099999999999	1.127754865	9.8299999999999993E-9	8.6700000000000002E-8
AT1G72770	HAB1	1	27389948	27393327	+	1386	99.1357	1347	106.91200000000001	1352	66.669200000000004	1022	64.241299999999995	1.12750281	1.2499999999999999E-7	9.6099999999999999E-7
AT2G20330		2	8772653	8775668	-	903	64.588399999999993	862	68.417400000000001	763	37.624699999999997	748	47.018099999999997	1.1274030129999999	1.4300000000000001E-6	9.4099999999999997E-6
AT3G05890	RCI2B	3	1757440	1758807	-	8723	623.92600000000004	8415	667.90300000000002	9130	450.214	5893	370.42399999999998	1.1268565749999999	4.3700000000000001E-8	3.5699999999999998E-7
AT2G31580	THG1	2	13440842	13445932	-	341	24.390499999999999	278	22.065000000000001	301	14.8428	233	14.646000000000001	1.126379142	4.7500000000000003E-5	2.3915000000000001E-4
AT3G47940		3	17687885	17689743	-	325	23.246099999999998	244	19.366399999999999	284	14.0045	207	13.011699999999999	1.1262970400000001	9.2700000000000004E-5	4.3941199999999997E-4
AT1G31280	AGO2	1	11181504	11185396	+	402	28.753699999999998	281	22.303100000000001	323	15.9276	262	16.468900000000001	1.125689162	5.1199999999999998E-5	2.5600900000000002E-4
AT2G44450	BGLU15	2	18340602	18343927	+	970	69.380700000000004	967	76.751300000000001	948	46.747300000000003	736	46.263800000000003	1.125428426	4.7399999999999998E-7	3.3299999999999999E-6
AT4G12560	CPR30	4	7441681	7443775	+	1246	89.122	1394	110.643	1426	70.318200000000004	905	56.886800000000001	1.124947532	2.52E-6	1.59E-5
AT4G33240	FAB1A	4	16029209	16038324	-	1435	102.64100000000001	1305	103.57899999999999	1306	64.400800000000004	1065	66.944199999999995	1.123626145	7.6899999999999994E-8	6.0800000000000004E-7
AT5G44063		5	17732319	17733425	+	84	6.0082300000000002	67	5.3178299999999998	88	4.33941	45	2.82863	1.1233127700000001	1.8217588999999999E-2	4.6403409E-2
AT5G66000		5	26396467	26397515	-	80	5.7221200000000003	59	4.6828599999999998	63	3.10663	56	3.52007	1.123241342	1.8150013999999999E-2	4.6259184000000002E-2
AT2G47760	ALG3	2	19564795	19568438	-	589	42.129100000000001	490	38.891599999999997	539	26.578900000000001	397	24.954799999999999	1.123122774	3.7500000000000001E-6	2.2900000000000001E-5
AT1G77180	SKIP	1	28999577	29002143	-	3040	217.441	3061	242.953	2973	146.60300000000001	2341	147.15100000000001	1.1224353549999999	3.1300000000000002E-8	2.6E-7
AT1G51370		1	19045059	19047518	+	143	10.228300000000001	103	8.1751699999999996	114	5.6215099999999998	97	6.0972600000000003	1.122205997	3.1484669999999998E-3	1.0289665999999999E-2
AT5G66320	GATA5	5	26495875	26498014	-	207	14.805999999999999	154	12.223100000000001	162	7.9884700000000004	147	9.2401800000000005	1.121925136	7.4185899999999999E-4	2.8847080000000002E-3
AT1G15110		1	5198940	5202315	+	1476	105.57299999999999	1450	115.087	1413	69.677199999999999	1132	71.155699999999996	1.1216594769999999	1.18E-7	9.0800000000000003E-7
AT3G42170	HAT	3	14320943	14324069	+	1621	115.944	1198	95.085899999999995	1299	64.055700000000002	1119	70.338499999999996	1.121169914	2.0599999999999999E-7	1.5200000000000001E-6
AT3G17710		3	6055495	6056778	+	170	12.1595	139	11.032500000000001	164	8.0870899999999999	106	6.6629899999999997	1.120693258	1.4213940000000001E-3	5.1437899999999996E-3
AT3G10915		3	3415933	3417809	-	896	64.087800000000001	893	70.877899999999997	891	43.936599999999999	672	42.2408	1.120513144	7.5199999999999996E-7	5.13E-6
AT1G64900	CYP89A2	1	24113109	24114984	+	133	9.5130300000000005	99	7.8576800000000002	105	5.1777100000000003	94	5.90869	1.1201610710000001	3.8799400000000001E-3	1.2330679000000001E-2
AT3G24800	PRT1	3	9055509	9058020	+	584	41.771500000000003	638	50.638399999999997	603	29.7348	467	29.354900000000001	1.119872	6.4300000000000003E-6	3.7799999999999997E-5
AT5G46700	TRN2	5	18950843	18953127	+	803	57.4358	1048	83.180300000000003	855	42.161299999999997	764	48.023800000000001	1.1198101570000001	1.6099999999999998E-5	8.8399999999999994E-5
AT4G19880		4	10784347	10786556	-	5222	373.51100000000002	5252	416.85399999999998	4466	220.22499999999999	4545	285.69099999999997	1.1196255749999999	1.85E-7	1.3799999999999999E-6
AT5G26730		5	9300416	9302158	+	289	20.671199999999999	321	25.477900000000002	325	16.026199999999999	214	13.451700000000001	1.1190716700000001	1.49569E-4	6.7823899999999997E-4
AT5G49940	NIFU2	5	20315390	20317401	+	526	37.622900000000001	691	54.845100000000002	626	30.869	452	28.411999999999999	1.118131537	4.3099999999999997E-5	2.1862100000000001E-4
AT1G26930		1	9336057	9337938	-	447	31.9724	562	44.606299999999997	480	23.669499999999999	405	25.457599999999999	1.1180301109999999	4.4400000000000002E-5	2.2474600000000001E-4
AT1G26945	PRE6	1	9351160	9352833	+	234	16.737200000000001	141	11.1912	186	9.1719399999999993	137	8.6115999999999993	1.11769104	1.1369920000000001E-3	4.2172479999999998E-3
AT2G41520	TPR15	2	17317467	17323056	+	596	42.629800000000003	475	37.701000000000001	512	25.247499999999999	415	26.086200000000002	1.117007511	4.25E-6	2.5700000000000001E-5
AT4G38980		4	18166538	18168241	-	112	8.0109700000000004	186	14.7629	149	7.3474199999999996	116	7.2915700000000001	1.1167363219999999	5.2420749999999997E-3	1.5965753999999999E-2
AT5G42300	UBL5	5	16911579	16913991	-	2840	203.13499999999999	3429	272.16199999999998	3006	148.22999999999999	2497	156.95699999999999	1.116628408	7.8899999999999998E-7	5.3700000000000003E-6
AT2G37290		2	15656427	15661735	-	207	14.805999999999999	111	8.8101299999999991	151	7.44604	121	7.6058599999999998	1.1163109149999999	2.7777240000000001E-3	9.2058439999999995E-3
AT5G17330	GAD1	5	5710910	5715075	+	17974	1285.6199999999999	12684	1006.74	14795	729.56399999999996	11687	734.62599999999998	1.11515692	2.03E-8	1.7100000000000001E-7
AT1G05030		1	1438048	1441933	-	191	13.6616	188	14.9217	178	8.77745	152	9.5544700000000002	1.115155713	5.7254799999999998E-4	2.283724E-3
AT3G01516		3	205314	208220	+	249	17.810099999999998	174	13.810499999999999	211	10.4047	156	9.8059100000000008	1.113992417	4.6422800000000001E-4	1.893446E-3
AT5G43950		5	17686500	17688668	-	71	5.0783800000000001	86	6.8258700000000001	87	4.2900999999999998	53	3.3314900000000001	1.113857594	1.6588029000000001E-2	4.2866319999999999E-2
AT5G63490	CBSCBSPB1	5	25418594	25422466	-	639	45.705399999999997	632	50.162199999999999	570	28.107600000000001	533	33.503500000000003	1.113339901	4.8600000000000001E-6	2.9200000000000002E-5
AT2G37150		2	15603142	15608587	-	553	39.554200000000002	558	44.288800000000002	531	26.1844	440	27.657699999999998	1.113321271	5.7899999999999996E-6	3.4400000000000003E-5
AT2G37520		2	15744670	15750135	-	673	48.137300000000003	672	53.337000000000003	635	31.312799999999999	540	33.9435	1.1114757120000001	2.74E-6	1.7200000000000001E-5
AT2G41160	RBL18	2	17155988	17158935	-	1210	86.5471	1027	81.513599999999997	1052	51.875700000000002	892	56.069699999999997	1.1108617839999999	2.1500000000000001E-7	1.5799999999999999E-6
AT1G50580	UGT79B5	1	18730759	18732238	+	229	16.3796	198	15.715400000000001	246	12.130599999999999	134	8.4230199999999993	1.1093438289999999	7.97443E-4	3.0749190000000002E-3
AT3G53810	LECRK42	3	19932970	19935392	-	418	29.898099999999999	259	20.556999999999999	322	15.878299999999999	262	16.468900000000001	1.1092411659999999	1.3279599999999999E-4	6.0926899999999996E-4
AT1G07725	ATEXO70H6	1	2394801	2397272	-	357	25.535	286	22.7	316	15.5824	245	15.4003	1.109121507	5.2299999999999997E-5	2.6140499999999998E-4
AT2G39180	CCR2	2	16344151	16346769	-	536	38.338200000000001	245	19.445799999999998	393	19.3794	279	17.537500000000001	1.1083367310000001	6.9787500000000004E-4	2.732015E-3
AT1G21760	SKIP32	1	7649194	7651816	+	520	37.193800000000003	656	52.067100000000003	584	28.797899999999998	459	28.852	1.1076874860000001	3.3599999999999997E-5	1.7387199999999999E-4
AT4G19190		4	10493200	10496168	+	517	36.979199999999999	625	49.6066	541	26.677499999999998	466	29.292000000000002	1.1068275620000001	2.6999999999999999E-5	1.42428E-4
AT4G17650		4	9827467	9829768	+	420	30.0411	421	33.414999999999999	434	21.401199999999999	310	19.4861	1.106435195	2.41E-5	1.2849700000000001E-4
AT1G68825	DVL5	1	25869700	25870420	-	109	7.7963899999999997	101	8.0164299999999997	90	4.43804	92	5.7829699999999997	1.1063619790000001	6.2840029999999998E-3	1.8707947999999999E-2
AT5G47650	ATNUDT2	5	19310192	19312747	-	230	16.4511	208	16.5091	208	10.2568	175	11.0002	1.105946087	3.0531900000000002E-4	1.3002249999999999E-3
AT3G61415	ASK21	3	22722710	22726434	-	304	21.7441	303	24.049299999999999	293	14.4483	241	15.148899999999999	1.103662682	8.6299999999999997E-5	4.1170600000000002E-4
AT3G22380	TIC	3	7912905	7919707	+	5450	389.81900000000002	3930	311.92599999999999	4220	208.095	3885	244.20500000000001	1.103599668	9.7199999999999997E-8	7.5700000000000002E-7
AT5G52560	USP	5	21330608	21334811	+	1552	111.009	1222	96.990799999999993	1468	72.389300000000006	980	61.601199999999999	1.103281677	4.6499999999999999E-7	3.27E-6
AT2G42280		2	17611185	17613660	-	226	16.164999999999999	398	31.589500000000001	310	15.2866	251	15.7775	1.101923253	1.571603E-3	5.6101019999999996E-3
AT5G04550		5	1303167	1306145	-	1377	98.492000000000004	870	69.052400000000006	1036	51.0867	905	56.886800000000001	1.101876332	4.0099999999999997E-6	2.44E-5
AT5G23150	HUA2	5	7785743	7792991	+	1048	74.959800000000001	685	54.3688	766	37.772599999999997	727	45.698	1.1011894419999999	7.79E-6	4.5200000000000001E-5
AT5G57100		5	23106298	23108883	-	501	35.834800000000001	345	27.3828	424	20.908100000000001	316	19.863299999999999	1.1008115190000001	3.54E-5	1.8247000000000001E-4
AT4G09020	ISA3	4	5783909	5789100	+	593	42.415199999999999	361	28.652799999999999	460	22.683299999999999	368	23.131900000000002	1.1005450240000001	5.3699999999999997E-5	2.6794999999999998E-4
AT2G40935	PCR10	2	17082745	17084376	+	144	10.299799999999999	143	11.35	150	7.3967299999999998	105	6.6001300000000001	1.1003835870000001	2.0943149999999998E-3	7.2160940000000002E-3
AT4G23730		4	12362166	12365203	+	426	30.470300000000002	355	28.176500000000001	383	18.886299999999999	303	19.046099999999999	1.099885907	2.2399999999999999E-5	1.20075E-4
AT4G24200		4	12556268	12560974	-	615	43.988799999999998	547	43.415700000000001	571	28.1569	452	28.411999999999999	1.0998239240000001	3.5700000000000001E-6	2.19E-5
AT1G61360		1	22637688	22641999	-	625	44.704099999999997	592	46.987400000000001	550	27.121300000000002	515	32.372100000000003	1.0989808130000001	6.1500000000000004E-6	3.6399999999999997E-5
AT3G61790	SINAT3	3	22871697	22873833	-	728	52.071300000000001	845	67.068100000000001	775	38.2164	623	39.160800000000002	1.098826087	7.5599999999999996E-6	4.3900000000000003E-5
AT3G13650	DIR7	3	4462841	4463955	+	385	27.537700000000001	452	35.875500000000002	474	23.373699999999999	282	17.726099999999999	1.0982538740000001	1.4330199999999999E-4	6.5191499999999998E-4
AT1G03060	SPI	1	712440	727553	-	1975	141.26499999999999	901	71.512900000000002	1254	61.836599999999997	1197	75.241500000000002	1.0978121430000001	1.4655399999999999E-4	6.6563500000000003E-4
AT5G05440	PYL5	5	1608988	1610527	+	613	43.845799999999997	764	60.639099999999999	598	29.488299999999999	614	38.594999999999999	1.0975427419999999	5.0699999999999999E-5	2.5399500000000002E-4
AT4G37510	RNC1	4	17626104	17629070	-	339	24.247499999999999	299	23.7318	295	14.546900000000001	264	16.5946	1.0972615530000001	6.9300000000000004E-5	3.37148E-4
AT4G15020		4	8575342	8578729	+	771	55.146900000000002	723	57.384900000000002	714	35.208399999999997	602	37.840699999999998	1.096978099	1.64E-6	1.0699999999999999E-5
AT3G15760		3	5337475	5338562	+	238	17.023299999999999	142	11.2706	186	9.1719399999999993	145	9.1144700000000007	1.0969580539999999	1.329595E-3	4.8488580000000002E-3
AT3G11150		3	3492804	3494653	-	80	5.7221200000000003	86	6.8258700000000001	86	4.2407899999999996	62	3.8972199999999999	1.0968456520000001	1.2981795000000001E-2	3.4763763000000003E-2
AT3G56000	CSLA14	3	20783269	20785885	-	1010	72.241799999999998	570	45.241199999999999	823	40.583399999999997	560	35.200699999999998	1.0966117289999999	4.18E-5	2.1240000000000001E-4
AT3G54850	PUB14	3	20321353	20324020	+	390	27.895299999999999	495	39.288400000000003	448	22.0916	344	21.6233	1.0965599479999999	9.4500000000000007E-5	4.46895E-4
AT5G53290	CRF3	5	21617714	21619281	-	374	26.750900000000001	380	30.160799999999998	371	18.294599999999999	297	18.668900000000001	1.0965376010000001	3.9900000000000001E-5	2.03592E-4
AT1G29280	WRKY65	1	10236337	10237990	+	2399	171.59200000000001	2505	198.82300000000001	2412	118.93899999999999	1939	121.88200000000001	1.0960628640000001	1.55E-7	1.17E-6
AT2G41420	WIH2	2	17266470	17268200	-	1012	72.384799999999998	1094	86.831400000000002	1078	53.157800000000002	801	50.349600000000002	1.0957171880000001	1.8199999999999999E-6	1.17E-5
AT4G01960		4	850914	853329	-	426	30.470300000000002	727	57.702399999999997	546	26.924099999999999	489	30.7378	1.095443487	5.4055499999999996E-4	2.1726039999999999E-3
AT4G34090		4	16326883	16330224	-	74	5.2929599999999999	68	5.3971999999999998	67	3.3038699999999999	58	3.6457899999999999	1.095175606	1.8719763E-2	4.7409971000000002E-2
AT3G19660		3	6825433	6826585	-	262	18.739899999999999	601	47.701700000000002	432	21.302600000000002	354	22.251899999999999	1.0950247040000001	3.578917E-3	1.1487476999999999E-2
AT4G36720	HVA22K	4	17307709	17309867	+	320	22.888500000000001	334	26.509799999999998	335	16.519400000000001	248	15.588900000000001	1.0946614779999999	8.8999999999999995E-5	4.2338800000000002E-4
AT5G58190	ECT10	5	23546329	23549605	+	375	26.822399999999998	348	27.620999999999999	369	18.196000000000002	273	17.160299999999999	1.094476891	3.9900000000000001E-5	2.0359100000000001E-4
AT1G45145	TRX5	1	17074942	17076417	-	4706	336.60399999999998	7102	563.69000000000005	6002	295.96800000000002	4651	292.35399999999998	1.0944650309999999	2.4300000000000001E-5	1.2955700000000001E-4
AT4G35380	BIG4	4	16819792	16826147	+	1070	76.5334	676	53.654499999999999	843	41.569600000000001	680	42.743699999999997	1.0941793019999999	7.2799999999999998E-6	4.2400000000000001E-5
AT3G03900	APK3	3	1002765	1005025	-	147	10.5144	163	12.9374	142	7.0022399999999996	132	8.2973099999999995	1.093191853	2.052702E-3	7.0889289999999999E-3
AT2G20562		2	8850148	8851035	-	308	22.030200000000001	252	20.0014	281	13.8565	214	13.451700000000001	1.092640217	1.2165199999999999E-4	5.6271299999999995E-4
AT2G44290	YLS3	2	18305080	18306395	-	114	8.1540199999999992	141	11.1912	83	4.0928599999999999	137	8.6115999999999993	1.0924721019999999	1.2852028999999999E-2	3.4457102000000003E-2
AT2G42890	ML2	2	17849819	17854553	+	1092	78.106999999999999	1132	89.847499999999997	1088	53.6509	888	55.818199999999997	1.0922887830000001	9.3600000000000002E-7	6.3199999999999996E-6
AT2G46850		2	19251066	19253484	+	147	10.5144	153	12.143700000000001	144	7.1008599999999999	122	7.6687200000000004	1.0921913130000001	1.9190920000000001E-3	6.6847249999999999E-3
AT3G55450	PBL1	3	20557644	20560235	+	673	48.137300000000003	643	51.035299999999999	693	34.172899999999998	483	30.360600000000002	1.091597419	4.69E-6	2.83E-5
AT5G22120		5	7334314	7337018	-	475	33.975099999999998	648	51.432099999999998	583	28.7486	431	27.091999999999999	1.0905260999999999	1.04145E-4	4.8884799999999995E-4
AT2G33835	FES1	2	14311712	14314714	-	208	14.8775	268	21.2713	243	11.982699999999999	185	11.6288	1.0905052449999999	7.4127800000000005E-4	2.882945E-3
AT5G07740		5	2458568	2467339	-	1511	108.077	1141	90.561800000000005	1219	60.110700000000001	1101	69.207099999999997	1.0901835900000001	5.6599999999999996E-7	3.9299999999999996E-6
AT3G42150		3	14309275	14311638	+	468	33.474400000000003	458	36.351700000000001	474	23.373699999999999	353	22.189	1.088500008	1.73E-5	9.4099999999999997E-5
AT4G32070	Phox4	4	15503802	15507312	-	2587	185.03899999999999	2459	195.172	2481	122.342	2004	125.968	1.088099208	5.5899999999999998E-8	4.4999999999999998E-7
AT5G62880	ARAC10	5	25236945	25239262	+	733	52.428899999999999	830	65.877600000000001	780	38.463000000000001	620	38.972200000000001	1.087136632	7.34E-6	4.2799999999999997E-5
AT1G13960	WRKY4	1	4776283	4779420	+	656	46.921399999999998	926	73.497100000000003	804	39.646500000000003	626	39.349400000000003	1.0870319129999999	7.1699999999999995E-5	3.47487E-4
AT2G44430		2	18333370	18336364	+	814	58.2226	638	50.638399999999997	778	38.364400000000003	518	32.560600000000001	1.08663909	4.8300000000000003E-6	2.9E-5
AT5G13810		5	4455148	4457019	+	1164	83.256900000000002	1286	102.071	1288	63.513199999999998	919	57.7669	1.086259632	2.3499999999999999E-6	1.49E-5
AT5G63880	VPS20.1	5	25563724	25565498	+	393	28.1099	538	42.7014	488	24.064	356	22.377600000000001	1.0857484639999999	1.7991799999999999E-4	8.05024E-4
AT4G11560		4	6999869	7003493	-	719	51.427599999999998	860	68.258700000000005	787	38.808199999999999	631	39.663600000000002	1.0855912729999999	1.31E-5	7.2999999999999999E-5
AT5G50900		5	20704724	20706842	-	1405	100.495	1083	85.958299999999994	1258	62.033900000000003	949	59.6526	1.085261429	4.3000000000000001E-7	3.0400000000000001E-6
AT1G05500	SYT5	1	1624919	1629289	+	1406	100.566	1504	119.373	1379	68.000600000000006	1212	76.184399999999997	1.085124899	1.0300000000000001E-6	6.9299999999999997E-6
AT5G37070		5	14650913	14652363	+	197	14.0907	293	23.255600000000001	271	13.3634	177	11.1259	1.0850293339999999	1.621408E-3	5.7578719999999998E-3
AT3G24560	RSY3	3	8963770	8966616	+	96	6.8665500000000002	62	4.9209699999999996	77	3.7969900000000001	62	3.8972199999999999	1.084577417	1.7217301000000001E-2	4.4237471E-2
AT3G55470		3	20564081	20566329	+	407	29.1113	597	47.3842	477	23.521599999999999	427	26.840499999999999	1.083487917	2.7204399999999999E-4	1.171325E-3
AT5G15150	HAT7	5	4913699	4915976	-	850	60.797499999999999	574	45.558700000000002	696	34.320799999999998	559	35.137799999999999	1.083136214	7.9999999999999996E-6	4.6300000000000001E-5
AT1G67580		1	25327282	25331461	-	1153	82.470100000000002	962	76.354500000000002	1057	52.122300000000003	824	51.795299999999997	1.083092656	4.6699999999999999E-7	3.2899999999999998E-6
AT4G36960		4	17426918	17429765	+	796	56.935099999999998	770	61.115299999999998	826	40.731299999999997	582	36.583599999999997	1.0826944329999999	2.9799999999999998E-6	1.8600000000000001E-5
AT4G27880	SINAT4	4	13883167	13885063	+	410	29.325900000000001	478	37.939100000000003	464	22.880500000000001	339	21.309000000000001	1.0809200290000001	6.7100000000000005E-5	3.2775099999999999E-4
AT3G57070		3	21123859	21125682	+	968	69.237700000000004	740	58.734200000000001	854	42.112000000000002	663	41.6751	1.0808404540000001	1.61E-6	1.0499999999999999E-5
AT1G57560	AtMYB50	1	21316730	21318192	+	176	12.588699999999999	165	13.0961	230	11.3416	86	5.4058200000000003	1.08039405	7.0703229999999999E-3	2.0721274000000001E-2
AT3G16860	COBL8	3	5759375	5762264	-	154	11.0151	86	6.8258700000000001	107	5.2763299999999997	102	6.4115599999999997	1.080132053	7.7305350000000002E-3	2.2383285999999999E-2
AT2G05160		2	1858543	1862064	-	454	32.472999999999999	262	20.795100000000001	343	16.913900000000002	285	17.9146	1.0801219820000001	2.5456900000000001E-4	1.1011180000000001E-3
AT3G13800		3	4538328	4541823	+	218	15.5928	213	16.905899999999999	205	10.1089	179	11.2517	1.080029124	4.9819899999999995E-4	2.0181610000000001E-3
AT2G27050	EIL1	2	11545656	11548293	+	1702	121.738	1096	86.990099999999998	1338	65.978800000000007	1123	70.59	1.079828564	2.74E-6	1.7200000000000001E-5
AT3G20170		3	7041552	7043375	+	245	17.524000000000001	266	21.1126	265	13.067600000000001	196	12.3202	1.079291698	3.3372300000000002E-4	1.4094940000000001E-3
AT5G13340		5	4277546	4279493	-	189	13.5185	217	17.223400000000002	215	10.602	153	9.6173300000000008	1.0778944720000001	9.7975300000000009E-4	3.6903159999999999E-3
AT3G11700	FLA18	3	3698658	3701514	+	2316	165.655	1515	120.246	1918	94.579499999999996	1476	92.778999999999996	1.076955399	1.2899999999999999E-6	8.5599999999999994E-6
AT4G30260		4	14816575	14819084	-	1309	93.628200000000007	1073	85.164599999999993	1239	61.097000000000001	896	56.321100000000001	1.0767543429999999	5.3000000000000001E-7	3.7100000000000001E-6
AT5G54810	TSB1	5	22264594	22266902	-	3092	221.16	3262	258.90699999999998	2633	129.83699999999999	2979	187.255	1.0758866010000001	5.13E-6	3.0700000000000001E-5
AT3G27160	GHS1	3	10017321	10019442	+	328	23.460699999999999	402	31.907	354	17.456299999999999	304	19.108899999999998	1.0758511820000001	1.81607E-4	8.1194899999999996E-4
AT5G25110	CIPK25	5	8657604	8659352	-	222	15.8789	278	22.065000000000001	221	10.8978	226	14.206	1.0756755140000001	9.1457599999999995E-4	3.473819E-3
AT1G32090		1	11539993	11544166	-	1725	123.383	991	78.656199999999998	1266	62.428400000000003	1115	70.087100000000007	1.074940427	1.5699999999999999E-5	8.6000000000000003E-5
AT2G27350		2	11699548	11704303	-	1386	99.1357	1211	96.117699999999999	1256	61.935299999999998	1061	66.692700000000002	1.074687905	3.1100000000000002E-7	2.2400000000000002E-6
AT1G78660	GGH1	1	29585677	29588389	+	4329	309.63799999999998	3935	312.32299999999998	4189	206.566	3234	203.28399999999999	1.074149201	2.73E-8	2.28E-7
AT1G33420		1	12120886	12123576	-	393	28.1099	260	20.636299999999999	305	15.04	271	17.034600000000001	1.0737864349999999	1.83709E-4	8.2004899999999999E-4
AT2G21550		2	9226917	9230205	+	336	24.032900000000001	262	20.795100000000001	240	11.8348	283	17.788900000000002	1.073158477	4.5357900000000002E-4	1.8560440000000001E-3
AT4G33666		4	16169048	16169535	+	95	6.7950200000000001	147	11.6675	90	4.43804	125	7.8573000000000004	1.0727421370000001	1.5646775000000002E-2	4.0760264999999997E-2
AT2G48080		2	19664990	19667192	-	493	35.262599999999999	303	24.049299999999999	446	21.992899999999999	269	16.908899999999999	1.0725235710000001	2.6150300000000001E-4	1.1289500000000001E-3
AT5G41910	MED10A	5	16777691	16779295	-	145	10.3713	128	10.1594	148	7.2980999999999998	99	6.2229799999999997	1.071695657	3.1341979999999999E-3	1.0250448000000001E-2
AT1G71110		1	26817878	26821094	+	316	22.602399999999999	281	22.303100000000001	294	14.4976	241	15.148899999999999	1.0715877039999999	1.1589100000000001E-4	5.3959799999999997E-4
AT5G01270	CPL2	5	107547	112324	-	1011	72.313299999999998	725	57.543700000000001	841	41.470999999999997	702	44.126600000000003	1.0709223059999999	3.2200000000000001E-6	1.9899999999999999E-5
AT1G51420	ATSPP1	1	19064598	19066989	-	1159	82.899199999999993	1618	128.422	1102	54.341299999999997	1372	86.241699999999994	1.070724292	2.12389E-4	9.3441100000000001E-4
AT4G24370		4	12611396	12612219	-	151	10.8005	159	12.619899999999999	167	8.2350200000000005	115	7.2287100000000004	1.070498891	2.273532E-3	7.7403530000000002E-3
AT1G80830	NRAMP1	1	30372668	30376072	-	2090	149.49	1550	123.024	1897	93.543999999999997	1369	86.053100000000001	1.0702144339999999	4.2800000000000002E-7	3.0299999999999998E-6
AT5G15260		5	4952881	4955027	-	359	25.678000000000001	296	23.4937	364	17.949400000000001	230	14.4574	1.0696629369999999	1.46439E-4	6.6524599999999998E-4
AT5G07730		5	2457347	2458502	-	100	7.1526500000000004	115	9.1276100000000007	102	5.0297799999999997	92	5.7829699999999997	1.067213078	8.087828E-3	2.3245048000000001E-2
AT3G52500		3	19465264	19467455	-	1564	111.867	904	71.751000000000005	1267	62.477699999999999	931	58.5212	1.0667837950000001	1.8600000000000001E-5	1.01102E-4
AT4G30810	SCPL29	4	15003146	15006216	+	1306	93.413600000000002	1044	82.862899999999996	1246	61.4422	878	55.189700000000002	1.0653875429999999	9.6599999999999994E-7	6.5100000000000004E-6
AT2G38330	DTX44	2	16064503	16067437	+	121	8.6547099999999997	87	6.90524	97	4.78322	88	5.5315399999999997	1.0653211840000001	8.3925939999999997E-3	2.3992795000000001E-2
AT3G07020	UGT80A2	3	2217622	2221956	-	1578	112.869	927	73.576499999999996	1255	61.886000000000003	973	61.161200000000001	1.0653162140000001	1.4E-5	7.7600000000000002E-5
AT1G22880	CEL5	1	8095449	8097790	+	2063	147.559	692	54.924399999999999	1372	67.6554	1039	65.309899999999999	1.064099117	1.710547E-3	6.0411869999999999E-3
AT1G53680	GSTU28	1	20038320	20039164	+	1149	82.183999999999997	889	70.560400000000001	1178	58.088999999999999	683	42.932299999999998	1.063718712	1.19E-5	6.69E-5
AT4G33460	ABCI10	4	16098070	16100440	-	103	7.3672300000000002	121	9.6038399999999999	102	5.0297799999999997	100	6.2858400000000003	1.0631838760000001	8.1084109999999994E-3	2.3293876000000002E-2
AT5G27690	HIPP36	5	9803647	9805266	+	87	6.22281	102	8.0958000000000006	106	5.2270200000000004	68	4.2743700000000002	1.0629451510000001	1.2885860000000001E-2	3.4531415000000003E-2
AT5G45020		5	18168147	18170775	+	258	18.453800000000001	191	15.159800000000001	235	11.588200000000001	170	10.6859	1.062269693	5.6867699999999996E-4	2.271894E-3
AT1G27110		1	9412783	9417604	-	286	20.456600000000002	187	14.8423	258	12.7224	169	10.623100000000001	1.062221034	8.1525800000000002E-4	3.1393290000000002E-3
AT1G22710	SUC2	1	8030587	8033156	-	791	56.577500000000001	730	57.9405	812	40.040999999999997	573	36.017899999999997	1.061823892	4.0400000000000003E-6	2.4600000000000002E-5
AT5G13190		5	4204085	4206475	-	720	51.499099999999999	658	52.2258	650	32.052500000000002	588	36.960700000000003	1.061821066	5.66E-6	3.3699999999999999E-5
AT5G23340		5	7856039	7858319	+	774	55.361499999999999	844	66.988699999999994	882	43.492800000000003	603	37.903599999999997	1.0616196899999999	1.17E-5	6.5300000000000002E-5
AT3G02260	BIG	3	430877	448680	-	4237	303.05799999999999	2413	191.52099999999999	3020	148.92099999999999	2840	178.518	1.0613278820000001	1.1800000000000001E-5	6.6099999999999994E-5
AT4G36020	CSP1	4	17042769	17044599	-	608	43.488100000000003	631	50.082799999999999	608	29.981400000000001	515	32.372100000000003	1.060609473	1.2500000000000001E-5	6.9499999999999995E-5
AT2G39450	MTP11	2	16471560	16474060	-	808	57.793399999999998	705	55.956200000000003	810	39.942300000000003	567	35.640700000000002	1.0602852389999999	3.98E-6	2.4199999999999999E-5
AT3G15430		3	5208559	5211779	+	1359	97.204499999999996	1117	88.656899999999993	1275	62.872199999999999	965	60.658299999999997	1.0599593329999999	5.44E-7	3.7900000000000001E-6
AT4G39090	RD19A	4	18215542	18217616	-	10723	766.97900000000004	14544	1154.3699999999999	14087	694.65099999999995	9375	589.29700000000003	1.0596386440000001	1.45E-5	8.0199999999999998E-5
AT4G01550	NAC69	4	673862	676445	-	141	10.0852	112	8.8895	104	5.1284000000000001	120	7.5430099999999998	1.059281747	6.1792899999999996E-3	1.8444813000000001E-2
AT2G05260		2	1918273	1920042	+	468	33.474400000000003	518	41.113900000000001	537	26.4803	370	23.2576	1.058074599	5.6499999999999998E-5	2.8071299999999998E-4
AT3G43430		3	15354535	15355494	-	541	38.695799999999998	643	51.035299999999999	592	29.192399999999999	490	30.800599999999999	1.0574764210000001	4.3399999999999998E-5	2.1989899999999999E-4
AT4G02390	PARP2	4	1049766	1054186	+	174	12.445600000000001	181	14.366099999999999	194	9.5664300000000004	132	8.2973099999999995	1.0572545419999999	1.6018040000000001E-3	5.6990019999999999E-3
AT1G20300		1	7029629	7031535	+	209	14.949	237	18.8108	216	10.651300000000001	190	11.943099999999999	1.055761462	8.38717E-4	3.2230710000000001E-3
AT4G17486		4	9749578	9751804	-	822	58.794800000000002	688	54.606900000000003	754	37.180900000000001	612	38.469299999999997	1.055609832	2.92E-6	1.8199999999999999E-5
AT1G06780	GAUT6	1	2083311	2087141	+	837	59.867699999999999	809	64.210800000000006	811	39.991599999999998	683	42.932299999999998	1.05538423	3.19E-6	1.98E-5
AT3G12300		3	3921419	3923155	-	421	30.1127	405	32.145099999999999	462	22.7819	298	18.7318	1.055244737	7.64E-5	3.6784099999999999E-4
AT3G56250		3	20865913	20868156	+	122	8.7262299999999993	80	6.34964	98	4.8325300000000002	83	5.2172499999999999	1.0551527380000001	1.0484357E-2	2.9020074E-2
AT1G62305		1	23026692	23029531	-	220	15.735799999999999	254	20.1601	241	11.8841	193	12.1317	1.0551502619999999	6.8911799999999996E-4	2.6996049999999999E-3
AT3G06190	BPM2	3	1874169	1876946	-	899	64.302300000000002	841	66.750600000000006	913	45.0214	676	42.4923	1.0547579970000001	2.4099999999999998E-6	1.5299999999999999E-5
AT4G25230	RIN2	4	12923682	12929274	+	1520	108.72	1492	118.42100000000001	1470	72.487899999999996	1264	79.453000000000003	1.0545160440000001	6.8100000000000002E-7	4.6800000000000001E-6
AT4G23630	RTNLB1	4	12317036	12320074	+	6124	438.02800000000002	6868	545.11699999999996	6935	341.97500000000002	5040	316.80599999999998	1.05309206	7.1399999999999996E-7	4.8899999999999998E-6
AT5G08080	SYP132	5	2588160	2591406	+	1612	115.301	1766	140.16800000000001	1770	87.281400000000005	1334	83.853099999999998	1.053040159	1.79E-6	1.1600000000000001E-5
AT2G03240	PHO1-H5	2	972756	977531	-	1517	108.506	1318	104.61	1386	68.345799999999997	1180	74.172899999999998	1.0530071679999999	4.2199999999999999E-7	2.9900000000000002E-6
AT2G06025		2	2348059	2352174	+	816	58.365600000000001	856	67.941199999999995	862	42.506500000000003	670	42.115099999999998	1.052174012	5.6699999999999999E-6	3.3699999999999999E-5
AT5G28150		5	10135409	10137105	+	295	21.100300000000001	309	24.525500000000001	310	15.2866	243	15.2746	1.052072138	2.0724299999999999E-4	9.1390899999999997E-4
AT4G32690	GLB3	4	15765112	15767106	+	145	10.3713	157	12.4612	134	6.6077399999999997	139	8.7373200000000004	1.051686312	3.5842679999999998E-3	1.1501011E-2
AT5G20830	SUS1	5	7050217	7055398	-	709	50.712299999999999	1096	86.990099999999998	979	48.276000000000003	706	44.378	1.051298694	2.40654E-4	1.0475459999999999E-3
AT4G19150		4	10471331	10472742	-	468	33.474400000000003	567	45.003100000000003	578	28.502099999999999	385	24.200500000000002	1.048937671	1.17763E-4	5.4718900000000001E-4
AT1G70460	PERK13	1	26555705	26559322	+	788	56.362900000000003	707	56.115000000000002	834	41.125799999999998	544	34.195	1.0487624179999999	9.0599999999999997E-6	5.1799999999999999E-5
AT1G08930	ERD6	1	2873300	2877270	+	4041	289.03899999999999	4182	331.928	3563	175.697	3855	242.31899999999999	1.047852046	3.6399999999999999E-6	2.23E-5
AT4G30790	ATG11	4	14992396	14998649	-	898	64.230800000000002	567	45.003100000000003	668	32.940100000000001	640	40.229399999999998	1.047297014	4.3099999999999997E-5	2.1852899999999999E-4
AT5G60790	ABCF1	5	24453258	24456115	-	3387	242.26	3309	262.637	3371	166.22900000000001	2755	173.17500000000001	1.0469741509999999	1.4700000000000001E-7	1.1200000000000001E-6
AT4G39980	DHS1	4	18539511	18542122	+	2564	183.39400000000001	2388	189.53700000000001	2147	105.872	2308	145.077	1.046808095	2.7999999999999999E-6	1.7499999999999998E-5
AT3G60850		3	22481879	22484250	+	444	31.7578	361	28.652799999999999	435	21.450500000000002	303	19.046099999999999	1.0463071020000001	6.1699999999999995E-5	3.04102E-4
AT5G65200	PUB38	5	26048065	26050046	-	266	19.0261	216	17.143999999999998	245	12.081300000000001	194	12.1945	1.0462782100000001	4.07966E-4	1.6852670000000001E-3
AT1G02720	GATL5	1	591682	594264	+	428	30.613299999999999	361	28.652799999999999	382	18.837	334	20.994700000000002	1.0460194899999999	5.5699999999999999E-5	2.7710899999999999E-4
AT1G16010	MRS2-1	1	5495373	5497723	-	996	71.240399999999994	1210	96.038399999999996	1216	59.962800000000001	839	52.738199999999999	1.0454301210000001	2.1800000000000001E-5	1.16993E-4
AT1G10040		1	3275891	3278779	-	275	19.669799999999999	161	12.778700000000001	241	11.8841	156	9.8059100000000008	1.0454231570000001	1.850022E-3	6.4740750000000001E-3
AT3G56440	ATG18D	3	20926001	20928993	+	186	13.303900000000001	134	10.6357	137	6.7556799999999999	149	9.3658999999999999	1.044912115	3.391186E-3	1.0956138000000001E-2
AT4G11110	SPA2	4	6771605	6777225	+	845	60.439900000000002	805	63.893300000000004	868	42.802399999999999	650	40.857999999999997	1.044144312	3.7699999999999999E-6	2.3099999999999999E-5
AT5G22060	ATJ2	5	7303506	7305870	-	2781	198.91499999999999	2584	205.09399999999999	2796	137.875	2133	134.077	1.043671097	1.5099999999999999E-7	1.1400000000000001E-6
AT1G07480		1	2296023	2299544	-	606	43.345100000000002	501	39.764600000000002	565	27.861000000000001	446	28.034800000000001	1.043396626	1.29E-5	7.1600000000000006E-5
AT5G38220		5	15268674	15271456	+	302	21.600999999999999	504	40.002800000000001	454	22.3874	307	19.297499999999999	1.0427359730000001	1.5231089999999999E-3	5.4620160000000001E-3
AT2G32240		2	13684299	13691155	-	7227	516.92200000000003	6671	529.48099999999999	6822	336.40300000000002	5870	368.97899999999998	1.042408483	5.84E-8	4.6899999999999998E-7
AT4G30410	IBL1	4	14870984	14872267	-	597	42.701300000000003	606	48.098599999999998	668	32.940100000000001	449	28.223400000000002	1.042165539	2.6100000000000001E-5	1.3804900000000001E-4
AT1G17070	STIPL1	1	5837590	5840332	+	487	34.833399999999997	365	28.970300000000002	399	19.6753	371	23.320499999999999	1.041351878	7.1600000000000006E-5	3.4723399999999998E-4
AT5G24810		5	8516635	8522800	-	1386	99.1357	987	78.338700000000003	1202	59.272399999999998	957	60.155500000000004	1.040431018	2.5500000000000001E-6	1.5999999999999999E-5
AT3G55960		3	20760419	20763056	-	1102	78.822199999999995	1026	81.434200000000004	1103	54.390599999999999	855	53.743899999999996	1.040194786	1.46E-6	9.5899999999999997E-6
AT1G03910	CTN	1	996076	1000629	+	1179	84.329800000000006	1309	103.896	1219	60.110700000000001	1070	67.258499999999998	1.039913986	5.7400000000000001E-6	3.4100000000000002E-5
AT1G69450		1	26106790	26110357	-	2096	149.91999999999999	2101	166.75800000000001	2159	106.464	1711	107.551	1.039403439	4.9599999999999999E-7	3.4800000000000001E-6
AT1G12710	AtPP2-A12	1	4326739	4328616	-	141	10.0852	180	14.2867	159	7.8405300000000002	138	8.6744599999999998	1.038926427	3.7959690000000002E-3	1.2092726999999999E-2
AT3G24180		3	8734611	8741819	-	2875	205.63900000000001	2221	176.28200000000001	2522	124.364	2120	133.26	1.0385089700000001	2.5400000000000002E-7	1.8500000000000001E-6
AT2G20310	RIN13	2	8761180	8763372	-	231	16.522600000000001	209	16.5884	223	10.996499999999999	181	11.3774	1.0381018280000001	6.3275500000000004E-4	2.498292E-3
AT1G09540	MYB61	1	3086101	3087914	+	481	34.404299999999999	234	18.572700000000001	398	19.626000000000001	253	15.9032	1.038008942	1.454501E-3	5.2451160000000002E-3
AT5G14020		5	4523421	4526167	-	883	63.157899999999998	724	57.464300000000001	790	38.956099999999999	677	42.555100000000003	1.037289707	4.0199999999999996E-6	2.4499999999999999E-5
AT1G20490		1	7097211	7099892	-	449	32.115400000000001	372	29.5258	468	23.0778	294	18.480399999999999	1.0370909669999999	1.04623E-4	4.9097599999999996E-4
AT3G59640		3	22028649	22030505	+	175	12.517099999999999	247	19.604500000000002	208	10.2568	184	11.565899999999999	1.0368842730000001	2.6069219999999998E-3	8.7345809999999999E-3
AT1G76270		1	28613207	28616785	-	484	34.6188	386	30.637	433	21.351900000000001	362	22.7547	1.036519387	4.32E-5	2.1922200000000001E-4
AT3G57330	ACA11	3	21211014	21216836	-	3028	216.58199999999999	1795	142.47	2326	114.699	2024	127.22499999999999	1.0362049959999999	1.04E-5	5.8999999999999998E-5
AT1G53340		1	19898849	19901091	-	182	13.017799999999999	149	11.8262	171	8.4322700000000008	133	8.3601700000000001	1.035923798	1.9361650000000001E-3	6.734851E-3
AT2G20010		2	8637663	8641631	-	1326	94.844200000000001	1039	82.465999999999994	1237	60.998399999999997	935	58.772599999999997	1.0358827100000001	1.3799999999999999E-6	9.1099999999999992E-6
AT4G02660		4	1159494	1174321	-	315	22.530899999999999	124	9.8419500000000006	202	9.9609299999999994	188	11.817399999999999	1.0356627110000001	7.491279E-3	2.1773865999999999E-2
AT5G43560		5	17500376	17505713	+	1555	111.224	1291	102.467	1421	70.071700000000007	1185	74.487200000000001	1.0355169719999999	6.1699999999999998E-7	4.2599999999999999E-6
AT4G24390	FBX14	4	12613076	12616238	-	504	36.049399999999999	343	27.2241	444	21.894300000000001	331	20.806100000000001	1.0352591959999999	1.0078599999999999E-4	4.7464700000000002E-4
AT1G14820		1	5104975	5107107	-	215	15.3782	213	16.905899999999999	238	11.7361	161	10.120200000000001	1.033714357	9.8013399999999991E-4	3.6905699999999998E-3
AT5G16240	S-ACP-DES1	5	5306740	5309961	+	162	11.587300000000001	179	14.2073	146	7.1994800000000003	165	10.371600000000001	1.0335688009999999	3.6412060000000001E-3	1.1662181000000001E-2
AT2G42520	RH37	2	17704741	17709060	+	832	59.510100000000001	823	65.322000000000003	815	40.188899999999997	709	44.566600000000001	1.0332638999999999	6.3099999999999997E-6	3.7200000000000003E-5
AT4G25260	PMEI7	4	12935710	12937236	-	520	37.193800000000003	939	74.528899999999993	752	37.082299999999996	624	39.223599999999998	1.033079876	1.1084529999999999E-3	4.1235760000000003E-3
AT1G01540		1	195645	198787	+	1304	93.270600000000002	964	76.513199999999998	1177	58.039700000000003	904	56.823999999999998	1.032962291	2.4499999999999998E-6	1.5500000000000001E-5
AT4G37260	MYB73	4	17540490	17541799	+	1535	109.79300000000001	1160	92.069800000000001	1441	71.057900000000004	1042	65.498400000000004	1.0328222220000001	1.68E-6	1.0900000000000001E-5
AT5G64270		5	25706608	25711355	+	3212	229.74299999999999	2633	208.983	2986	147.244	2388	150.10599999999999	1.032188222	1.37E-7	1.04E-6
AT3G59280	PAM16L2	3	21908429	21910738	-	847	60.582999999999998	986	78.259399999999999	964	47.536299999999997	746	46.892400000000002	1.032058457	1.8300000000000001E-5	9.9099999999999996E-5
AT3G54000		3	19996177	19998736	+	358	25.6065	244	19.366399999999999	337	16.617999999999999	219	13.766	1.0319361060000001	4.6294499999999998E-4	1.8888959999999999E-3
AT1G01990		1	342918	344400	-	264	18.882999999999999	288	22.858699999999999	302	14.892099999999999	214	13.451700000000001	1.0314815079999999	4.8206099999999999E-4	1.9569969999999998E-3
AT3G25070	RIN4	3	9132068	9134099	+	509	36.406999999999996	588	46.669899999999998	538	26.529599999999999	478	30.046299999999999	1.031265739	7.3499999999999998E-5	3.5516900000000001E-4
AT4G27480		4	13736655	13739077	-	335	23.961400000000001	136	10.7944	254	12.5251	173	10.874499999999999	1.031156924	6.2641709999999998E-3	1.8663659999999999E-2
AT1G48640		1	17986303	17989163	+	159	11.3727	98	7.7783100000000003	134	6.6077399999999997	101	6.3487	1.031096177	6.9516140000000001E-3	2.0423699E-2
AT4G12790		4	7517043	7519578	-	1112	79.537499999999994	1116	88.577500000000001	1187	58.532800000000002	886	55.692500000000003	1.0309763519999999	2.9100000000000001E-6	1.8099999999999999E-5
AT1G14290	SBH2	1	4880030	4882265	-	1658	118.59099999999999	1156	91.752399999999994	1472	72.586600000000004	1111	69.835700000000003	1.030687981	2.9000000000000002E-6	1.8099999999999999E-5
AT2G42680	MBF1A	2	17774832	17776320	+	2077	148.56100000000001	2790	221.44399999999999	2561	126.28700000000001	2006	126.09399999999999	1.0306412819999999	2.5999999999999998E-5	1.3780300000000001E-4
AT4G15140		4	8639424	8640291	-	152	10.872	217	17.223400000000002	191	9.4184999999999999	155	9.7430500000000002	1.0301284310000001	3.8546769999999999E-3	1.2257285E-2
AT4G01650		4	704377	707045	-	243	17.3809	300	23.811199999999999	289	14.250999999999999	220	13.828799999999999	1.028434388	7.9971800000000004E-4	3.0831639999999998E-3
AT2G02180	TOM3	2	560695	563367	+	1430	102.283	1447	114.849	1551	76.482200000000006	1135	71.344300000000004	1.028134959	1.95E-6	1.2500000000000001E-5
AT5G23380		5	7866742	7870384	+	256	18.3108	156	12.3818	235	11.588200000000001	146	9.1773199999999999	1.027921815	2.419016E-3	8.1753050000000008E-3
AT4G21660		4	11505823	11509907	-	2010	143.768	2441	193.744	2246	110.754	1905	119.745	1.027854643	8.3999999999999992E-6	4.8399999999999997E-5
AT4G36840		4	17351267	17353091	+	117	8.3686000000000007	104	8.2545400000000004	117	5.76945	88	5.5315399999999997	1.02782734	7.899451E-3	2.2791436000000002E-2
AT4G02730	WDR5B	4	1207683	1209287	+	208	14.8775	253	20.0808	222	10.9472	206	12.9488	1.0268719509999999	1.389695E-3	5.0428060000000004E-3
AT5G40370		5	16147347	16149256	-	631	45.133200000000002	1063	84.370900000000006	828	40.829900000000002	764	48.023800000000001	1.0265123979999999	7.1910599999999996E-4	2.8063749999999998E-3
AT4G34750		4	16577180	16578452	+	220	15.735799999999999	237	18.8108	253	12.4758	176	11.0631	1.0259310690000001	9.6465299999999999E-4	3.6377340000000001E-3
AT1G28490	SYP61	1	10015856	10018047	+	771	55.146900000000002	710	56.353099999999998	792	39.054699999999997	587	36.8979	1.02579248	7.1099999999999997E-6	4.1499999999999999E-5
AT4G34740	ASE2	4	16574544	16576753	-	394	28.1814	333	26.430399999999999	340	16.765899999999998	326	20.491800000000001	1.0256233530000001	1.4292999999999999E-4	6.5035099999999997E-4
AT3G57550	AGK2	3	21306609	21309570	+	1423	101.782	1529	121.358	1427	70.367500000000007	1307	82.155900000000003	1.025268402	4.9100000000000004E-6	2.9499999999999999E-5
AT2G02710	TLP1	2	758693	761064	-	1336	95.559399999999997	1981	157.233	1640	80.870900000000006	1472	92.527500000000003	1.025009126	1.3423600000000001E-4	6.1500300000000003E-4
AT3G11900	ANT1	3	3758452	3760751	+	1372	98.134399999999999	1021	81.037300000000002	1293	63.759799999999998	924	58.081099999999999	1.024946049	3.23E-6	2.0000000000000002E-5
AT5G56540	AGP14	5	22893151	22893651	+	8684	621.13599999999997	7113	564.56299999999999	8544	421.31799999999998	6140	385.95	1.024882632	1.02E-7	7.8999999999999995E-7
AT5G58040	FIPS5	5	23488745	23494259	+	1344	96.131600000000006	1218	96.673299999999998	1232	60.751800000000003	1127	70.841399999999993	1.0248670989999999	1.9099999999999999E-6	1.2300000000000001E-5
AT4G18070		4	10030529	10033044	+	1941	138.833	1379	109.452	1855	91.472899999999996	1230	77.315799999999996	1.0240687719999999	4.4499999999999997E-6	2.6800000000000001E-5
AT3G11840	PUB24	3	3736578	3738208	-	219	15.664300000000001	137	10.873799999999999	163	8.0377799999999997	160	10.0573	1.0236675390000001	3.2326019999999998E-3	1.0522022000000001E-2
AT3G14050	RSH2	3	4650714	4654046	-	1718	122.883	1303	103.42	1666	82.153000000000006	1144	71.91	1.0232864319999999	2.2800000000000002E-6	1.45E-5
AT3G54620	BZIP25	3	20217854	20220497	-	1686	120.59399999999999	1996	158.42400000000001	1955	96.403999999999996	1505	94.601900000000001	1.0231955129999999	7.7999999999999999E-6	4.5200000000000001E-5
AT3G15340	PPI2	3	5159698	5162945	-	170	12.1595	91	7.2227199999999998	104	5.1284000000000001	129	8.1087299999999995	1.0227552289999999	1.376114E-2	3.6517525000000002E-2
AT1G54520		1	20363393	20366123	+	458	32.759099999999997	489	38.812199999999997	488	24.064	396	24.8919	1.0227201619999999	6.7299999999999996E-5	3.28203E-4
AT1G66900		1	24959250	24961616	+	420	30.0411	406	32.224400000000003	480	23.669499999999999	299	18.794699999999999	1.0224779749999999	1.49622E-4	6.78344E-4
AT5G09250	KIWI	5	2875136	2876609	-	288	20.599599999999999	367	29.129000000000001	342	16.8645	274	17.223199999999999	1.0216837059999999	5.8402900000000002E-4	2.3229560000000002E-3
AT1G23750		1	8400056	8401550	+	910	65.089100000000002	702	55.7181	921	45.415900000000001	587	36.8979	1.02144689	1.8199999999999999E-5	9.8599999999999998E-5
AT5G50380	ATEXO70F1	5	20516055	20518815	-	1072	76.676400000000001	1023	81.196100000000001	1112	54.834400000000002	845	53.115299999999998	1.0212063220000001	2.79E-6	1.7499999999999998E-5
AT3G12955		3	4135406	4136143	-	99	7.0811200000000003	83	6.5877600000000003	94	4.6352799999999998	75	4.7143800000000002	1.0194354729999999	1.4510373E-2	3.8151780000000003E-2
AT3G09030		3	2754668	2756512	+	363	25.964099999999998	317	25.160499999999999	402	19.8232	240	15.086	1.0186797620000001	3.2349400000000002E-4	1.3711649999999999E-3
AT4G37390	YDK1	4	17579618	17582022	+	1125	80.467299999999994	845	67.068100000000001	863	42.555799999999998	932	58.584000000000003	1.01726231	2.8099999999999999E-5	1.47718E-4
AT1G10140		1	3322554	3323735	-	1275	91.196299999999994	1170	92.863500000000002	1367	67.408799999999999	934	58.709699999999998	1.0166966639999999	3.14E-6	1.95E-5
AT3G16800		3	5720941	5723185	+	1882	134.613	3719	295.17899999999997	3061	150.94300000000001	2327	146.27099999999999	1.0165661070000001	1.0915219999999999E-3	4.0659449999999996E-3
AT1G54450	B''DELTA	1	20336203	20339769	-	238	17.023299999999999	144	11.429399999999999	187	9.2212499999999995	163	10.245900000000001	1.0165644979999999	2.6873330000000001E-3	8.956192E-3
AT5G52430		5	21282750	21285366	-	531	37.980600000000003	350	27.779699999999998	468	23.0778	348	21.874700000000001	1.0162643730000001	1.4166E-4	6.4496099999999999E-4
AT1G76880		1	28865314	28868225	+	1669	119.378	1217	96.593999999999994	1535	75.693200000000004	1147	72.098600000000005	1.015979081	2.4399999999999999E-6	1.5500000000000001E-5
AT2G17787		2	7731075	7733137	+	196	14.0192	173	13.7311	207	10.2075	140	8.8001699999999996	1.015429511	1.792444E-3	6.2920729999999996E-3
AT1G80520		1	30276116	30277278	+	186	13.303900000000001	215	17.064699999999998	223	10.996499999999999	157	9.8687699999999996	1.0148445509999999	1.9496069999999999E-3	6.7753500000000003E-3
AT5G04020		5	1081521	1086772	-	636	45.490900000000003	421	33.414999999999999	534	26.3324	441	27.720500000000001	1.0144098070000001	7.75E-5	3.7295399999999999E-4
AT1G48040		1	17719584	17721891	-	227	16.236499999999999	230	18.255199999999999	262	12.919600000000001	171	10.748799999999999	1.0140971750000001	1.084011E-3	4.0406340000000004E-3
AT2G30350		2	12934149	12935784	-	88	6.2943300000000004	89	7.0639799999999999	98	4.8325300000000002	69	4.3372299999999999	1.0139521119999999	1.7108818000000001E-2	4.3995772000000002E-2
AT4G17720		4	9862365	9864663	-	679	48.566499999999998	1088	86.355199999999996	899	44.331099999999999	780	49.029499999999999	1.0130108390000001	5.2377100000000002E-4	2.1111559999999999E-3
AT4G22220	ISU1	4	11759103	11761057	-	1610	115.158	1933	153.423	1945	95.910899999999998	1420	89.258899999999997	1.0127570720000001	1.3699999999999999E-5	7.6100000000000007E-5
AT1G01930		1	319769	322895	-	282	20.170500000000001	329	26.1129	306	15.0893	268	16.846	1.012120398	5.4867200000000005E-4	2.202234E-3
AT5G43060	RD21B	5	17269310	17272298	-	8483	606.75900000000001	7752	615.28099999999995	8955	441.58499999999998	6347	398.96199999999999	1.0118667720000001	1.7800000000000001E-7	1.33E-6
AT5G08230	HULK1	5	2641394	2650125	-	404	28.896699999999999	416	33.0182	408	20.1191	359	22.566199999999998	1.0118502380000001	1.2155900000000001E-4	5.6239799999999998E-4
AT3G19910	BBR	3	6926189	6929567	+	1007	72.027199999999993	1352	107.309	1307	64.450199999999995	945	59.401200000000003	1.0117642170000001	8.3800000000000004E-5	4.0030099999999999E-4
AT2G38290	AMT2	2	16039430	16042521	-	424	30.327200000000001	798	63.337699999999998	470	23.176400000000001	668	41.989400000000003	1.011412392	5.3054E-3	1.6134698999999999E-2
AT3G19680		3	6840281	6842320	+	922	65.947400000000002	552	43.8125	823	40.583399999999997	550	34.572099999999999	1.0112447739999999	1.12871E-4	5.2640599999999999E-4
AT1G50890	TOR1L1	1	18862154	18866113	-	422	30.184200000000001	283	22.4619	383	18.886299999999999	274	17.223199999999999	1.011196378	3.0020300000000003E-4	1.280128E-3
AT1G08650	PPCK1	1	2752124	2753809	+	1644	117.59	1288	102.229	1553	76.580799999999996	1187	74.612899999999996	1.00990154	1.3799999999999999E-6	9.0999999999999993E-6
AT1G07000	ATEXO70B2	1	2150158	2152541	-	829	59.295499999999997	573	45.479300000000002	751	37.033000000000001	556	34.949300000000001	1.009509693	2.8600000000000001E-5	1.5004300000000001E-4
AT2G15695		2	6833880	6836538	-	444	31.7578	522	41.431399999999996	505	24.9023	409	25.709099999999999	1.008312549	1.4603500000000001E-4	6.6354300000000005E-4
AT1G69780	ATHB-13	1	26258788	26260781	+	544	38.910400000000003	536	42.5426	595	29.340399999999999	427	26.840499999999999	1.0082438789999999	4.2400000000000001E-5	2.1518199999999999E-4
AT5G08630		5	2798010	2803205	-	563	40.269399999999997	434	34.446800000000003	548	27.0227	388	24.389099999999999	1.0082271540000001	5.4599999999999999E-5	2.7201100000000001E-4
AT1G27700		1	9639859	9641902	-	259	18.525400000000001	238	18.8902	262	12.919600000000001	205	12.885999999999999	1.0081995159999999	5.6126799999999997E-4	2.2446739999999999E-3
AT4G17790		4	9891051	9893057	+	790	56.505899999999997	972	77.148200000000003	976	48.128	705	44.315199999999997	1.0079655970000001	5.9599999999999999E-5	2.94851E-4
AT5G61960	ML1	5	24878507	24884852	-	2419	173.023	2084	165.40799999999999	2379	117.312	1846	116.03700000000001	1.0079442169999999	3.8799999999999998E-7	2.7599999999999998E-6
AT1G29330	ERD2A	1	10258248	10261232	-	1209	86.4756	1187	94.212800000000001	1241	61.195599999999999	1015	63.801299999999998	1.0055735109999999	3.14E-6	1.95E-5
AT4G25280		4	12938956	12941207	-	217	15.5213	228	18.096499999999999	252	12.426500000000001	172	10.8116	1.004568903	1.2808400000000001E-3	4.6861819999999997E-3
AT1G58220		1	21558243	21562966	-	172	12.3026	123	9.7625799999999998	140	6.9036099999999996	133	8.3601700000000001	1.0042193370000001	4.8436900000000003E-3	1.4919304E-2
AT1G08315		1	2620335	2621545	-	347	24.819700000000001	340	26.986000000000001	391	19.280799999999999	263	16.5318	1.003816504	2.6340899999999998E-4	1.136527E-3
AT2G23770	LYK4	2	10119973	10122479	-	574	41.056199999999997	452	35.875500000000002	476	23.472300000000001	474	29.794899999999998	1.0034777509999999	8.25E-5	3.9529300000000001E-4
AT5G66310	KIN7H	5	26485666	26491721	-	610	43.6312	326	25.8748	457	22.535399999999999	404	25.3948	1.0025896679999999	5.9716100000000002E-4	2.3705979999999998E-3
AT2G30070	POT1	2	12834821	12838655	+	379	27.108499999999999	250	19.842600000000001	262	12.919600000000001	312	19.611799999999999	1.002424046	1.337689E-3	4.8720860000000003E-3
AT3G63220	SKIP30	3	23357328	23359291	-	289	20.671199999999999	298	23.6524	317	15.6318	240	15.086	1.0022369099999999	4.1955300000000003E-4	1.729019E-3
AT1G76160	sks5	1	28577842	28581315	-	2801	200.346	2128	168.90100000000001	2511	123.821	2094	131.625	1.0017390900000001	7.7400000000000002E-7	5.2700000000000004E-6
AT2G38360	PRA1B4	2	16069386	16070664	-	1217	87.047799999999995	1017	80.719899999999996	1211	59.716299999999997	897	56.384	1.0017273609999999	2.9399999999999998E-6	1.8300000000000001E-5
AT2G41980	SINAT1	2	17523071	17526126	-	211	15.0921	249	19.763300000000001	267	13.1662	175	11.0002	1.001255378	1.7756930000000001E-3	6.2449130000000004E-3
AT4G22190		4	11741780	11743318	-	343	24.5336	298	23.6524	327	16.1249	275	17.286100000000001	1.0009122459999999	2.2779500000000001E-4	9.9598700000000004E-4
AT1G20260	VHA-B3	1	7016599	7020690	+	6996	500.399	5920	469.87400000000002	6941	342.27100000000002	5247	329.81799999999998	1.0008722830000001	1.36E-7	1.04E-6
